Ticker,Date,Close,High,Low,Open,Volume
VALE3,2024-10-09,51.92787551879883,52.01306099260697,51.32307327748206,51.68084251899556,22758400
VALE3,2024-10-10,52.17491149902344,52.34527920687818,51.74899385413345,52.34527920687818,17192100
VALE3,2024-10-11,52.924522399902344,53.043778809141706,51.94491061059023,51.95343078238929,20939400
VALE3,2024-10-14,52.75415802001953,53.256740954430654,52.24305816276812,53.086373252182305,44954000
VALE3,2024-10-15,52.10676193237305,52.13231920014161,51.59566206991323,52.047133723402524,25559300
VALE3,2024-10-16,53.10341262817383,53.137486819985725,52.45601923121661,52.75416028583629,29731800
VALE3,2024-10-17,51.757503509521484,52.234532374632145,51.65528419895966,51.97898247348095,20345200
VALE3,2024-10-18,51.5786247253418,52.36231486008628,51.5019594213939,52.12379877586301,21823500
VALE3,2024-10-21,51.39122009277344,52.28564641883475,51.34010881004379,52.2600891527232,19044900
VALE3,2024-10-22,51.45936965942383,51.67232848159484,51.02493509197221,51.23789391414322,14814000
VALE3,2024-10-23,50.55642318725586,51.02493519658767,50.38605872876475,51.016415023966864,18289900
VALE3,2024-10-24,50.85456466674805,50.85456466674805,50.43716396782086,50.54790345929028,11331700
VALE3,2024-10-25,52.58378982543945,53.21414934300832,51.55306994825315,51.59566106104305,38466000
VALE3,2024-10-28,53.56340408325195,53.56340408325195,52.975635651959514,53.23970576235856,16572400
VALE3,2024-10-29,53.37599563598633,54.04042607871229,53.36747871342292,53.87857855405927,14941700
VALE3,2024-10-30,53.21414566040039,53.40154719360584,52.91600139251648,53.239699676407184,12263300
VALE3,2024-10-31,52.864898681640625,53.316370340501734,52.64341968897741,53.10341152036065,16553300
VALE3,2024-11-01,52.83934020996094,53.18859253705708,52.634901566998806,52.93304260860759,15236400
VALE3,2024-11-04,53.3845100402832,53.55487772895654,52.91600133355156,53.15451739749159,12360000
VALE3,2024-11-05,52.91600036621094,53.759318622506164,52.77970686766248,53.62302512395771,16368800
VALE3,2024-11-06,52.31972122192383,52.498609099942705,51.740476222341414,52.21750189840854,19726800
VALE3,2024-11-07,54.14265060424805,54.50894002809686,52.813786421250484,52.830823516486895,38173300
VALE3,2024-11-08,51.64677429199219,52.85637883816675,50.8545672161761,52.8052708006907,48764700
VALE3,2024-11-11,49.96013641357422,50.9993731611021,49.96013641357422,50.89715384566353,24483700
VALE3,2024-11-12,48.82719802856445,49.90902922496611,48.724978704741204,49.90051230193655,26967600
VALE3,2024-11-13,48.69090270996094,49.1679316192882,48.64831159740345,48.82719621984107,20354900
VALE3,2024-11-14,48.418312072753906,48.84422966549471,48.418312072753906,48.690899072148554,17967600
VALE3,2024-11-18,49.02311706542969,49.21903877930498,48.529054319460144,48.631273637679094,14300000
VALE3,2024-11-19,49.13385772705078,49.3894076534372,48.94645293127038,49.23607704770662,12902100
VALE3,2024-11-21,49.08274459838867,49.23607519836003,48.73349228723024,48.98052528157226,15428500
VALE3,2024-11-22,49.559776306152344,49.636441610490245,48.76756924449193,48.92941677609698,12590500
VALE3,2024-11-25,49.5512580871582,49.883476585381736,49.508666971845585,49.55977825991701,17444500
VALE3,2024-11-26,48.9208984375,49.82384496807327,48.682385608459114,49.65347726897539,21406600
VALE3,2024-11-27,49.51718521118164,49.76421497014693,49.06571030791332,49.2957062210137,22121200
VALE3,2024-11-28,49.006080627441406,50.087911779025774,48.78460489341722,49.32126200787104,20467000
VALE3,2024-11-29,50.07087326049805,50.43716266556036,49.53421941079665,49.61940163311619,31023600
VALE3,2024-12-02,50.190128326416016,50.581974987267245,49.9942066207371,50.13050012249171,18972100
VALE3,2024-12-03,49.80680847167969,50.56494132980653,49.80680847167969,50.51383004461495,15957500
VALE3,2024-12-04,48.835716247558594,49.815324831456934,48.52053486667977,49.747179701465285,25109200
VALE3,2024-12-05,49.2360725402832,49.2360725402832,48.44386556636407,48.946448450361224,14160000
VALE3,2024-12-06,48.39276123046875,49.1168198858122,48.341649946170534,48.954972359774864,17897900
VALE3,2024-12-09,50.965301513671875,51.271959455723845,49.72161965357191,49.832359139295164,40440600
VALE3,2024-12-10,50.9141960144043,51.059006454917636,50.50531546240372,50.88864199537106,13089300
VALE3,2024-12-11,50.121986389160156,50.76086282856167,49.78977116059034,50.68419752585375,30138500
VALE3,2024-12-12,48.738746643066406,49.5724028677631,48.70436832321361,49.33176118578757,28841800
VALE3,2024-12-13,48.00822067260742,48.73874186614681,47.87071068517071,48.541071464112584,18532800
VALE3,2024-12-16,47.982444763183594,48.59264520623052,47.56131852818816,47.99963064514517,18958500
VALE3,2024-12-17,48.223079681396484,48.472317555305416,47.82773888184921,48.02540928162285,22987600
VALE3,2024-12-18,47.105812072753906,48.016814527445085,47.06283753708247,47.930872013095765,34658200
VALE3,2024-12-19,46.21200180053711,47.41521355800572,46.06589557202114,47.28629976890045,29529900
VALE3,2024-12-20,46.94252014160156,46.94252014160156,45.83384719995905,45.91119350143682,64919500
VALE3,2024-12-23,47.14019012451172,47.46677760120821,46.753445506722976,46.98549096599743,18587900
VALE3,2024-12-26,47.27770233154297,47.61288604297724,46.753447690421666,47.14019232627397,13155800
VALE3,2024-12-27,47.045650482177734,47.33785961356381,46.805005546714874,47.03705426385941,16635300
VALE3,2024-12-30,46.88235855102539,47.43239853778218,46.88235855102539,47.18316392274965,11250900
VALE3,2025-01-02,46.62452697753906,47.355048208645535,46.607337818413434,47.019867801937934,17623900
VALE3,2025-01-03,45.75649642944336,46.409668093404484,45.44709811759449,46.32372557500065,23608700
VALE3,2025-01-06,45.172080993652344,46.229189773947944,45.1033243517646,45.962762704378626,21689500
VALE3,2025-01-07,44.733760833740234,45.455689104190945,44.63922210046147,45.2322365988476,22070200
VALE3,2025-01-08,44.304039001464844,44.94002471842238,44.20090733440296,44.71656894820895,24423800
VALE3,2025-01-09,44.029022216796875,44.9056496463754,43.95167264129004,44.73376133652723,15865200
VALE3,2025-01-10,44.27825927734375,44.95721628542327,44.02902139663151,44.29544843585805,25833900
VALE3,2025-01-13,44.26966857910156,44.95722189142196,43.719628552042984,44.69079481897295,30845300
VALE3,2025-01-14,44.56187438964844,45.060350175604825,44.372800193679566,44.64782018644967,21379000
VALE3,2025-01-15,45.20644760131836,45.27520423037725,44.372794784206725,44.81110681971931,35137700
VALE3,2025-01-16,45.2666130065918,45.78227794593527,44.69079092792967,44.940028818020835,220262800
VALE3,2025-01-17,46.83079147338867,46.83079147338867,45.53303788579564,45.679144092453626,54658700
VALE3,2025-01-20,46.658905029296875,46.83079334107456,46.203400511311486,46.598744611949215,12317600
VALE3,2025-01-21,46.42685317993164,46.68468399102154,45.765085355086384,46.65890189346154,28798700
VALE3,2025-01-22,45.258018493652344,46.65890377088726,45.05175186938285,46.65030755235694,34645400
VALE3,2025-01-23,44.9658088684082,45.54163419932667,44.55327890283067,45.50725588257103,25097300
VALE3,2025-01-24,45.576011657714844,45.71352165354259,45.20645292920958,45.20645292920958,20520600
VALE3,2025-01-27,46.37529373168945,46.3924828925363,45.18067492006007,45.45569493661516,24531300
VALE3,2025-01-28,45.249427795410156,46.22059071365653,45.15488905787361,46.05729861695507,22932900
VALE3,2025-01-29,45.37833786010742,45.988538216189106,45.23223493477659,45.37833786010742,19220300
VALE3,2025-01-30,47.29488754272461,47.78476710049485,45.79087055134306,45.80805971037847,40562400
VALE3,2025-01-31,46.55576705932617,47.449583599872675,46.40966413480241,47.26050941981231,25477600
VALE3,2025-02-03,46.59014892578125,46.65030934381663,45.83384559090875,46.177618939897094,27216400
VALE3,2025-02-04,46.42685317993164,47.01986437328806,46.246371940018385,46.52139190898048,32648700
VALE3,2025-02-05,46.67609786987305,46.805011655001664,46.28934995749297,46.332321219202505,21674800
VALE3,2025-02-06,47.38083267211914,47.819144746624104,47.24332268026495,47.61288139809123,32789000
VALE3,2025-02-07,47.12300109863281,47.93946481814266,46.89095237634693,47.52693484913334,24395500
VALE3,2025-02-10,47.61288070678711,47.61288070678711,47.13159410303698,47.157376201605054,15566300
VALE3,2025-02-11,47.4066162109375,47.43239831066298,46.74484833050918,47.191756637233375,18198300
VALE3,2025-02-12,47.088623046875,47.518342176826046,47.01127347234394,47.27769723467565,35432600
VALE3,2025-02-13,47.148780822753906,47.269101647843506,46.521391321574846,47.14018460467802,21749900
VALE3,2025-02-14,47.84492874145508,47.96525285778013,47.26910665227858,47.45818412800672,49803200
VALE3,2025-02-17,47.58709716796875,48.059787571457946,47.50974759077984,47.8191458995355,12391400
VALE3,2025-02-18,47.90509033203125,48.102760739555,47.7074166460107,47.78476622099797,27608200
VALE3,2025-02-19,47.862117767333984,47.89649608618804,47.02846484535321,47.52693735474928,26472500
VALE3,2025-02-20,49.62397003173828,49.98493255240443,48.54107591274581,48.816095912823926,76934000
VALE3,2025-02-21,49.98493194580078,49.98493194580078,49.469270271536494,49.76147942788545,37134700
VALE3,2025-02-24,49.5294303894043,50.33730121509958,49.40051333237453,49.93336416300347,19081700
VALE3,2025-02-25,49.04814147949219,49.366132719292224,48.893442329644216,49.2458118868542,19554800
VALE3,2025-02-26,48.74734115600586,49.58099407302571,48.74734115600586,49.305974080823724,25399100
VALE3,2025-02-27,48.38637161254883,48.97938608849701,48.13713373942558,48.51528865823234,18658000
VALE3,2025-02-28,47.39802169799805,48.24886374567961,47.39802169799805,48.076975436719685,46789400
VALE3,2025-03-05,47.77617263793945,48.317619655563874,47.60428433155905,48.25745924010524,13843400
VALE3,2025-03-06,48.30043029785156,48.57545027552714,47.74179412404363,47.81914369767093,17678400
VALE3,2025-03-07,49.00517272949219,49.28878566639428,47.741797367254485,48.111356102079164,25480600
VALE3,2025-03-10,48.21207046508789,48.71213790194384,47.551262686658916,48.426384107610744,23626600
VALE3,2025-03-11,48.61390686035156,48.86394397218958,47.69413709572765,48.29243641333768,23060100
VALE3,2025-03-12,48.00667953491211,48.667487283100286,47.46196373132977,48.667487283100286,18825700
VALE3,2025-03-13,48.66748809814453,49.256855707662076,47.95310363304051,48.11384056349565,20584600
VALE3,2025-03-14,50.265926361083984,50.37308318068646,49.25685637433686,49.29257644968898,31789300
VALE3,2025-03-17,50.98923873901367,51.11425900173479,50.13197737622054,50.26592595448053,23191800
VALE3,2025-03-18,51.36429214477539,51.40001221944252,50.56060749703391,51.07853836034593,18165300
VALE3,2025-03-19,51.274993896484375,51.39108244031422,50.765994735824066,51.212485466680754,23211900
VALE3,2025-03-20,51.1142578125,51.337503166770006,50.70348377173833,50.935660847793244,17283200
VALE3,2025-03-21,51.301780700683594,51.301780700683594,50.74813320171387,50.85529001296042,30524100
VALE3,2025-03-24,51.03388977050781,52.00723965942807,50.864221119729855,51.748274228785576,18646500
VALE3,2025-03-25,51.203556060791016,51.56967831604069,50.99817073774402,51.185696023162514,15615800
VALE3,2025-03-26,51.51609802246094,51.8286435701827,51.24820427188075,51.257135993890614,29401600
VALE3,2025-03-27,51.92687225341797,52.19476600492601,51.44466145683118,51.79292367443702,15345300
VALE3,2025-03-28,51.4000129699707,52.13225747906994,51.4000129699707,51.88222035920284,31146000
VALE3,2025-03-31,50.63204574584961,50.91779951955305,50.03374644022113,50.64990578251279,20469300
VALE3,2025-04-01,51.06960678100586,51.73041453837717,50.855293145312444,50.98923831600737,12354800
VALE3,2025-04-02,50.83743667602539,51.16783887467387,50.54275114819676,51.08747040403461,13197700
VALE3,2025-04-03,48.99789047241211,50.399871055357146,48.89966196935354,50.00696044957672,32351100
VALE3,2025-04-04,47.042259216308594,47.79236370930146,46.07783769398049,47.52446997747264,45819600
VALE3,2025-04-07,46.47968292236328,47.756646644509274,45.69385830724563,46.17606909878059,35942800
VALE3,2025-04-08,43.93468475341797,47.15834809317371,43.773947831857306,46.74757406782222,46815300
VALE3,2025-04-09,46.30108642578125,46.48861511758988,43.55070535454985,43.89003925646836,56491900
VALE3,2025-04-10,47.13155746459961,47.54233149979367,45.9528222825468,46.52432983669922,38010400
VALE3,2025-04-11,47.917381286621094,48.35494366688469,46.93510311947526,46.93510311947526,22129900
VALE3,2025-04-14,48.54247283935547,49.00682360856129,48.39066421939687,48.578192915399136,19994800
VALE3,2025-04-15,48.05133056640625,48.80143508188145,47.801293456945366,48.560329694072955,17471900
VALE3,2025-04-16,46.93510437011719,47.89952252637343,46.81008411067222,47.7923657104458,23105900
VALE3,2025-04-17,47.220855712890625,47.613766288647454,46.93510194753046,47.131555532182084,23172400
VALE3,2025-04-22,48.06026077270508,48.47996313908495,47.11369922107633,47.4708931592448,16780900
VALE3,2025-04-23,48.631771087646484,49.42652406805681,48.57819437842137,49.02468512305225,18377400
VALE3,2025-04-24,49.390804290771484,49.71227474526423,48.49782285767714,48.622839713277735,19621700
VALE3,2025-04-25,48.0870475769043,48.774643671535834,47.89952229831035,48.6674868561184,26162200
VALE3,2025-04-28,48.256717681884766,48.38173453805509,47.890595428905726,48.13170082571444,12001900
VALE3,2025-04-29,48.078121185302734,48.52461190826934,48.078121185302734,48.40852336649094,11816200
VALE3,2025-04-30,47.202999114990234,47.551261328986826,46.62255982069337,46.97082203468996,18774400
VALE3,2025-05-02,47.149417877197266,47.828085658001726,46.92617252417412,47.56018850921095,17135800
VALE3,2025-05-05,47.292293548583984,47.39945376792126,47.086908237868045,47.23871684536901,12201600
VALE3,2025-05-06,47.3280143737793,47.845945222778816,47.256574226419204,47.319086058586144,12065000
VALE3,2025-05-07,47.23871612548828,47.819151975678295,47.02439909653342,47.819151975678295,11240100
VALE3,2025-05-08,47.09584045410156,47.59590785711391,47.03332862227132,47.23871734159847,15414600
VALE3,2025-05-09,47.283363342285156,47.399451872030376,46.89044936667166,47.328011728663,15558800
VALE3,2025-05-12,48.47102737426758,49.29257200095111,48.47102737426758,48.72106447271226,26482400
VALE3,2025-05-13,49.265785217285156,49.49796230310525,48.33708709336652,48.658560962068854,21187200
VALE3,2025-05-14,49.02468490600586,49.73013769049433,48.971104790563906,49.56047243460921,16297800
VALE3,2025-05-15,49.51581954956055,49.69441651171069,48.97110034790677,49.11397723633614,13955400
VALE3,2025-05-16,49.551536560058594,49.71227006895826,48.944308970158474,49.292571151272526,18163800
VALE3,2025-05-19,49.4175910949707,49.53367963144187,48.99788874450445,49.11397728097562,14475200
VALE3,2025-05-20,49.426517486572266,49.58725440575247,49.194343829119525,49.40866085684432,10499200
VALE3,2025-05-21,48.792503356933594,49.38187094716332,48.61390639488895,49.247925780470126,14486300
VALE3,2025-05-22,48.4263801574707,48.79250238949875,48.19420649593369,48.77464235300304,18476000
VALE3,2025-05-23,48.506752014160156,48.61390883418225,47.85487596547377,48.22099822313198,14747300
VALE3,2025-05-26,48.229923248291016,48.301363394401,48.042397974432795,48.167414823671606,7194500
VALE3,2025-05-27,48.078121185302734,48.40852336649094,47.88166417713219,48.2209980803939,17943000
VALE3,2025-05-28,47.69413757324219,48.033471467128074,47.49768057049976,47.988823077355825,17700600
VALE3,2025-05-29,47.7298583984375,48.11384068813572,47.622701580007764,47.97989211025816,10246100
VALE3,2025-05-30,46.52433395385742,47.676280885767355,46.47968556094819,47.64056080885836,28286100
VALE3,2025-06-02,46.93510437011719,47.10476961254042,46.667207220617456,46.95296440718075,19267700
VALE3,2025-06-03,46.90830993652344,47.00653843154505,46.31894237284728,46.37252248098278,12824900
VALE3,2025-06-04,47.12262725830078,47.62269805134256,46.98867869034832,46.98867869034832,11714700
VALE3,2025-06-05,47.24764633178711,47.91738239020771,47.211926257789116,47.328014795055736,12594000
VALE3,2025-06-06,47.31015396118164,47.74771634415261,47.06904857543687,47.46196256988925,16638900
VALE3,2025-06-09,47.58698272705078,47.58698272705078,46.98868337867529,47.229788781174015,13029200
VALE3,2025-06-10,47.90845489501953,48.10490849246387,47.426244107153444,47.5959093518676,18890600
VALE3,2025-06-11,47.48875427246094,48.05133354556035,47.319089021537465,48.05133354556035,13639700
VALE3,2025-06-12,47.17620849609375,47.363733770553374,46.85473465047516,47.238716920913625,11136800
VALE3,2025-06-13,46.551124572753906,46.89045507570269,46.399315952841924,46.497544458704866,13264900
VALE3,2025-06-16,48.069190979003906,48.26564457299357,46.71185882579815,46.71185882579815,41210000
VALE3,2025-06-17,45.908172607421875,48.12276602094517,45.881384256088275,47.89059236099549,43657300
VALE3,2025-06-18,45.756370544433594,48.122769319664,45.61349365010441,47.89059564379929,20499000
VALE3,2025-06-20,44.577632904052734,45.79208823620966,44.577632904052734,45.75637156666982,39947200
VALE3,2025-06-23,45.14020919799805,45.14020919799805,44.49726490482993,44.66693014491738,17288800
VALE3,2025-06-24,45.131282806396484,45.318808091294294,44.77408886772592,45.309879775731766,18576300
VALE3,2025-06-25,45.077701568603516,45.184858384948704,44.39903718981229,44.87231625125283,23319900
VALE3,2025-06-26,46.435035705566406,46.70292946103851,45.399177353008085,45.399177353008085,40488400
VALE3,2025-06-27,47.2119255065918,47.408382504001175,46.35466418300236,46.60469788410252,26016900
VALE3,2025-06-30,47.015472412109375,47.354802893913224,46.8279437278503,47.1404892639796,19961900
VALE3,2025-07-01,47.64949035644531,47.962032498998596,46.88152577022426,46.97082255196695,21844300
VALE3,2025-07-02,49.38187026977539,49.73906418896493,48.04239818249511,48.05132990402437,63100200
VALE3,2025-07-03,49.14970016479492,49.89980472423053,48.95324315437367,49.56047081708125,18256300
VALE3,2025-07-04,49.292572021484375,49.292572021484375,48.8907297260073,49.14076341810256,5449600
VALE3,2025-07-07,48.56925964355469,49.27471579386669,48.399594397441376,49.15862725365557,13174500
VALE3,2025-07-08,48.738929748535156,49.64083952478835,48.54247273716253,48.68534963458246,26632000
VALE3,2025-07-09,48.256717681884766,48.84608529415477,47.99775224755832,48.84608529415477,12209400
VALE3,2025-07-10,49.364009857177734,51.00709574131806,49.29257311775614,49.41758996658416,46597200
VALE3,2025-07-11,50.006961822509766,50.203418834020596,49.12290867716494,49.292577334907556,18313200
VALE3,2025-07-14,49.43545150756836,49.92659060282014,48.997889116899906,49.88194221351611,15141300
VALE3,2025-07-15,48.140628814697266,49.43545257109256,47.79236660159831,49.05147028320043,25029100
VALE3,2025-07-16,48.57819366455078,48.685350487880356,48.14063124240284,48.31029649654584,26394100
VALE3,2025-07-17,48.4888916015625,48.926454006822055,48.32815466954502,48.57819178960214,20252800
VALE3,2025-07-18,48.721065521240234,48.91751910926675,48.19420636859644,48.26564310793691,23714000
VALE3,2025-07-21,50.05160903930664,50.73920515699922,49.417593034346666,49.51582153779616,40484000
VALE3,2025-07-22,51.346431732177734,51.766134090314665,50.819572557276366,50.855292631682445,40945900
VALE3,2025-07-23,51.274993896484375,51.70362799578626,50.89994331766265,51.301785656724455,17914800
VALE3,2025-07-24,50.4802360534668,51.15890380627955,50.26592243101806,50.84635828106586,21651200
VALE3,2025-07-25,49.73906707763672,50.25699454344194,49.35508478446639,50.16769776168534,21918900
VALE3,2025-07-28,49.25685501098633,49.399731901986314,48.79250426362291,49.06039800844117,19175100
VALE3,2025-07-29,48.953243255615234,49.73906789247151,48.9085948640055,49.605119311188375,14648700
VALE3,2025-07-30,48.078121185302734,48.83715405176442,47.6227021467165,48.50675187057622,35607800
VALE3,2025-07-31,47.73878479003906,47.88166167767194,46.76543492852333,47.33694247905482,20790000
VALE3,2025-08-01,47.99774932861328,49.02467928148135,47.83701240718256,48.435311705053266,40510900
VALE3,2025-08-04,48.38173294067383,48.57818994042885,48.051330773638895,48.56925821873794,16198100
VALE3,2025-08-05,48.3192253112793,49.08718987957881,48.3192253112793,48.372802016493075,21037600
VALE3,2025-08-06,48.0156135559082,48.76571811923707,47.97989347992732,48.67641792928487,17954300
VALE3,2025-08-07,48.36387252807617,48.65855802541971,48.131698862722175,48.31029241770815,20298800
VALE3,2025-08-08,49.462242126464844,49.73906760316132,48.390663701794445,48.399595423936795,24205600
VALE3,2025-08-11,49.408660888671875,49.99802845722773,49.38186913115552,49.54260605043926,22304000
VALE3,2025-08-12,49.92658996582031,50.158763631111256,49.739064689263735,49.96231003938929,25851300
VALE3,2025-08-13,49.996273040771484,50.37524261481594,49.8576241736386,50.1903786339678,19720000
VALE3,2025-08-14,49.37697982788086,49.552602198493716,49.062715640441446,49.49714194577589,42823200
VALE3,2025-08-15,49.284549713134766,49.52487394947972,48.98876874993114,49.41395344378795,34201900
VALE3,2025-08-18,49.17363357543945,49.6450333917461,49.01649795267906,49.08119981911355,12733400
VALE3,2025-08-19,49.21060562133789,49.617303559171795,48.98876813870938,49.46016794106261,17724400
VALE3,2025-08-20,48.988765716552734,49.23833154992531,48.859361993912216,48.89633549352008,9687300
VALE3,2025-08-21,49.40471267700195,49.478656156075,48.9425544733368,49.00725633977094,10813800
VALE3,2025-08-22,50.64329528808594,50.73572551565758,49.2753074693001,49.3862244475835,20706700
VALE3,2025-08-25,50.76345443725586,51.207129407245326,50.59708073099382,50.99453353471457,10397400
VALE3,2025-08-26,51.21636962890625,51.21636962890625,50.541619105768426,50.67102283267334,18891500
VALE3,2025-08-27,51.18864059448242,51.32728593178077,50.94831636825264,51.04075011910527,8789100
VALE3,2025-08-28,51.20712661743164,51.937333845868494,51.14242475574719,51.76171501072315,22059500
VALE3,2025-08-29,51.35502243041992,51.60458829114617,51.253347058347664,51.29032056200801,13885400
VALE3,2025-09-01,51.391990661621094,51.391990661621094,50.66178338207478,50.966805961938476,7765400
VALE3,2025-09-02,51.19788360595703,51.355019223707934,50.87437428409805,50.93907614846985,9578500
VALE3,2025-09-03,51.391990661621094,51.59534139885506,51.05923971794813,51.19788506298172,11832100
VALE3,2025-09-04,51.4936637878418,51.90960685680399,51.345773310653804,51.6230675146329,8442100
VALE3,2025-09-05,51.96506881713867,52.38100837379411,51.78020483307669,51.94658206613375,14014700
VALE3,2025-09-08,52.0944709777832,52.3347916816282,51.97430886286715,51.97430886286715,9701900
VALE3,2025-09-09,51.93733596801758,53.166678442226704,51.80793223936128,52.44571279629182,24300300
VALE3,2025-09-10,52.297821044921875,52.73224733398892,52.02052331770354,52.1961456817401,13463700
VALE3,2025-09-11,52.70452117919922,52.93560027756857,52.048257386067206,52.177661116996084,14107200
VALE3,2025-09-12,52.68603515625,53.08349149301648,52.40874093957245,52.40874093957245,12303800
VALE3,2025-09-15,53.148189544677734,53.194404656475704,52.66754462480743,53.129702794761144,12457500
VALE3,2025-09-16,53.33305358886719,53.665808035834836,52.86165028033402,53.397755450667894,15618500
VALE3,2025-09-17,53.42548370361328,53.62883442656474,53.01878578369738,53.18516300684185,23116700
VALE3,2025-09-18,53.32381057739258,53.68429692664131,53.05576150752319,53.46245944448726,17700400
VALE3,2025-09-19,53.536399841308594,53.7859656721294,53.194403788400216,53.58261847833934,25374600
VALE3,2025-09-22,53.6103515625,54.017049511894584,53.434732714667916,53.44397432729602,21947300
VALE3,2025-09-23,53.305320739746094,53.97082962168076,53.29607912793565,53.61034681929513,17652400
VALE3,2025-09-24,53.508670806884766,53.73974988518431,53.30532008966535,53.56413105503194,13005700
VALE3,2025-09-25,53.8044548034668,54.11872250885776,53.64732271376487,53.78596805303355,13631100
VALE3,2025-09-26,52.769222259521484,53.5548897718926,52.260848955870344,53.370029316737394,29037000
VALE3,2025-09-29,52.94483947753906,53.37926929099375,52.80619414042742,53.148190203153945,15580200
VALE3,2025-09-30,53.222137451171875,53.4069979015135,52.7692208854659,53.30532253823336,18280700
VALE3,2025-10-01,53.896888732910156,54.22963966384172,53.38851190929152,53.38851190929152,18278300
VALE3,2025-10-02,54.25736999511719,54.405260468837284,53.68429485020019,53.9431022977136,14824500
VALE3,2025-10-03,54.155696868896484,54.64558342219459,54.07250825362066,54.257372234898845,19240200
VALE3,2025-10-06,55.080013275146484,55.431254487141146,54.349802488047935,54.35904762640912,26102900
VALE3,2025-10-07,54.303585052490234,55.10773928216138,54.303585052490234,54.996822308479466,26072300
VALE3,2025-10-08,54.71953201293945,54.89515086095685,54.432992657344165,54.64558500788753,24609500
VALE3,2025-10-09,54.6363410949707,55.81022330584304,54.6363410949707,55.32957837120331,18184600
VALE3,2025-10-10,54.41450119018555,55.274115656484646,54.41450119018555,55.061523324365844,22970400
VALE3,2025-10-13,55.2279052734375,55.514444628730416,55.04304128699005,55.15395826846361,23294500
VALE3,2025-10-14,55.2279052734375,55.579146495088935,54.738018706440926,54.81196218542755,19329000
VALE3,2025-10-15,56.2538948059082,56.36481178295993,54.959850478351825,54.987582367105105,45104600
VALE3,2025-10-16,55.73627471923828,56.31859500199383,55.523682383689724,56.02281405462305,21358500
VALE3,2025-10-17,55.57914352416992,55.736275612359215,55.27411743393835,55.36655118521477,17325300
VALE3,2025-10-20,56.290870666503906,56.70681022937991,55.58838822175985,55.58838822175985,17798400
VALE3,2025-10-21,56.19843673706055,56.42951583838562,55.98584438695995,56.05979139185786,13432700
VALE3,2025-10-22,57.19670104980469,57.52945552512151,56.54967885068722,56.57740721496785,25267300
VALE3,2025-10-23,57.085777282714844,57.80674644675001,57.002588668633365,57.51096549134634,11217700
VALE3,2025-10-24,57.05805206298828,57.42778004060243,56.688327611361444,57.29837630623367,11127600
VALE3,2025-10-27,56.993350982666016,57.45550919807069,56.753030262090014,57.3630789653847,12018100
VALE3,2025-10-28,57.49247741699219,57.80674511562025,56.91940226984231,56.99334574399695,15797400
VALE3,2025-10-29,58.536956787109375,58.86970771497023,57.96387810504364,58.06555346882908,30844900
VALE3,2025-10-30,58.980628967285156,59.1562478086116,58.16722957264035,58.33360680168104,25586000
VALE3,2025-10-31,60.32088851928711,60.58894111388402,59.036085798077266,59.41505537023639,38988400
VALE3,2025-11-03,60.404075622558594,60.44104912497485,59.75705696021042,60.17299652143789,16985400
VALE3,2025-11-04,59.72932815551758,60.08981098644713,59.183977813871294,59.94191697787374,22055700
VALE3,2025-11-05,60.75531768798828,61.162012092667915,59.618405457785116,59.729325960138226,22505400
VALE3,2025-11-06,60.542724609375,61.051101453602314,60.32089064642787,60.78304884955287,15939100
VALE3,2025-11-07,59.87721252441406,59.951159525505005,59.17473011799846,59.94191438737509,20800300
VALE3,2025-11-10,60.2746696472168,60.579695741819734,59.997378967374885,60.13602078130871,12689400
VALE3,2025-11-11,60.11753845214844,60.690617148849135,59.85873099298501,60.27467054492989,25496500
VALE3,2025-11-12,60.78304672241211,60.95866203811116,60.320888535460625,60.320888535460625,26550300
VALE3,2025-11-13,60.69985580444336,61.420821462294576,60.3671013389775,60.78304794679704,19058500
VALE3,2025-11-14,60.33012771606445,60.579697090650626,59.72008256524994,59.94191652445755,16374400
VALE3,2025-11-17,60.283912658691406,60.79228241312041,59.99737685070462,60.63515032822276,20150800
VALE3,2025-11-18,60.09904479980469,60.348614158533636,59.433542964466746,59.57218477267842,22468700
VALE3,2025-11-19,60.03434371948242,60.32088658145271,59.80326463349215,60.09904558148073,16523800
VALE3,2025-11-21,60.228458404541016,60.330126718016174,59.27640661424385,59.664624851402834,20272600
VALE3,2025-11-24,60.16374969482422,60.561206019679375,59.87721387410573,60.089809744040764,20462800
VALE3,2025-11-25,60.635154724121094,60.92169760485554,60.22846030148836,60.22846030148836,18275300
VALE3,2025-11-26,61.54098892211914,61.82752475562228,60.93093670010965,60.99563856741599,33408500
VALE3,2025-11-27,61.309906005859375,61.605686959726185,61.13428364038483,61.46703809498176,9739100
VALE3,2025-11-28,62.29892349243164,62.67788952946496,61.966169041782116,62.576214166656825,46007200
VALE3,2025-12-01,62.779563903808594,62.97366948830227,62.39135273482125,62.6686504566545,15657000
VALE3,2025-12-02,63.29718780517578,63.519021758318,62.6316788937749,62.945943073061855,22567200
VALE3,2025-12-03,65.33992767333984,65.7188937250973,63.61145349041851,63.648426992146575,42361200
VALE3,2025-12-04,66.4768295288086,66.91125933724128,65.33992437888489,65.34916246487033,38019900
VALE3,2025-12-05,64.90550231933594,66.85581059515802,64.6282045632383,66.51381096956757,40196800
VALE3,2025-12-08,64.46182250976562,65.49705939637482,64.23074341425259,65.09035793164009,20860900
VALE3,2025-12-09,64.4988021850586,65.09960930129616,63.68540622970583,63.87026670302123,23081300
VALE3,2025-12-10,65.68191528320312,65.94996786158961,64.93322132245133,64.93322132245133,24454800
VALE3,2025-12-11,66.55078125,66.89278085902333,65.13657827675343,65.38614060357213,25687700
VALE3,2025-12-12,66.73731231689453,67.09721595538872,65.87160517944477,65.90078515153705,36483700
VALE3,2025-12-15,67.1458511352539,67.4960256654397,66.63031847168956,66.77622576279249,16841700
VALE3,2025-12-16,67.39875793457031,68.11855785134482,67.36957796000765,67.4376670410383,21953000
VALE3,2025-12-17,68.25473022460938,68.83835192982464,67.54465949996245,67.73919759465001,29375000
VALE3,2025-12-18,68.42981719970703,69.17880444562543,68.3909080966974,68.67299352765279,18430200
VALE3,2025-12-19,68.91617584228516,68.99399405506442,68.45900311864852,68.57573043781741,37147100
VALE3,2025-12-22,70.92967224121094,71.36739410078732,68.87726336190397,69.0912597259876,27853000
VALE3,2025-12-23,70.91022491455078,71.52302664295073,70.5989594844051,71.23121947658785,17140900
VALE3,2025-12-26,71.12422180175781,71.34793988879946,70.6378690998285,70.87131631883165,16368800
VALE3,2025-12-29,70.1515121459961,71.72729005520061,69.74297026106082,71.19230656819585,19963700
VALE3,2025-12-30,69.99588012695312,70.85185821263912,69.9472493093439,70.52114193674451,17085400
VALE3,2026-01-02,70.40441131591797,70.5697768672664,69.69434055865366,70.35578050058852,28418900
VALE3,2026-01-05,71.12422180175781,71.4938471836089,70.32660366743987,70.42387272359508,24958100
VALE3,2026-01-06,73.79915618896484,73.9158760792331,70.89076190390179,71.44520364613423,39536600
VALE3,2026-01-07,74.23686981201172,75.22902597426004,73.5559790556798,74.02287345397806,41501600
VALE3,2026-01-08,73.51707458496094,73.73107095647953,72.16501469707872,73.73107095647953,31894900
VALE3,2026-01-09,72.68054962158203,73.6435259021957,72.17473865115127,72.85563689270755,24801200
VALE3,2026-01-12,72.69999694824219,73.41007513044943,72.47627886999611,72.95290242122528,13129800
VALE3,2026-01-13,73.29335021972656,73.97424845069018,72.25255574121458,72.4373721415145,24539200
VALE3,2026-01-14,76.76590728759766,76.93126542215286,73.5754348086713,73.76997291742413,44225300
VALE3,2026-01-15,76.69781494140625,77.46625305421793,76.36709868637868,76.74645317709987,35503900
VALE3,2026-01-16,76.72699737548828,76.72699737548828,75.45275570789285,76.2503738192443,45910100
VALE3,2026-01-19,76.42546081542969,76.50327902630127,75.74457002318589,76.37682257834668,10678500
VALE3,2026-01-20,77.89424896240234,78.0206979907569,75.29712736717866,75.70566184754242,31198500
VALE3,2026-01-21,80.2481918334961,80.54000640862452,78.30278112238103,78.77940466868141,83134600
VALE3,2026-01-22,80.71509552001953,82.0963353755021,79.83965919571611,80.24819367334001,62515300
VALE3,2026-01-23,82.69940948486328,83.39975855721748,81.40571694853739,81.46407689751584,25432600
VALE3,2026-01-26,80.8026351928711,83.78884039684876,79.93692800293691,83.22466949835254,35741300
VALE3,2026-01-27,82.58268737792969,83.77911082690436,81.07499108632085,81.30843829714344,30922500
VALE3,2026-01-28,84.59618377685547,85.10198728338366,82.67995308847922,82.96203852484882,28473800
VALE3,2026-01-29,85.02417755126953,87.05712815496966,84.4405484088391,85.59807014119922,42013200
VALE3,2026-01-30,82.01851654052734,85.50080354785878,81.70725111882557,83.33166730642073,41681400
VALE3,2026-02-02,82.50486755371094,83.50675287759827,81.74615856751093,82.11578392918064,22289400
VALE3,2026-02-03,86.56105041503906,86.57077954684361,84.06119786429656,84.06119786429656,37709700
VALE3,2026-02-04,86.98904418945312,87.14467319440085,85.1603607096862,86.09415700283229,51744400
VALE3,2026-02-05,84.09037780761719,86.50269043469063,83.8861105667157,85.58834499538126,57049000
VALE3,2026-02-06,83.29275512695312,85.17007671950444,82.87449153624523,84.05147152168001,28889600
VALE3,2026-02-09,84.9269027709961,85.28680642650686,82.32005210431089,84.28492109115467,26531100
VALE3,2026-02-10,84.67400360107422,85.34516524551742,83.8958363533932,84.35300905481934,14177200
VALE3,2026-02-11,87.63101959228516,87.85474508342786,86.06497083889711,86.2303289638728,28395300
VALE3,2026-02-12,86.79450225830078,89.119267467514,86.64859497054056,87.39757483001871,51472200
VALE3,2026-02-13,84.65454864501953,85.73425221830468,83.67211412620583,85.17981044454905,28644800
VALE3,2026-02-18,81.62943267822266,82.82586354582905,81.2792581521502,82.77722530898171,20898700
VALE3,2026-02-19,81.18199157714844,82.04769878714946,80.08283714969237,80.7637279594168,28410900
VALE3,2026-02-20,84.4405517578125,84.4405517578125,81.14308110960346,81.51271390395634,40577200
VALE3,2026-02-23,85.00472259521484,85.90933889578776,84.06119718888951,84.4405516935343,21193900
VALE3,2026-02-24,85.33544158935547,86.28868865381735,85.0144470504202,85.0144470504202,19760700
VALE3,2026-02-25,87.5143051147461,87.86447964879457,86.09415613606198,86.59995967349136,28707500
VALE3,2026-02-26,86.7750473022461,86.94040543813797,84.66427837848772,86.51242011119153,24503100
VALE3,2026-02-27,86.05524444580078,87.05712977990574,85.85097721059859,86.70695525637254,17328300
VALE3,2026-03-02,85.75370788574219,86.72641324331465,84.90745155303908,85.52025325669469,13952600
VALE3,2026-03-03,82.17415618896484,82.98149603807671,80.29683445340352,82.92313608832613,36088800
VALE3,2026-03-04,81.79479217529297,83.29275935713433,81.2987177727021,83.0593121429061,17605800
VALE3,2026-03-05,79.07122039794922,81.99906563883562,78.35142050225312,81.8337000859009,37872100
VALE3,2026-03-06,76.7075424194336,78.9836693147015,76.26009886107715,78.69186217028782,29504600
VALE3,2026-03-09,77.09662628173828,77.91369519411445,74.46059573659228,75.59865918789595,30576600
VALE3,2026-03-10,78.36114501953125,78.7794086403539,77.49543780313256,77.97206879461525,17172800
VALE3,2026-03-11,77.67052459716797,78.73077734068518,76.64918838128798,77.6121646480186,20865000
VALE3,2026-03-12,77.0771713256836,77.59270398362864,75.54030248345678,77.59270398362864,29136500
VALE3,2026-03-13,76.16283416748047,78.29305390175858,75.89047042750848,77.13553954677829,14416400
VALE3,2026-03-16,76.6880874633789,78.01096735431524,76.65890748979477,77.22307838293146,13591400
VALE3,2026-03-17,76.80481719970703,77.53434624691681,76.48382263785795,76.94099536149393,14222300
VALE3,2026-03-18,75.02476501464844,76.52273222486589,74.9469542225338,76.50328138212555,19412200
VALE3,2026-03-19,74.53840637207031,74.6162245791354,72.0385539840375,72.14555216346383,27262900
VALE3,2026-03-20,73.4878921508789,74.60649736630313,72.67081579799151,74.12987382279132,44208900
VALE3,2026-03-23,75.37493896484375,76.27955527885045,73.89643003006076,74.47032265083705,23384500
VALE3,2026-03-24,75.9682846069336,76.26982830489568,74.47031751178076,74.87885938947896,15700300
VALE3,2026-03-25,77.37871551513672,78.05960630887125,76.84372459066454,77.03826269711638,18658300
VALE3,2026-03-26,76.75618743896484,77.4176199932311,75.88075108603401,75.9974709856559,13518900
VALE3,2026-03-27,76.8437271118164,77.73861430470001,76.0363798433623,76.32819443376722,11101700
VALE3,2026-03-30,77.330078125,78.8474961511744,77.12581088464215,78.0596071639151,18776700
VALE3,2026-03-31,80.22874450683594,80.48164256713127,78.39032447682295,78.53623177077995,24956400
VALE3,2026-04-01,80.73454284667969,81.74615728614027,80.32600838684544,81.03607912591647,28514000
VALE3,2026-04-02,81.26953887939453,81.48352783294365,79.13931168541612,79.28521897918165,14019800
VALE3,2026-04-06,80.82208251953125,81.92124429485193,80.54000450370579,81.74615703814659,8680700
VALE3,2026-04-07,81.40571594238281,81.41543765299025,80.34546321507516,80.78318509046301,15312500
VALE3,2026-04-08,83.25384521484375,84.35300698176675,82.41732546270126,84.13901062285599,24942400
VALE3,2026-04-09,82.37841796875,83.20521602702604,81.96015437392997,83.03012876823735,17973100
VALE3,2026-04-10,83.25384521484375,84.0320124434006,82.27141817970276,82.6799526351764,24002400
VALE3,2026-04-13,84.97554016113281,84.97554016113281,82.60213672701688,82.78695311870217,24661900
VALE3,2026-04-14,85.88988494873047,86.12333215365325,84.80045229050275,85.1117177041174,18528400
VALE3,2026-04-15,86.02606201171875,86.64859283104832,85.49107111019204,85.74397657465491,24527300
VALE3,2026-04-16,85.05335998535156,86.95013248967896,84.72263630032731,86.46377980434855,13618900
VALE3,2026-04-17,87.30030822753906,87.30030822753906,85.40353569690616,85.79261191364398,30119000
VALE3,2026-04-20,86.30815124511719,86.9987711712774,85.62725302948309,86.37624032456529,16067700
VALE3,2026-04-22,84.83936309814453,86.30815027679252,84.83936309814453,85.54943385854347,13222100
VALE3,2026-04-23,83.62348175048828,84.79072522468991,83.37057627665514,84.27519256656497,12637500
VALE3,2026-04-24,83.52621459960938,84.61563988802817,83.40948728107028,83.62348365448203,11436400
VALE3,2026-04-27,83.16630554199219,83.94447277283449,82.5729546982343,83.79856548940747,8656600
VALE3,2026-04-28,82.08660888671875,82.97177437122303,81.75589260975231,82.38814518879443,13687500
VALE3,2026-04-29,77.27171325683594,80.6470019160327,77.08689687064219,80.54000373677871,43296200
VALE3,2026-04-30,78.96421813964844,79.47002164051838,78.0206927922798,78.8183108574822,17593900
VALE3,2026-05-04,76.51300811767578,79.13930965340869,76.50327898603369,78.9642223896163,18555600
VALE3,2026-05-05,76.25037384033203,77.25225919035084,75.84183936343848,77.25225919035084,16295600
VALE3,2026-05-06,79.01286315917969,79.41166851545128,77.91370130413776,78.15687765491295,17424200
VALE3,2026-05-07,77.884521484375,79.44084864820171,77.42734875662362,79.07122326590327,18912100
VALE3,2026-05-08,78.59459686279297,79.55757310114969,78.16660412523308,78.37087136239039,16782600
VALE3,2026-05-11,81.17225646972656,81.63915829141877,78.97394777664368,79.16848587334303,24868900
VALE3,2026-05-12,80.97772216796875,81.69752206487229,79.5089349792515,80.88045311506065,16503000
VALE3,2026-05-13,81.99906158447266,82.72859057571831,80.74427082899182,81.21116522754355,31641800
VALE3,2026-05-14,80.60809326171875,83.0787656871776,80.37463863959867,82.67995294025366,31954300
VALE3,2026-05-15,81.22090148925781,81.22090148925781,78.04987978432914,78.44869256337608,36318900
VALE3,2026-05-18,79.59648132324219,81.31816654369356,78.84749404082355,80.73454481241274,22668800
VALE3,2026-05-19,78.80858612060547,79.06149159571837,77.98178803709939,78.5945971721363,20334400
VALE3,2026-05-20,79.7618408203125,79.9661080587042,78.6432281538458,79.22684989512966,15669300
VALE3,2026-05-21,80.37464141845703,80.61781775904178,79.00313071655857,79.1393088735938,15156600
VALE3,2026-05-22,80.83181762695312,80.87072673367018,79.61593587136973,80.0828377308212,11443900
VALE3,2026-05-25,81.30844116210938,81.30844116210938,80.19955759518841,80.57891210907435,7059500
VALE3,2026-05-26,80.8026351928711,81.82397880493654,80.05365531953535,80.95827161500236,10409000
VALE3,2026-05-27,81.17225646972656,81.64888742259954,80.2579185098564,81.39598195996824,10613200
VALE3,2026-05-28,81.66834259033203,81.7558899332916,79.99528815393495,80.88045360946137,12798900
VALE3,2026-05-29,80.55945587158203,81.97960477585058,80.13146314769327,81.71697759965242,20839400
VALE3,2026-06-01,79.47002410888672,80.00501501972903,78.38059886666655,79.88828770613992,16605900
VALE3,2026-06-02,82.6799545288086,82.7577727376771,79.8007475910496,79.9758348504273,18457400
VALE3,2026-06-03,79.55757141113281,81.50298210976575,79.55757141113281,81.32789485004268,19308800
VALE3,2026-06-05,76.55191040039062,78.58486850260371,76.19201415950326,78.58486850260371,23008500
VALE3,2026-06-08,75.9391098022461,77.11608243828516,75.20958075684685,76.76590790280126,15671500
VALE3,2026-06-09,76.35736846923828,76.63945390571392,74.73295234784834,76.63945390571392,17523500
VALE3,2026-06-10,75.5792007446289,76.01692259334227,75.09284808238252,75.79319710340175,12469100
VALE3,2026-06-11,76.64918518066406,76.89236152016979,74.99558161933341,75.98774524036239,17725500
VALE3,2026-06-12,77.00907897949219,77.62188808521482,75.99746454858514,76.51300460581055,12112600
VALE3,2026-06-15,78.94477081298828,80.48163964625257,78.44868899999983,78.57513802555835,22329400
VALE3,2026-06-16,79.21712493896484,79.94665394096812,78.40004859772174,78.53622675107012,19713900
VALE3,2026-06-17,77.60243225097656,79.11985023424026,77.09662873027298,78.15687400802699,20268200
VALE3,2026-06-18,77.75807189941406,78.18605722819677,76.72699913103682,77.33007914947811,19651900
VALE3,2026-06-19,78.54595947265625,78.85722489755935,77.33007774707333,77.5051650124034,26305900
VALE3,2026-06-22,78.70159149169922,79.35330227906647,77.9234242624096,78.35141698063416,18089300
VALE3,2026-06-23,77.21334838867188,77.79697753844596,76.66863576477918,77.30089572959916,18415100
VALE3,2026-06-24,75.60839080810547,76.707545191982,75.05394905041157,76.4157306158682,22558900
VALE3,2026-06-25,76.51300811767578,77.0577207511841,75.30684811326013,76.06555711597618,13882800
VALE3,2026-06-26,76.01692199707031,76.7269927225348,75.78347479894595,76.04610196919178,25251100
VALE3,2026-06-29,75.99746704101562,76.41573064230857,75.04421994486617,76.21146340741942,11791900
VALE3,2026-06-30,75.75428771972656,76.15310046344699,75.14148603917735,75.968284077708,11289500
VALE3,2026-07-01,75.84183502197266,76.76590210792816,74.93721877711877,74.9858495904491,15414700
VALE3,2026-07-02,76.1044692993164,77.15499292455756,75.59866575076697,76.45464384106346,17199300
VALE3,2026-07-03,76.6880874633789,76.88263298919483,75.88074764999004,76.28928212247399,7793500
VALE3,2026-07-06,75.666748046875,76.6297242397425,75.38466261236782,76.15310070889028,12389100
VALE3,2026-07-07,74.12014770507812,75.4819367344919,73.721342354417,75.4819367344919,16866100
VALE3,2026-07-08,70.7156753540039,73.16689697027054,70.37522996873155,73.16689697027054,29276700
VALE3,2026-07-09,71.15339660644531,71.48411285757365,69.96669491257964,71.40630207099522,18980500
VALE3,2026-07-10,72.15528106689453,72.62218288665875,71.12421580057075,71.98019381212704,22142400
VALE3,2026-07-13,70.86158752441406,72.15528749878527,70.47250387678659,72.15528749878527,16237900
VALE3,2026-07-14,71.98992919921875,72.65136917235837,71.18258193090138,71.4160291504938,14780100
VALE3,2026-07-15,72.47628021240234,72.95290377245954,71.78566028056143,71.97046925706753,15456000
VALE3,2026-07-16,70.988037109375,72.05801147097176,70.56004439627526,71.83428598335527,12989700
VALE3,2026-07-17,70.94913482666016,71.12422209692747,70.13205842502829,70.98804393351438,13491600
VALE3,2026-07-20,69.9666976928711,71.25066848684595,69.75270132368311,71.00749214388743,13137000
VALE3,2026-07-21,70.39469146728516,70.97831321474447,69.61652418990396,70.36550407193201,12581400
VALE3,2026-07-22,73.0501708984375,73.19607818636183,71.33820739050807,71.60084199300246,17992800
VALE3,2026-07-23,73.61434173583984,74.96640158876761,72.47627824889828,72.50545822223222,15826900
VALE3,2026-07-24,73.18634796142578,73.46843340155758,72.79726433982495,73.10853717402787,8637800
VALE3,2026-07-27,73.62406921386719,73.6532491865458,72.21364202479434,72.33036933666156,10921700
VALE3,2026-07-28,73.62406921386719,74.16878182694208,72.95290015764795,74.02287454239622,12270800
VALE3,2026-07-29,73.00154113769531,74.12014637858259,72.57354839924263,73.93533740428506,12265200
VALE3,2026-07-30,74.01314544677734,74.47031814203663,72.57354570548506,73.90615468728846,16732800
VALE3,2026-07-31,74.19796752929688,74.83022753038442,73.18635301178746,73.63379661010163,17353300
VALE3,2026-08-03,72.60272979736328,74.39251157597096,71.93156070274125,74.29523509993928,23582200
VALE3,2026-08-04,74.22714233398438,74.81077147658415,73.73106795238851,74.03260423388633,19784000
VALE3,2026-08-05,74.56759643554688,74.8496744592407,73.24471655268408,74.22714362273503,15107500
VALE3,2026-08-06,73.33226013183594,74.460601967522,73.32253099983083,74.40223459664467,21991700
VALE3,2026-08-07,72.92372131347656,74.05205566104325,72.48599945306519,73.8380667177043,13038800
VALE3,2026-08-10,73.8575210571289,74.24660469998082,72.66109015406109,72.85563568606365,15094700
VALE3,2026-08-11,72.36927795410156,74.606495757871,71.69810890239437,74.22714127329373,36211800
VALE3,2026-08-12,73.18000030517578,73.54000091552734,72.66000366210938,73.11000061035156,24930300
VALE3,2026-08-13,71.9000015258789,73.19999694824219,71.5,72.19999694824219,19535200
VALE3,2026-08-14,71.30000305175781,71.9800033569336,71.08999633789062,71.55000305175781,22933800
VALE3,2026-08-17,71.41000366210938,71.80000305175781,70.69000244140625,71.19999694824219,10007400
VALE3,2026-08-18,71.55000305175781,72.70999908447266,70.8499984741211,70.98999786376953,12466800
VALE3,2026-08-19,72.12999725341797,73.8499984741211,71.76000213623047,72.5999984741211,18624200
VALE3,2026-08-20,74.0199966430664,74.0999984741211,71.25,71.48999786376953,24999800
VALE3,2026-08-21,75.02999877929688,75.80999755859375,74.51000213623047,74.80000305175781,28372500
VALE3,2026-08-24,77.12999725341797,78.36000061035156,74.70999908447266,74.70999908447266,28776400
VALE3,2026-08-25,78.69999694824219,78.76000213623047,76.88999938964844,77.0999984741211,18033600
VALE3,2026-08-26,78.44999694824219,79.58000183105469,78.20999908447266,79.0,13673700
VALE3,2026-08-27,79.11000061035156,79.30000305175781,77.87999725341797,78.06999969482422,11544100
VALE3,2026-08-28,78.58000183105469,79.4800033569336,77.76000213623047,79.19000244140625,13040900
VALE3,2026-08-31,77.8499984741211,79.69999694824219,77.8499984741211,79.20999908447266,28004000
VALE3,2026-09-01,78.30000305175781,78.97000122070312,77.3499984741211,77.87000274658203,15755000
VALE3,2026-09-02,80.80000305175781,81.76000213623047,78.5199966430664,78.80000305175781,32989800
VALE3,2026-09-03,78.44999694824219,81.98999786376953,77.66000366210938,81.30999755859375,32356700
VALE3,2026-09-04,78.62000274658203,79.7300033569336,77.55000305175781,78.19999694824219,13868300
VALE3,2026-09-08,79.0199966430664,81.08999633789062,79.0199966430664,79.5999984741211,17890200
VALE3,2026-09-09,79.0999984741211,80.04000091552734,78.36000061035156,78.5,19118100
VALE3,2026-09-10,78.2300033569336,78.6500015258789,77.18000030517578,77.77999877929688,20768000
VALE3,2026-09-11,78.19999694824219,78.63999938964844,77.4000015258789,78.20999908447266,12231700
VALE3,2026-09-14,75.4800033569336,76.88999938964844,75.4000015258789,76.5,18635500
VALE3,2026-09-15,74.5999984741211,75.94000244140625,74.5999984741211,75.83999633789062,18100600
VALE3,2026-09-16,73.0,75.45999908447266,72.41000366210938,75.05999755859375,51929300
VALE3,2026-09-17,74.51000213623047,74.91000366210938,72.95999908447266,73.69999694824219,18802500
VALE3,2026-09-18,73.37000274658203,74.48999786376953,72.94000244140625,74.13999938964844,30622900
VALE3,2026-09-21,72.55000305175781,74.04000091552734,72.41999816894531,73.9800033569336,13471700
VALE3,2026-09-22,72.83000183105469,72.88999938964844,71.77999877929688,72.4000015258789,19696900
VALE3,2026-09-23,71.4800033569336,72.5,71.44000244140625,72.30000305175781,17696300
VALE3,2026-09-24,70.66000366210938,71.86000061035156,70.51000213623047,71.5199966430664,14430100
VALE3,2026-09-25,70.7699966430664,71.19999694824219,69.94000244140625,70.68000030517578,11387000
VALE3,2026-09-28,71.16000366210938,71.44000244140625,69.80000305175781,70.27999877929688,14403900
VALE3,2026-09-29,69.61000061035156,71.58999633789062,69.29000091552734,70.98999786376953,29094800
VALE3,2026-09-30,69.91000366210938,70.87999725341797,69.48999786376953,70.52999877929688,23972000
VALE3,2026-10-01,70.37999725341797,70.4000015258789,68.66999816894531,69.56999969482422,26580100
VALE3,2026-10-02,72.0999984741211,72.0999984741211,70.12999725341797,71.20999908447266,32540400
VALE3,2026-10-05,71.4000015258789,74.2699966430664,69.5199966430664,73.37999725341797,71273400
VALE3,2026-10-06,70.37000274658203,71.97000122070312,69.5,71.97000122070312,30284200
VALE3,2026-10-07,68.75,69.9000015258789,68.12999725341797,69.9000015258789,38890600
VALE3,2026-10-08,67.63999938964844,69.36000061035156,67.55000305175781,68.19000244140625,38819200
VALE3,2026-10-09,67.9000015258789,68.30999755859375,67.11000061035156,68.16000366210938,28275900
PETR4,2024-10-09,29.111129760742188,29.34577018072518,28.946878781500757,29.228448478926275,30789800
PETR4,2024-10-10,29.44744873046875,29.51784115468272,29.189342180479258,29.251914550276037,20630100
PETR4,2024-10-11,29.423982620239258,29.447448750736605,29.189342200569467,29.408339527779297,16343000
PETR4,2024-10-14,29.494373321533203,29.642981199414223,29.212803640931945,29.30666219020879,22279000
PETR4,2024-10-15,29.251914978027344,29.25973503255889,28.98598836973201,29.103307089394306,28204600
PETR4,2024-10-16,29.10330581665039,29.392698543114363,29.08766272465655,29.36923241331624,23041200
PETR4,2024-10-17,28.884307861328125,29.103305177200706,28.69659374514116,29.103305177200706,22174300
PETR4,2024-10-18,28.80609703063965,28.993808173924524,28.477598054468874,28.92341574928899,32000800
PETR4,2024-10-21,28.352458953857422,28.978167796116082,28.31335271064409,28.939061552902746,28390000
PETR4,2024-10-22,28.242958068847656,28.39156297487311,28.149102495758676,28.31335049456811,29144300
PETR4,2024-10-23,27.8909969329834,28.10999427252419,27.820604504757434,28.08653112432053,30769100
PETR4,2024-10-24,28.078702926635742,28.180378528442347,27.812776384191327,28.039593712818,23058900
PETR4,2024-10-25,28.274246215820312,28.54017284436567,28.03960279139817,28.125638315870948,32585900
PETR4,2024-10-28,28.227310180664062,28.258596360916957,27.640707727186932,27.758029411328103,27507100
PETR4,2024-10-29,28.164745330810547,28.485421304881005,28.000497316104614,28.415031855962887,26090200
PETR4,2024-10-30,28.039602279663086,28.446313761993032,28.039602279663086,28.250779567619887,26144700
PETR4,2024-10-31,28.086528778076172,28.196027438699456,27.867531456829603,28.055242594008167,25597000
PETR4,2024-11-01,27.703279495239258,28.44630993049989,27.60942392999396,28.313348128370265,30605300
PETR4,2024-11-04,27.765851974487305,28.117814075112182,27.67199640885888,28.078707838068226,24003600
PETR4,2024-11-05,27.67981719970703,27.844065189832996,27.398247511711247,27.76585271366293,23990600
PETR4,2024-11-06,27.687639236450195,27.734565527009735,27.406069558634524,27.41388961252291,28440800
PETR4,2024-11-07,27.77367401123047,28.070886804489092,27.585962866572807,27.75803390218804,34081200
PETR4,2024-11-08,28.297704696655273,28.407203352060666,27.797137709879426,28.03959816581577,49865100
PETR4,2024-11-11,28.352458953857422,28.485420777505777,28.07871226774898,28.149104698979023,21446300
PETR4,2024-11-12,28.884307861328125,29.025092702564688,28.422847100300437,28.438490191950574,39412300
PETR4,2024-11-13,28.845203399658203,28.9938083040603,28.57145375435139,28.8999527319966,34090000
PETR4,2024-11-14,29.150232315063477,29.197161586573362,28.82955641878202,28.876482706677468,30262100
PETR4,2024-11-18,29.877626419067383,29.95583890578454,29.09548961743533,29.09548961743533,39004100
PETR4,2024-11-19,29.56476593017578,29.95583427047867,29.447447218253707,29.799406337634583,26002700
PETR4,2024-11-21,29.650800704956055,29.822871725166323,29.36923102956273,29.697729978726468,36048400
PETR4,2024-11-22,30.831829071044922,31.152508000924158,30.088801549818605,30.276512697887288,85234900
PETR4,2024-11-25,30.64411163330078,31.175964749691197,30.62064849051171,30.800539546994603,41119500
PETR4,2024-11-26,30.60500717163086,30.902216942870385,30.55025784621229,30.78489823852251,35188200
PETR4,2024-11-27,30.495512008666992,30.784901759494247,30.307797883180648,30.65976000370829,30600700
PETR4,2024-11-28,30.182655334472656,30.737971674708334,30.018407343746283,30.354726363013462,33113500
PETR4,2024-11-29,30.425113677978516,30.675397140961625,30.041865447002625,30.11225785744251,44011700
PETR4,2024-12-02,30.62065887451172,30.816193087034485,30.323446036064823,30.42512466198895,31711800
PETR4,2024-12-03,30.894392013549805,30.894392013549805,30.56589611288222,30.816179556328187,22536200
PETR4,2024-12-04,30.698869705200195,31.17597363532186,30.487692409066913,30.89440390714415,31584400
PETR4,2024-12-05,31.003894805908203,31.136859581357385,30.667575824236884,30.808360653011594,25214200
PETR4,2024-12-06,30.52679443359375,31.050827573856267,30.472045103305618,31.00389829777441,31118500
PETR4,2024-12-09,31.316757202148438,31.418432834744586,30.784903956203117,30.800547049744452,28548700
PETR4,2024-12-10,31.434070587158203,31.621784694143717,31.371501207239373,31.520106095209293,21837600
PETR4,2024-12-11,31.74692726135254,31.879889061889163,31.246360274555336,31.559213149496294,46900900
PETR4,2024-12-12,31.17908477783203,31.626358454717924,31.00017406619328,31.488111524605056,38310600
PETR4,2024-12-13,30.983915328979492,31.49624867631303,30.837534372598483,31.390528407324165,23235400
PETR4,2024-12-16,30.853797912597656,31.114030023129384,30.764345645149184,31.057104442838785,21349400
PETR4,2024-12-17,31.146554946899414,31.30106987116026,30.764340839257954,30.853793092732527,39617200
PETR4,2024-12-18,30.341466903686523,31.227883476654917,30.341466903686523,31.13029411107594,58126400
PETR4,2024-12-19,30.219480514526367,30.845664958151605,30.07309957434326,30.626093547876945,43268400
PETR4,2024-12-20,29.967378616333008,30.37399164017585,29.8535274660108,30.219479807911593,59277400
PETR4,2024-12-23,29.975513458251953,30.130025294867746,29.861662304723346,30.089364611780564,43785600
PETR4,2024-12-26,30.200849533081055,30.395039677863377,30.05731572646629,30.082647116324363,22920700
PETR4,2024-12-27,30.107980728149414,30.39504517249845,30.06576603178703,30.39504517249845,24167200
PETR4,2024-12-30,30.555458068847656,30.707433531292665,30.200850803658923,30.209292453450566,22355600
PETR4,2025-01-02,31.04515838623047,31.315336278144684,30.555458944151876,30.749649102666808,30046800
PETR4,2025-01-03,30.715877532958984,31.273119805902443,30.66521797331891,31.138030867636587,23314200
PETR4,2025-01-06,30.57234764099121,30.977614507707546,30.445703556828153,30.901626768899813,23760200
PETR4,2025-01-07,31.222457885742188,31.45042105572625,30.64832913632472,30.85940578770543,37753300
PETR4,2025-01-08,30.969167709350586,31.340661470230184,30.75809105005609,31.230903926354483,24483500
PETR4,2025-01-09,31.104257583618164,31.214018351589218,30.98605516616056,30.98605516616056,11526600
PETR4,2025-01-10,31.18868637084961,31.67838577192657,31.15491655276871,31.450422590815666,40328800
PETR4,2025-01-13,31.298452377319336,31.686832726860803,31.214022986818946,31.49264255209007,22897100
PETR4,2025-01-14,31.087373733520508,31.349109980920776,30.88474192069899,31.332223459723217,29173100
PETR4,2025-01-15,31.484201431274414,31.509529604695885,31.07048968099963,31.180250467117407,32512700
PETR4,2025-01-16,31.28156089782715,31.441981223440546,31.04515606526966,31.416649833684897,26733200
PETR4,2025-01-17,31.408212661743164,31.577074660831382,31.112703358145094,31.24779231326072,39941100
PETR4,2025-01-20,31.484201431274414,31.602403868274397,31.332225949195912,31.425100212774424,13912800
PETR4,2025-01-21,31.492645263671875,31.534859962556844,31.002948959211118,31.323783247356932,23612200
PETR4,2025-01-22,31.31533432006836,31.771260691956012,31.264674760711625,31.543297506012188,21832200
PETR4,2025-01-23,31.09581756591797,31.585513781193132,30.986056792187103,31.340664063168308,26725700
PETR4,2025-01-24,30.935396194458008,31.154917734569374,30.73276439518916,31.138031214501236,16216500
PETR4,2025-01-27,31.391321182250977,31.492637077393596,30.79186423989365,30.87629361571679,29809700
PETR4,2025-01-28,31.349105834960938,31.653056734769905,31.138029179068504,31.577069009817663,27621700
PETR4,2025-01-29,31.1549129486084,31.51796502236593,31.036707326289992,31.408204269171495,18204400
PETR4,2025-01-30,31.56862449645996,31.669940390615743,31.070483454097232,31.273118463183003,30916000
PETR4,2025-01-31,31.82192039489746,32.39604924520937,31.45042658266168,31.568629012883306,37044800
PETR4,2025-02-03,31.661500930786133,31.92323716462609,31.560185029624456,31.881019253432168,24877600
PETR4,2025-02-04,31.349105834960938,31.534851102019843,31.08736962217562,31.492636414996188,34290300
PETR4,2025-02-05,31.121145248413086,31.298448881123065,31.028270996772306,31.28156236075434,20539800
PETR4,2025-02-06,31.062042236328125,31.340661754319836,30.986054509462342,31.10425692441484,17512400
PETR4,2025-02-07,30.884742736816406,31.264678201090046,30.707435869944067,31.121147598279947,21438700
PETR4,2025-02-10,31.09581756591797,31.26467633070455,31.00294331282066,31.078931045284413,17483300
PETR4,2025-02-11,31.09581756591797,31.31533589260522,30.969170271553548,31.247789810070994,16624300
PETR4,2025-02-12,30.631446838378906,31.02827202830026,30.487916241634743,30.94384264442423,37364500
PETR4,2025-02-13,30.665218353271484,30.673663223703304,30.411926993481426,30.56390245351034,15351300
PETR4,2025-02-14,31.6108455657959,31.729051223745135,30.73276893788271,30.76653876223621,40322000
PETR4,2025-02-17,31.805028915405273,32.01610557097587,31.63617016756813,31.779700747384535,22615200
PETR4,2025-02-18,32.387603759765625,32.455146617276746,31.83880314640672,31.847248016579535,44062600
PETR4,2025-02-19,32.45514678955078,32.64089528504732,31.973892251922745,32.176527267080274,32648200
PETR4,2025-02-20,32.50580978393555,32.564910998608,32.345392661363825,32.438263698152944,26641200
PETR4,2025-02-21,32.412933349609375,32.531135771016146,32.22718484695621,32.531135771016146,30115200
PETR4,2025-02-24,32.184967041015625,32.51424610328108,31.914789183732477,32.505804454329656,27830300
PETR4,2025-02-25,32.041439056396484,32.45514752475225,31.940123156909777,32.18496964560479,31960900
PETR4,2025-02-26,32.041439056396484,32.29473041550043,31.872577076735723,32.29473041550043,27420200
PETR4,2025-02-27,30.910066604614258,31.0198273696271,29.955999199631723,30.698989944621836,129693500
PETR4,2025-02-28,30.3359375,30.859406709239437,30.234621606128478,30.80875037269077,55476800
PETR4,2025-03-05,29.22989845275879,29.6436101727229,29.17079723858886,29.567622437250908,48552000
PETR4,2025-03-06,28.925947189331055,29.65205149337553,28.731757027677812,29.39031846803944,47749600
PETR4,2025-03-07,29.23834228515625,29.4916336541403,28.900618312661184,28.951277874767793,28074700
PETR4,2025-03-10,29.22989845275879,29.22989845275879,28.706429175493156,29.196128630929266,35037200
PETR4,2025-03-11,28.79085350036621,29.466301350620075,28.630436407356648,29.33965407350396,28805400
PETR4,2025-03-12,28.79085350036621,29.044148054598434,28.672651092804,28.841513055367468,20149100
PETR4,2025-03-13,29.077919006347656,29.16235160131456,28.74019828880256,28.858400700982052,19263600
PETR4,2025-03-14,29.97288703918457,30.19240535810548,29.0188195921768,29.213009741430707,41529400
PETR4,2025-03-17,30.530128479003906,30.741205142498337,30.05731559329763,30.06576046347101,31175900
PETR4,2025-03-18,30.555458068847656,30.7412065720081,30.3190532253885,30.555458068847656,15086400
PETR4,2025-03-19,30.530128479003906,30.673662284982747,30.42036771217,30.62300272626534,21180500
PETR4,2025-03-20,30.597673416137695,30.800305201901494,30.192403403061768,30.530127340366985,46921900
PETR4,2025-03-21,31.070486068725586,31.264676224188154,30.547016813966735,30.580789855118784,61175700
PETR4,2025-03-24,31.028268814086914,31.188685915143616,30.817192155487685,30.98605412652191,20348000
PETR4,2025-03-25,31.273120880126953,31.67838770884535,30.926955262631587,31.112700546143483,28036100
PETR4,2025-03-26,31.56862449645996,31.771259505545732,31.365992708148394,31.365992708148394,26870300
PETR4,2025-03-27,31.805028915405273,32.05832347870932,31.56862409181394,31.602397129691038,28444400
PETR4,2025-03-28,31.602405548095703,31.982344273487556,31.315341091219086,31.78815408512617,22057700
PETR4,2025-03-31,31.37443733215332,31.779704167976647,31.306894469903355,31.534854448174684,26049400
PETR4,2025-04-01,31.492645263671875,32.05833253521068,31.40821586590194,31.492645263671875,19075600
PETR4,2025-04-02,31.408212661743164,31.4926420508999,31.095820056933544,31.467313878307827,16959200
PETR4,2025-04-03,30.39504623413086,30.64833764192695,30.06576708191844,30.5216935484164,65896000
PETR4,2025-04-04,29.170795440673828,29.559175744360072,28.546010294878464,29.3312157727688,87263200
PETR4,2025-04-07,28.014095306396484,29.17079453166727,27.954994097710888,28.63888043272259,85724900
PETR4,2025-04-08,27.01781463623047,28.655768489073125,26.916497122774217,28.45313668293511,62128500
PETR4,2025-04-09,28.11541175842285,28.351819818601133,26.20728008157482,26.435241660944698,106391600
PETR4,2025-04-10,26.367698669433594,27.879008482128373,26.34237049829862,27.862121961113537,71250600
PETR4,2025-04-11,26.891170501708984,27.271107575691154,25.987762530416305,26.59566281502018,65329400
PETR4,2025-04-14,26.789852142333984,27.76080616963376,26.545004028163998,27.524398095231238,56015200
PETR4,2025-04-15,26.173507690429688,26.90805522773148,26.156621169942927,26.78985119471139,58276900
PETR4,2025-04-16,26.173507690429688,26.57033125954519,26.046862007553443,26.418357406326027,73227700
PETR4,2025-04-17,26.69099998474121,26.976511422332425,26.35357617652465,26.535266173289266,65752700
PETR4,2025-04-22,26.751564025878906,27.037075476906555,26.24110390885794,26.64774092995425,41683900
PETR4,2025-04-23,26.448747634887695,27.495624023181,26.388184851720954,27.123593612057235,71566500
PETR4,2025-04-24,26.32762336730957,26.682349672109655,26.00750366164961,26.656393485095446,61589200
PETR4,2025-04-25,26.40549087524414,26.587179237815636,26.128631475013943,26.249757050061607,35581500
PETR4,2025-04-28,26.301666259765625,26.630438016257003,26.171888629660966,26.44009595190554,27362000
PETR4,2025-04-29,26.440095901489258,26.656392501321953,26.085369609780606,26.2151472396378,33041100
PETR4,2025-04-30,25.946943283081055,26.457403456907073,25.920987093658404,26.310321683936657,52798300
PETR4,2025-05-02,26.656394958496094,26.656394958496094,25.929638184049168,26.12863232839963,33146600
PETR4,2025-05-05,25.66143226623535,26.49201219050633,25.66143226623535,26.448751874016395,59011700
PETR4,2025-05-06,26.085371017456055,26.293015566475358,25.920985130652873,26.0507644177256,52751300
PETR4,2025-05-07,26.206497192382812,26.21514760430981,25.86907336980577,26.21514760430981,35050400
PETR4,2025-05-08,26.569873809814453,26.846734846680132,26.344926795817518,26.466052364925424,44665000
PETR4,2025-05-09,26.74291229248047,26.976513023523758,26.50931156143718,26.90729817546043,25075600
PETR4,2025-05-12,27.383150100708008,27.833045788852942,27.383150100708008,27.599446707585972,53493600
PETR4,2025-05-13,27.79844093322754,27.902262380758064,27.123594923430502,27.48697329021165,56165300
PETR4,2025-05-14,27.60809898376465,27.789787342847834,27.426410624681463,27.685965894860917,28060100
PETR4,2025-05-15,27.5734920501709,27.763832469313765,27.331239257451863,27.42641029212937,32468300
PETR4,2025-05-16,27.70326805114746,27.824393615263038,27.391800428893635,27.54753424002055,48111800
PETR4,2025-05-19,27.66866111755371,27.772482563091977,27.426409977823013,27.547535547688362,30200500
PETR4,2025-05-20,27.78113555908203,28.040690816446723,27.64270586845925,27.729223187439427,33485800
PETR4,2025-05-21,27.469669342041016,28.02338813299379,27.417758617942233,27.867654310485282,28724100
PETR4,2025-05-22,27.106290817260742,27.3831502111472,27.002467719447246,27.37449814881173,42207300
PETR4,2025-05-23,27.166854858398438,27.166854858398438,26.708307084920456,26.89864751445733,25732400
PETR4,2025-05-26,27.08033561706543,27.27932975760833,26.941905915077804,27.218765319053055,21277100
PETR4,2025-05-27,27.279329299926758,27.40045487458068,27.132247537756058,27.270677237421165,34361500
PETR4,2025-05-28,27.192808151245117,27.44371134300094,27.192808151245117,27.400452684143332,30516200
PETR4,2025-05-29,27.028425216674805,27.253373897665128,26.864039324756448,27.236069772155357,20778800
PETR4,2025-05-30,26.734262466430664,27.054382196883132,26.734262466430664,26.950559090997597,45127700
PETR4,2025-06-02,26.88999366760254,27.383149659300848,26.829430882686907,27.37449759713974,35111000
PETR4,2025-06-03,26.898162841796875,27.005112834442322,26.194068307133175,26.630784460304294,59828700
PETR4,2025-06-04,26.15842056274414,27.13880462487965,26.087119996403715,26.951639575773793,41952900
PETR4,2025-06-05,26.16733169555664,26.416882812038192,26.03364165465354,26.29210725379742,23774000
PETR4,2025-06-06,26.443622589111328,26.586223720503362,26.16733310953171,26.24754645843218,28069300
PETR4,2025-06-09,25.997995376586914,26.265372090940033,25.721705878430065,26.04255759566587,43834800
PETR4,2025-06-10,26.782299041748047,26.933812951765365,26.158419535748145,26.211894533419102,46241800
PETR4,2025-06-11,27.673559188842773,27.771598109170327,27.005115713750534,27.005115713750534,52432400
PETR4,2025-06-12,28.29743766784668,28.44003879253988,27.388354222972897,27.450742002533737,51729500
PETR4,2025-06-13,28.992616653442383,29.563021131118642,28.671763284779768,29.509547836260786,74902600
PETR4,2025-06-16,28.707414627075195,29.349121369149863,28.582639071644877,28.992616868024182,45972200
PETR4,2025-06-17,29.358034133911133,29.491724179463258,28.850017400619596,28.858931883591918,57633400
PETR4,2025-06-18,29.331300735473633,29.59867745633155,28.956974006248444,29.37586295563671,49342900
PETR4,2025-06-20,29.25108528137207,29.554113116579405,29.081747496945322,29.170871930879567,85062700
PETR4,2025-06-23,28.520252227783203,29.714537925816785,28.35091275419768,29.669975711686675,54592400
PETR4,2025-06-24,27.958763122558594,28.37765375431812,27.753772498562544,27.887462553324212,48728300
PETR4,2025-06-25,27.816158294677734,28.110275034165802,27.816158294677734,27.914197207840424,23127700
PETR4,2025-06-26,28.038972854614258,28.163750117180964,27.90528450895093,27.940935641095578,17227000
PETR4,2025-06-27,27.816158294677734,28.0300616870217,27.75377051355222,27.97658498896594,16482100
PETR4,2025-06-30,27.967674255371094,28.065713175717878,27.718123112582433,27.81616033298955,23091100
PETR4,2025-07-01,28.065710067749023,28.13701062921284,27.860721166032985,28.030060636986853,17014100
PETR4,2025-07-02,28.5648136138916,28.734154782507854,28.056796907800653,28.145923033416835,28311600
PETR4,2025-07-03,28.66285514831543,28.86784406605727,28.466779013945793,28.520254014239402,14322300
PETR4,2025-07-04,28.6272029876709,28.796544165727113,28.493514641763863,28.52025299092109,9356900
PETR4,2025-07-07,28.573728561401367,28.751977415655684,28.43112573813106,28.627201857726078,17938800
PETR4,2025-07-08,28.98370933532715,29.04609712068348,28.54699143795352,28.582642572408368,28778300
PETR4,2025-07-09,28.80545425415039,29.081745419415725,28.573728702547744,29.028268722947892,22338900
PETR4,2025-07-10,28.734155654907227,28.903493428785847,28.270699447644166,28.529163349844932,23102800
PETR4,2025-07-11,29.08174705505371,29.144134837835555,28.653943658887144,28.698505875177148,23946700
PETR4,2025-07-14,28.698503494262695,29.206520197556344,28.627201234210798,29.081744642344415,24106300
PETR4,2025-07-15,28.47569465637207,28.85893588015744,28.350917376572788,28.734160300297937,18688300
PETR4,2025-07-16,28.33308982849121,28.475690958365917,28.047885868802236,28.431127042817845,27588900
PETR4,2025-07-17,28.04788589477539,28.315264288492738,27.98549811288988,28.315264288492738,27497600
PETR4,2025-07-18,27.620084762573242,28.163752677628654,27.272494692260278,27.9855004005791,57635000
PETR4,2025-07-21,27.673559188842773,27.878549813158536,27.424008046103054,27.5309580501516,16412000
PETR4,2025-07-22,27.940937042236328,28.145925962528874,27.620083636603034,27.67355863756204,24557100
PETR4,2025-07-23,28.511341094970703,28.546990528349983,27.89637264473676,27.940936561385367,27418600
PETR4,2025-07-24,28.466777801513672,28.538078365514913,28.208312194546956,28.457865018521073,17856300
PETR4,2025-07-25,28.502429962158203,28.680682239195644,28.44004217517701,28.511342746004043,13341000
PETR4,2025-07-28,28.53807830810547,28.90349391036918,28.235050486724894,28.66285386987175,27972800
PETR4,2025-07-29,28.912405014038086,29.055006141855472,28.51133997952901,28.689590539330975,33284000
PETR4,2025-07-30,29.206520080566406,29.259996775391123,28.760891156663735,28.78762780413666,27110400
PETR4,2025-07-31,29.09065818786621,29.18869710379857,28.894580356001494,28.92132040572434,23544900
PETR4,2025-08-01,28.707414627075195,29.33129580410569,28.555902424018065,29.233256896302183,24191800
PETR4,2025-08-04,28.66285514831543,28.760894065470055,28.48460288075059,28.707417365236836,15215600
PETR4,2025-08-05,28.796545028686523,28.885669462002348,28.546990495619664,28.636118328814685,20635500
PETR4,2025-08-06,28.832189559936523,29.35803181780908,28.689588442541197,29.055004018359153,32854600
PETR4,2025-08-07,28.992616653442383,29.277818892280514,28.903492228760044,29.09065556052028,21111400
PETR4,2025-08-08,27.21010398864746,28.564814689242958,27.21010398864746,28.074623529809397,107235300
PETR4,2025-08-11,27.37944221496582,27.6557333893244,27.25466665231327,27.370529431927846,28045800
PETR4,2025-08-12,27.450742721557617,27.869635023763102,27.317054376148448,27.441831638477943,37973300
PETR4,2025-08-13,27.24575424194336,27.504219853761285,27.103153111264355,27.45074315480198,38340700
PETR4,2025-08-14,26.898162841796875,27.388353991290717,26.75556171830996,27.388353991290717,43087500
PETR4,2025-08-15,26.889249801635742,26.933812014821438,26.506008648456685,26.826862023199983,55416100
PETR4,2025-08-18,27.058589935302734,27.227927709513324,26.75556211837709,26.96055102396223,31498100
PETR4,2025-08-19,26.77338981628418,26.94272760398075,26.60405032864797,26.915990953260053,39294300
PETR4,2025-08-20,26.93381690979004,27.058594189278125,26.82686689873142,26.844692467221115,23706600
PETR4,2025-08-21,26.99620246887207,27.12097803025313,26.74664964617042,26.93381298824201,23327000
PETR4,2025-08-22,27.772708892822266,27.772708892822266,27.16201911611049,27.244052200930334,49813600
PETR4,2025-08-25,27.936777114868164,28.055270129870827,27.727137766484834,27.77271093317517,21075300
PETR4,2025-08-26,27.73625373840332,27.872974981863567,27.5539575881197,27.781826906721758,21789700
PETR4,2025-08-27,27.945892333984375,27.964122296217763,27.672449854503114,27.75448294604847,16349100
PETR4,2025-08-28,28.191991806030273,28.374286214125974,27.991465697068634,28.055270565332272,25802500
PETR4,2025-08-29,28.346942901611328,28.574812214745656,28.119073588477,28.191991699139788,27713400
PETR4,2025-09-01,28.410743713378906,28.5930398444166,28.30136568705534,28.438088654585986,9889700
PETR4,2025-09-02,28.556581497192383,28.656844548641306,28.25579408135046,28.25579408135046,19812000
PETR4,2025-09-03,28.31048011779785,28.57480932881997,28.182873871651843,28.365169999150183,29788800
PETR4,2025-09-04,28.31048011779785,28.547464388143805,28.19198885187723,28.255791974950235,24816500
PETR4,2025-09-05,27.88208770751953,28.337826307853614,27.517497174953224,28.328711327226358,46121900
PETR4,2025-09-08,27.991464614868164,28.228448900884743,27.809170213820295,28.10084264630075,18164200
PETR4,2025-09-09,28.210220336914062,28.39251473575956,28.082612345366925,28.128187248956905,31283900
PETR4,2025-09-10,28.72064971923828,28.747994663897867,28.182877977134577,28.219336164842385,35949600
PETR4,2025-09-11,28.611268997192383,28.693302084976697,28.50189270581651,28.529235909408072,17607900
PETR4,2025-09-12,28.419858932495117,28.893827486370444,28.401628971537274,28.665958189911702,19318400
PETR4,2025-09-15,28.66596031188965,28.75710664641638,28.310483000916808,28.529237333089768,21978400
PETR4,2025-09-16,28.73887825012207,28.875599489596453,28.565697086251916,28.80268137930979,19154700
PETR4,2025-09-17,28.912057876586914,28.975862744723315,28.67507358188068,28.747993431179424,29148100
PETR4,2025-09-18,28.629499435424805,29.0032049577754,28.42897507222602,28.957631792027215,25702900
PETR4,2025-09-19,28.31048011779785,28.66595739256914,28.173758891426456,28.647727432118366,48871300
PETR4,2025-09-22,28.59304428100586,28.684190622162518,28.109960675752475,28.255796907809156,22016100
PETR4,2025-09-23,29.076122283935547,29.24930343842883,28.675071829821288,28.70241677163753,39895300
PETR4,2025-09-24,29.732385635375977,29.74150235460711,29.22196062274044,29.313106952994037,36414400
PETR4,2025-09-25,29.495403289794922,29.896452013433883,29.38602699734969,29.805305682564462,29556300
PETR4,2025-09-26,29.3951416015625,29.841766988338772,29.303995266470107,29.61389767359798,27819700
PETR4,2025-09-29,28.994091033935547,29.659470752248104,28.92117292297724,29.404254756136684,35720000
PETR4,2025-09-30,28.675073623657227,29.076124102860128,28.40163114240814,28.884714713686748,48611500
PETR4,2025-10-01,28.602155685424805,28.757106889336015,28.529237574084522,28.665960554039344,24817000
PETR4,2025-10-02,28.328712463378906,28.6294998821226,28.274024315926834,28.602154939144135,25497100
PETR4,2025-10-03,28.25579261779785,28.556580018060025,28.25579261779785,28.401628827712557,19756800
PETR4,2025-10-06,28.000579833984375,28.46543342914537,27.982351610677846,28.438090224933152,21245400
PETR4,2025-10-07,28.100841522216797,28.128186463607307,27.663332890997243,28.00057847562303,29068800
PETR4,2025-10-08,27.936777114868164,28.328712607022574,27.80005587629229,28.328712607022574,17687400
PETR4,2025-10-09,27.535724639892578,28.109956234072786,27.517496417644516,27.94589006430701,22879700
PETR4,2025-10-10,27.289628982543945,27.490153348969027,27.225825854068002,27.43546520149034,50214400
PETR4,2025-10-13,27.553956985473633,27.5904169101349,27.3169726906901,27.481038874656,13890500
PETR4,2025-10-14,27.362546920776367,27.76359565111668,27.23493892611822,27.29874379269972,28138200
PETR4,2025-10-15,27.11644744873047,27.499267952840974,27.04352934025727,27.389889920878755,40261000
PETR4,2025-10-16,26.84300422668457,27.17113483639475,26.80654430421411,27.107331710576236,28660900
PETR4,2025-10-17,27.098217010498047,27.298743109151975,26.715396513118954,26.888577669636945,36238600
PETR4,2025-10-20,27.11644744873047,27.253168684804614,26.870348180694105,27.070874282874033,31442800
PETR4,2025-10-21,26.897693634033203,27.33520229317963,26.8612337098519,27.307857350043655,25509900
PETR4,2025-10-22,27.20759391784668,27.371660086882688,26.99795458563611,27.125560833328677,27088800
PETR4,2025-10-23,27.517498016357422,28.0005798348397,27.44457990761454,27.81828543223492,40060800
PETR4,2025-10-24,27.1984806060791,27.75448227114292,27.17113566339397,27.617759296222093,24370300
PETR4,2025-10-27,27.344316482543945,27.490152698037125,27.06175903233901,27.490152698037125,24771400
PETR4,2025-10-28,27.335203170776367,27.663335544923317,27.125563815518007,27.25317007723963,25324800
PETR4,2025-10-29,27.362546920776367,27.490153176929663,27.162020817101357,27.426350048853013,24854900
PETR4,2025-10-30,27.244050979614258,27.490150223041482,27.12555971713337,27.271395919496616,22657200
PETR4,2025-10-31,27.11644744873047,27.426349844367774,26.93415130829505,27.34431675502232,29516300
PETR4,2025-11-03,27.435466766357422,27.772712389967495,27.162022536357536,27.234940649989845,54977300
PETR4,2025-11-04,27.572187423706055,27.581302405028694,27.262285012755907,27.344318106154763,35035200
PETR4,2025-11-05,28.11907196044922,28.21022002812667,27.5357253704164,27.572185292889298,40375900
PETR4,2025-11-06,28.264909744262695,28.511009019118294,28.164646690394513,28.23756480088822,43435700
PETR4,2025-11-07,29.331335067749023,29.331335067749023,28.119070523549233,28.456316096666143,97315600
PETR4,2025-11-10,29.495403289794922,29.668582709250682,29.10346780843905,29.440713405067484,41064200
PETR4,2025-11-11,30.261045455932617,30.479798049244714,29.57743751706521,29.659470608809688,68221300
PETR4,2025-11-12,29.486284255981445,30.315728319020838,29.24018848654932,30.315728319020838,67646400
PETR4,2025-11-13,29.613895416259766,30.02405736992049,29.458942486002314,29.495402408064013,38517200
PETR4,2025-11-14,29.80530548095703,30.233697405557184,29.695929189251633,29.714155673694513,27371300
PETR4,2025-11-17,29.969371795654297,30.151667934012988,29.83264882263287,29.8599920264333,63708200
PETR4,2025-11-18,30.06963539123535,30.233698094024597,29.777959478363016,29.805306159669307,26520500
PETR4,2025-11-19,29.914682388305664,30.060518605917377,29.6594698767376,29.89645242647799,48719300
PETR4,2025-11-21,29.686811447143555,29.841764375646026,29.495402074001827,29.677698205236116,40869300
PETR4,2025-11-24,29.659469604492188,29.850878986411285,29.495403426558774,29.67769956615253,38665600
PETR4,2025-11-25,29.422483444213867,29.568319659814307,29.249304024753854,29.486286571225957,28431100
PETR4,2025-11-26,29.376911163330078,29.540977345446887,29.258418148021327,29.513634140764005,25042100
PETR4,2025-11-27,29.531864166259766,29.531864166259766,29.349568021626602,29.42248439327401,16087400
PETR4,2025-11-28,28.975862503051758,29.449831088511115,28.520123879765045,29.413371164165834,60420500
PETR4,2025-12-01,29.030550003051758,29.322220698778988,28.77533575384627,29.12169807337549,29489100
PETR4,2025-12-02,29.2310733795166,29.2310733795166,28.656843511333143,29.103467128476893,25574100
PETR4,2025-12-03,29.4498291015625,29.623008515003708,29.303992891030553,29.303992891030553,36630000
PETR4,2025-12-04,29.641239166259766,29.850878506468618,29.577436039979226,29.613895962713706,33009700
PETR4,2025-12-05,28.59304428100586,29.99671844917764,28.59304428100586,29.623012887219275,74495100
PETR4,2025-12-08,28.857370376586914,29.158157807683807,28.702419170354883,28.775337282787316,30271600
PETR4,2025-12-09,29.039663314819336,29.076121497750414,28.55657978682317,28.811794021359685,23863000
PETR4,2025-12-10,29.11258316040039,29.15815632641614,28.747992616759856,29.057893274975676,22123700
PETR4,2025-12-11,28.629499435424805,29.076123066075397,28.48366321882481,29.057893104374187,64927900
PETR4,2025-12-12,28.79356575012207,28.912057024731553,28.565696443292047,28.62949957104368,39659900
PETR4,2025-12-15,28.893829345703125,29.076123751498,28.793566292487775,28.875599383572176,31898900
PETR4,2025-12-16,28.018808364868164,28.738876173099833,27.900317096155295,28.738876173099833,52661900
PETR4,2025-12-17,28.328712463378906,28.328712463378906,28.091728173080107,28.128188097051396,39337100
PETR4,2025-12-18,28.16464614868164,28.511008470743562,28.100843020539934,28.438090361652346,34311000
PETR4,2025-12-19,28.264909744262695,28.474549094618997,28.228449819763394,28.319597892506753,45807700
PETR4,2025-12-22,28.346942901611328,28.738878398363152,28.346942901611328,28.483664141790946,35896900
PETR4,2025-12-23,28.4993839263916,28.743852632244902,28.395956169099556,28.725046933315383,35703900
PETR4,2025-12-26,28.59341049194336,28.61221619078364,28.320735032399877,28.499383791152102,20178600
PETR4,2025-12-29,28.89429473876953,28.969515741342757,28.696840279543622,28.73444988412515,20588100
PETR4,2025-12-30,28.978919982910156,29.110556295384217,28.81907512058726,28.960114283010935,16880600
PETR4,2026-01-02,28.875490188598633,29.110556055168445,28.546399410129087,29.110556055168445,21625200
PETR4,2026-01-05,28.39595603942871,28.931905902601525,27.954031083653817,28.86608775005892,48211400
PETR4,2026-01-06,27.869407653808594,28.612216628676613,27.85060374809068,28.555801324702518,38095000
PETR4,2026-01-07,28.048057556152344,28.048057556152344,27.76597924943438,27.89761555344808,28132900
PETR4,2026-01-08,28.39595603942871,28.52759234451392,28.01044818018475,28.123278786426315,34125800
PETR4,2026-01-09,28.489980697631836,28.90369710152259,28.33953869501886,28.367747243037595,27982800
PETR4,2026-01-12,28.546398162841797,28.74385262129608,28.40535721433427,28.489981066074723,18947400
PETR4,2026-01-13,29.279802322387695,29.449050024918744,28.54639800263334,28.54639800263334,54097100
PETR4,2026-01-14,30.07902717590332,30.586768500010262,29.336219992222194,29.477259149284667,82309300
PETR4,2026-01-15,29.890975952148438,30.022612261326802,29.561883385792314,29.6182986906673,26456600
PETR4,2026-01-16,30.126041412353516,30.276483418950697,29.975597612346153,30.04141755946633,70947300
PETR4,2026-01-19,30.248271942138672,30.285883339082226,30.00380503564603,30.05081748841536,12852900
PETR4,2026-01-20,30.361106872558594,30.57736703002173,30.032014314926343,30.248272678979315,26300000
PETR4,2026-01-21,31.433008193969727,31.54583880643662,30.492744720831105,30.55856287700517,93270900
PETR4,2026-01-22,31.574047088623047,32.09119124772779,31.27315949698474,31.385993688906705,71516300
PETR4,2026-01-23,32.946834564208984,33.360549221283556,31.85612902572087,31.921947185100443,68642600
PETR4,2026-01-26,33.24771499633789,33.567404701564996,32.946830989867706,33.25711605230621,39869600
PETR4,2026-01-27,33.971717834472656,34.272601837193584,33.25711563789529,33.38875194073316,47268200
PETR4,2026-01-28,35.10943603515625,35.20346094186275,34.31961462363271,34.366627076985964,46054700
PETR4,2026-01-29,35.447933197021484,36.275366047010216,35.3256979427819,35.73001151795705,58722800
PETR4,2026-01-30,35.50434494018555,35.711204039081515,34.808552022332286,35.00600647846738,45794700
PETR4,2026-02-02,35.015411376953125,35.015411376953125,34.43244547341065,34.5828874773009,38505600
PETR4,2026-02-03,35.33510208129883,36.030895023880106,34.92138386880362,35.26928034009426,57152800
PETR4,2026-02-04,35.278682708740234,35.42912470717925,34.761538563282386,35.21286455859943,37955800
PETR4,2026-02-05,34.78974533081055,35.36330657096649,34.695720426806695,35.1658521204663,35933100
PETR4,2026-02-06,34.460655212402344,35.04361751892918,34.27260181412329,34.9872004233994,27681100
PETR4,2026-02-09,35.090633392333984,35.21286865115356,34.36663006981891,34.47005962829543,27089800
PETR4,2026-02-10,35.118839263916016,35.33510301899779,34.70512462726233,35.090632507522955,24585300
PETR4,2026-02-11,35.805233001708984,36.16253052125753,35.438527252456026,35.476138650351764,55863800
PETR4,2026-02-12,34.89317321777344,35.777019468562145,34.60169029031227,35.777019468562145,39856000
PETR4,2026-02-13,34.686317443847656,34.940189000988504,34.347822034326526,34.940189000988504,27507000
PETR4,2026-02-18,34.9683952331543,35.1564486341667,34.6487055274793,34.85556462727497,32276700
PETR4,2026-02-19,35.551361083984375,35.95567464019404,35.20346103722331,35.2598781334922,48355000
PETR4,2026-02-20,35.70180130004883,35.70180130004883,35.212863917321265,35.419719419645155,51949800
PETR4,2026-02-23,36.284767150878906,36.90534089247704,35.58897061062866,35.70180480860683,55061500
PETR4,2026-02-24,37.20622634887695,37.290850207215186,36.538640125775714,36.538640125775714,43263600
PETR4,2026-02-25,37.20622634887695,37.58233318300699,36.69848319884759,37.55412283901385,26012300
PETR4,2026-02-26,37.24383544921875,37.422484211644615,36.642067421236504,36.952352491430936,29919100
PETR4,2026-02-27,36.980560302734375,37.86440658499037,36.980560302734375,37.53531225127176,38799000
PETR4,2026-03-02,38.67303466796875,39.04913787608726,38.099473419756286,38.832877724384566,83817000
PETR4,2026-03-03,38.503787994384766,39.49106387386739,38.31573459190705,39.20898556356097,93893800
PETR4,2026-03-04,38.08066940307617,38.71064418757674,37.54471952805258,38.50378866936332,50915600
PETR4,2026-03-05,38.25931930541992,38.33454210469843,37.59173310251539,38.108877293683406,53107600
PETR4,2026-03-06,39.64150619506836,40.54415822998573,38.945709676390166,39.3970392806692,87228000
PETR4,2026-03-09,40.58177185058594,41.62546489235038,40.1210411649454,40.6663957076701,107124400
PETR4,2026-03-10,40.365509033203125,40.525352093426974,39.519270517840674,39.78254671529805,56706200
PETR4,2026-03-11,42.123802185058594,42.199024983343875,40.647588843504145,40.66639454307547,73234300
PETR4,2026-03-12,42.311859130859375,43.33674652883524,41.55964901923047,42.67856133610217,86124400
PETR4,2026-03-13,42.00156784057617,42.63154623598269,41.64427030144703,41.94515432746132,42520400
PETR4,2026-03-16,43.1204833984375,43.24271865410335,42.12380282689388,42.199025626325316,40474100
PETR4,2026-03-17,43.60941696166992,44.4368461610153,43.06406247468212,43.11107492674171,51025600
PETR4,2026-03-18,44.192378997802734,44.3334199399706,43.76925975811932,43.91030070028717,55074700
PETR4,2026-03-19,43.98552322387695,45.25488103868277,43.90089936955657,44.38043573964557,84865000
PETR4,2026-03-20,42.94182586669922,44.42744369499928,42.23662834773098,43.99492341086891,78125700
PETR4,2026-03-23,43.28032684326172,43.42136780001158,41.672477153051815,41.766502066338035,65252400
PETR4,2026-03-24,44.44625473022461,45.08563417781904,43.60001617110831,43.628226514292514,57455300
PETR4,2026-03-25,44.66250991821289,44.70952236918383,43.53419316080981,43.72224655151367,40532900
PETR4,2026-03-26,45.15144729614258,45.574566528491516,44.681315612826,44.756534817010206,59986800
PETR4,2026-03-27,46.45841598510742,46.48662274025666,45.25487994113558,45.602776406317375,54170900
PETR4,2026-03-30,46.702880859375,47.66194994758826,46.53363674905048,46.778103652248284,51454300
PETR4,2026-03-31,45.76261901855469,47.530315255895594,44.80355348469494,47.078989243837974,78931700
PETR4,2026-04-01,44.54027557373047,45.19846066104654,43.976118977071074,44.85056421266725,66488400
PETR4,2026-04-02,45.273685455322266,46.50542824941413,45.085632052514406,46.3549862445319,38536900
PETR4,2026-04-06,46.0164909362793,46.072908033289664,45.01981399683845,45.1232435479473,27848100
PETR4,2026-04-07,45.612178802490234,46.59945830356328,45.508752834964326,46.15753333019993,33362800
PETR4,2026-04-08,43.825679779052734,43.85388653464191,41.86993009027455,42.02977674119411,87580500
PETR4,2026-04-09,45.03861999511719,45.64978907609915,44.220588223722636,44.70012458444639,58206500
PETR4,2026-04-10,46.10111618041992,46.10111618041992,44.69072099395646,44.69072099395646,42860900
PETR4,2026-04-13,46.80630874633789,47.2388326163809,46.30797031509492,46.778101993420755,60941100
PETR4,2026-04-14,45.019813537597656,46.68408022081308,44.82235549348577,46.646468823189835,58646800
PETR4,2026-04-15,44.08895492553711,45.226672899298336,43.938512909063064,45.08563552644051,61852100
PETR4,2026-04-16,45.67799758911133,45.772022494168006,43.96671490515405,44.46505694505104,54484300
PETR4,2026-04-17,43.45897674560547,43.76926181138234,42.18961896700828,43.722249357394375,105186900
PETR4,2026-04-20,44.21118927001953,44.64370961008044,43.73165288649156,44.41804838344889,41904500
PETR4,2026-04-22,44.82235336303711,45.11383630053235,44.42744446722433,44.79414660957052,51063000
PETR4,2026-04-23,45.54999542236328,45.84559016799903,44.72042776515026,45.159049410350924,38666800
PETR4,2026-04-24,44.968345642089844,45.31161603924912,44.29134215736897,45.29254505747162,34880200
PETR4,2026-04-27,45.168582916259766,45.93140395672619,44.97787674678875,45.025556017219735,31543600
PETR4,2026-04-28,45.31161880493164,45.80745344915728,45.25440585610704,45.435578375342565,29389700
PETR4,2026-04-29,46.684696197509766,47.00889562821822,45.76931085342166,45.86466212939908,47685000
PETR4,2026-04-30,46.79911804199219,47.0851754825773,46.04583065976448,46.54166525424027,36666100
PETR4,2026-05-04,47.04703903198242,47.53333637420405,46.64655565831332,46.98982608219594,41319600
PETR4,2026-05-05,46.39863967895508,46.751443772172365,46.083977551874284,46.60841685528767,28066500
PETR4,2026-05-06,45.07323455810547,45.283011721799,44.42483572252354,44.53925797662097,62009100
PETR4,2026-05-07,44.0720329284668,44.48204995807408,43.09943464689263,44.24366813329859,71214500
PETR4,2026-05-08,43.54758834838867,44.386693358173474,43.54758834838867,44.23412914161422,32914200
PETR4,2026-05-11,44.27227020263672,44.34855049065248,43.52852011674864,44.06249304511228,50622200
PETR4,2026-05-12,43.557125091552734,44.10063533331585,43.29013862540041,44.10063533331585,81072700
PETR4,2026-05-13,42.49871063232422,43.70015704359685,42.29847077625141,43.64294409725409,57251900
PETR4,2026-05-14,42.90872573852539,43.26152979834296,42.31753986904934,42.39382015668283,47760000
PETR4,2026-05-15,43.35688400268555,43.42363061731584,42.88965406285583,43.28060007886939,59380500
PETR4,2026-05-18,44.28180694580078,44.300877928481846,42.40336061944132,43.004080205513716,57388200
PETR4,2026-05-19,43.94807434082031,44.14831420511526,43.47131068064106,43.85272306375169,40943000
PETR4,2026-05-20,42.52731704711914,44.25320280701064,42.470107735826225,43.6429459037658,52780200
PETR4,2026-05-21,42.861053466796875,43.528523313691366,42.43196544826341,43.00408038136268,57725900
PETR4,2026-05-22,42.41289138793945,42.67034418037824,41.83123918695751,42.660810508399514,39634300
PETR4,2026-05-25,41.38308334350586,41.78356303517637,40.97306634255687,41.4689009399235,26720900
PETR4,2026-05-26,41.42122268676758,41.76449308087795,41.154236219089654,41.344942397752945,36040500
PETR4,2026-05-27,40.83003616333008,41.182840223977344,40.191174657903474,40.286525927024,53745400
PETR4,2026-05-28,40.53444290161133,41.17330806797784,40.28652741031939,41.09702413993854,37534800
PETR4,2026-05-29,40.04814529418945,40.38187838334055,39.87651009479235,40.23885147545488,73281800
PETR4,2026-06-01,40.40094757080078,41.0207417230308,40.010001553408564,40.42955586104157,73925300
PETR4,2026-06-02,40.304935455322266,40.702458128113975,40.17889059850309,40.624894622953754,27318300
PETR4,2026-06-03,39.99467468261719,40.5958057270851,39.99467468261719,40.382503310497846,42895100
PETR4,2026-06-05,39.6456298828125,40.16919742384789,39.4129356636465,39.781368793760656,34730900
PETR4,2026-06-08,39.96559143066406,40.06254674463931,39.58746052810918,39.94619962814738,34043600
PETR4,2026-06-09,39.91710662841797,40.11102093823305,39.46141225375153,39.63593476272432,56680400
PETR4,2026-06-10,40.382503509521484,40.760634389334385,39.7619769621326,39.955891277028634,44953200
PETR4,2026-06-11,40.48915481567383,40.8672894122746,39.90741554162481,40.38250545103105,52321500
PETR4,2026-06-12,39.92680740356445,40.266154697498735,39.57776235917027,39.81046028830243,34082200
PETR4,2026-06-15,37.87132263183594,38.705147899769486,37.87132263183594,38.62758439283498,54174000
PETR4,2026-06-16,37.367149353027344,37.599843587766465,37.03749610497344,37.27988809034813,36250100
PETR4,2026-06-17,37.39623260498047,37.67740817611155,37.10536298249669,37.5319715155657,66882000
PETR4,2026-06-18,37.66770935058594,37.90040726109324,36.271532983365525,37.13444777482446,53332600
PETR4,2026-06-19,37.619232177734375,37.91979954542937,37.44470966728023,37.677407580755045,44775800
PETR4,2026-06-22,37.97797393798828,38.01675754274723,37.308973399632954,37.57075718384368,35488200
PETR4,2026-06-23,38.13310623168945,38.365800450057776,37.65801634639159,37.77436345557575,27398600
PETR4,2026-06-24,37.124755859375,37.793756380330514,36.96962514298207,37.71619287143806,59191400
PETR4,2026-06-25,37.27988815307617,37.49319058551124,36.766014628163624,36.95992895651129,25152300
PETR4,2026-06-26,36.901756286621094,37.08597285952243,36.77571142168435,36.9114503384125,23383000
PETR4,2026-06-29,36.97932052612305,37.20232070780441,36.76601439642428,37.03749593384312,14924800
PETR4,2026-06-30,36.64966583251953,37.01810266964966,36.591494125704465,37.00840491944181,31974300
PETR4,2026-07-01,36.67875671386719,36.68845076581837,36.261842206411785,36.35879752035614,21094300
PETR4,2026-07-02,36.8047981262207,37.289582096372,36.504234431836124,36.73692866628818,21888800
PETR4,2026-07-03,37.08597183227539,37.08597183227539,36.707840946547115,36.911449315999576,10369500
PETR4,2026-07-06,36.62057876586914,36.86297073252281,36.46544805515511,36.795101277748415,20811400
PETR4,2026-07-07,37.27018737792969,37.59014654852972,36.766011644583145,36.843578849070866,39823600
PETR4,2026-07-08,38.44336700439453,38.54032231063853,37.813146417984974,38.44336700439453,40215300
PETR4,2026-07-09,38.01675796508789,38.76332572125498,37.70649652078574,38.53063148733245,33386500
PETR4,2026-07-10,38.44336700439453,38.75362842270475,38.14279963726557,38.43366925460542,27316800
PETR4,2026-07-13,39.422630310058594,39.67471633439466,39.01541357106772,39.277193646928716,43045700
PETR4,2026-07-14,39.422630310058594,40.052850918810734,38.88936870959569,39.946197858996555,32649500
PETR4,2026-07-15,39.354759216308594,39.558367577333435,39.00571419820438,39.18023670725649,25608800
PETR4,2026-07-16,38.676063537597656,39.61654559870285,38.676063537597656,39.15115344333552,20551700
PETR4,2026-07-17,39.65532684326172,39.85893520563011,39.180236965794286,39.180236965794286,32168300
PETR4,2026-07-20,39.89772033691406,40.1788922153685,39.23841387278532,39.946197991916,26987600
PETR4,2026-07-21,40.39219665527344,40.43098025710468,39.87832687613699,39.95589038119162,38631400
PETR4,2026-07-22,41.284202575683594,41.43933329030518,40.692765570373794,40.81880673321085,38292200
PETR4,2026-07-23,41.642940521240234,42.16650805575176,41.555679265488315,42.079246799999844,25257900
PETR4,2026-07-24,40.92546081542969,41.60415909583282,40.86728910762329,41.08059153392685,29151600
PETR4,2026-07-27,39.76197814941406,40.21767624823556,39.57776157899654,39.94619841843962,32902600
PETR4,2026-07-28,39.95589065551758,40.49884998905919,39.645629235953194,39.77167409346618,29946800
PETR4,2026-07-29,40.72185134887695,41.109679984023735,40.47945937656221,40.87698206321407,31465400
PETR4,2026-07-30,41.53628921508789,41.53628921508789,40.547329507751506,40.721852026611344,25268900
PETR4,2026-07-31,42.098636627197266,42.22468149036,41.555680967926484,41.69141988274418,24997300
PETR4,2026-08-03,41.739898681640625,41.77868228653897,41.061200390352134,41.10968174577913,24400900
PETR4,2026-08-04,41.206634521484375,41.778679713374004,40.498850419418886,41.778679713374004,27216700
PETR4,2026-08-05,40.65398025512695,41.68172350784668,40.479457746200815,41.235719485808865,32365700
PETR4,2026-08-06,40.847896575927734,41.177549809172504,40.64428450641772,40.74124351537678,46662600
PETR4,2026-08-07,39.62623977661133,41.65263687335778,39.58745987082999,41.59446516538173,97926700
PETR4,2026-08-10,40.94485092163086,41.177548839042295,39.81045828309592,40.062544303234375,74915200
PETR4,2026-08-11,40.39219665527344,41.20663380069022,39.76197607064327,41.109678494719965,53988900
PETR4,2026-08-12,40.18859100341797,40.69276676539623,39.897721367286536,40.23706865967186,63890300
PETR4,2026-08-13,40.62489700317383,40.68306871080032,39.820153860665435,39.89772106897817,37063800
PETR4,2026-08-14,40.809112548828125,41.16785163173362,40.363112208069076,40.363112208069076,34127900
PETR4,2026-08-17,41.17755126953125,41.45872315896423,40.45037532028514,41.06120045465401,47636500
PETR4,2026-08-18,41.303592681884766,41.88533566388527,41.129070157145435,41.49750700921827,36838100
PETR4,2026-08-19,41.798072814941406,42.63190180179921,41.53628903776921,41.53628903776921,49580800
PETR4,2026-08-20,42.971248626708984,43.27181600437223,42.14711739892727,42.418595224811504,44893400
PETR4,2026-08-21,42.95185852050781,43.262119961939106,42.81611960220764,42.99064212533876,52792400
PETR4,2026-08-24,42.11000061035156,42.63999938964844,41.619998931884766,42.599998474121094,49502500
PETR4,2026-08-25,41.349998474121094,41.90999984741211,41.0099983215332,41.18000030517578,85920800
PETR4,2026-08-26,41.45000076293945,42.27000045776367,40.970001220703125,41.13999938964844,74631000
PETR4,2026-08-27,42.70000076293945,42.88999938964844,41.0,41.45000076293945,43197800
PETR4,2026-08-28,43.54999923706055,43.599998474121094,42.619998931884766,42.720001220703125,46135600
PETR4,2026-08-31,45.02000045776367,45.34000015258789,44.33000183105469,44.619998931884766,68431400
PETR4,2026-09-01,46.869998931884766,46.939998626708984,45.5,45.5,49726600
PETR4,2026-09-02,48.20000076293945,48.25,46.560001373291016,46.81999969482422,54091600
PETR4,2026-09-03,47.560001373291016,49.189998626708984,47.45000076293945,48.459999084472656,51488400
PETR4,2026-09-04,47.11000061035156,47.45000076293945,46.720001220703125,47.31999969482422,28838000
PETR4,2026-09-08,48.09000015258789,48.5,47.529998779296875,48.099998474121094,34388500
PETR4,2026-09-09,48.41999816894531,48.95000076293945,48.189998626708984,48.7400016784668,40391600
PETR4,2026-09-10,49.119998931884766,49.599998474121094,48.540000915527344,48.90999984741211,43955800
PETR4,2026-09-11,49.0,49.119998931884766,48.09000015258789,48.5,27610000
PETR4,2026-09-14,48.91999816894531,49.72999954223633,48.61000061035156,49.5099983215332,32098300
PETR4,2026-09-15,50.43000030517578,50.70000076293945,49.029998779296875,49.060001373291016,46559600
PETR4,2026-09-16,48.650001525878906,49.97999954223633,48.619998931884766,49.939998626708984,52457100
PETR4,2026-09-17,48.61000061035156,49.20000076293945,47.959999084472656,48.029998779296875,32429800
PETR4,2026-09-18,48.5,48.83000183105469,48.25,48.400001525878906,52733500
PETR4,2026-09-21,48.0,48.400001525878906,47.79999923706055,48.209999084472656,28757300
PETR4,2026-09-22,48.349998474121094,48.540000915527344,47.29999923706055,47.560001373291016,48852400
PETR4,2026-09-23,49.599998474121094,50.060001373291016,48.52000045776367,48.54999923706055,43570600
PETR4,2026-09-24,49.2599983215332,50.2400016784668,49.189998626708984,49.70000076293945,34675400
PETR4,2026-09-25,48.06999969482422,48.869998931884766,47.91999816894531,48.79999923706055,34445400
PETR4,2026-09-28,48.720001220703125,49.27000045776367,48.279998779296875,48.560001373291016,46903600
PETR4,2026-09-29,49.099998474121094,49.099998474121094,47.88999938964844,48.119998931884766,24110900
PETR4,2026-09-30,49.119998931884766,50.029998779296875,49.119998931884766,49.79999923706055,31859600
PETR4,2026-10-01,49.900001525878906,50.029998779296875,49.130001068115234,49.65999984741211,34127800
PETR4,2026-10-02,51.16999816894531,51.349998474121094,49.400001525878906,49.7400016784668,57295600
PETR4,2026-10-05,55.36000061035156,56.75,53.0,53.15999984741211,122874900
PETR4,2026-10-06,53.81999969482422,55.130001068115234,53.779998779296875,54.689998626708984,57647700
PETR4,2026-10-07,54.33000183105469,54.79999923706055,53.54999923706055,54.029998779296875,51879700
PETR4,2026-10-08,55.47999954223633,55.959999084472656,54.72999954223633,55.29999923706055,51578400
PETR4,2026-10-09,56.0,56.79999923706055,55.099998474121094,55.45000076293945,49760700
ITUB4,2024-10-09,26.124155044555664,26.500584490196978,26.071456679266138,26.432827124903753,23707005
ITUB4,2024-10-10,26.267200469970703,26.32742833800169,26.02628574395725,26.131685733220042,23211884
ITUB4,2024-10-11,26.071455001831055,26.327425446531137,26.011225513470155,26.222025468844144,19225310
ITUB4,2024-10-14,26.237083435058594,26.402711277912456,26.063926092516827,26.154268700159353,16356101
ITUB4,2024-10-15,26.53822898864746,26.58340111102332,26.146743769169223,26.274729008816955,32631872
ITUB4,2024-10-16,26.380125045776367,26.553282381839786,26.237082453448643,26.53822500997194,39642197
ITUB4,2024-10-17,26.43282699584961,26.673741709728247,26.00369756006924,26.11662704398815,22310809
ITUB4,2024-10-18,26.560813903808594,26.636099141936125,26.365069681565522,26.500584411750822,17703125
ITUB4,2024-10-21,26.4252986907959,26.66621341556833,26.350013449408795,26.64362816854115,16873089
ITUB4,2024-10-22,26.4704647064209,26.538222058819056,26.206964795397155,26.35000737181799,24850542
ITUB4,2024-10-23,26.63609504699707,26.651152417696647,26.350008257593995,26.357537756415997,17395402
ITUB4,2024-10-24,26.877012252807617,26.974882731145566,26.568340191788483,26.63609755283876,24236796
ITUB4,2024-10-25,26.57587242126465,26.93724453046185,26.515644549870874,26.877016659068076,17380220
ITUB4,2024-10-28,26.899595260620117,27.03510997145168,26.718908437196554,26.83183790520434,11933889
ITUB4,2024-10-29,26.613513946533203,27.057699130053496,26.613513946533203,26.997469637881107,13225282
ITUB4,2024-10-30,26.53822898864746,26.794201094887725,26.447886370840546,26.60598635873885,12081065
ITUB4,2024-10-31,26.36507225036621,26.80925910326388,26.36507225036621,26.53822961648634,22748147
ITUB4,2024-11-01,26.220182418823242,26.58926835088965,26.20511908212925,26.363297139535632,25777562
ITUB4,2024-11-04,26.57421112060547,26.770052448043437,26.280448315565867,26.461224675083173,23226386
ITUB4,2024-11-05,27.372636795043945,27.60613968913292,26.81524121454282,26.890566041478806,59510598
ITUB4,2024-11-06,27.24458885192871,27.44043178728738,26.754984769062315,27.0186176115469,44058971
ITUB4,2024-11-07,26.845369338989258,27.47808807608798,26.785109481495137,27.214455268963516,16816325
ITUB4,2024-11-08,26.42355728149414,26.64199519908501,26.272909263049954,26.41602398530121,26247984
ITUB4,2024-11-11,26.45368766784668,26.679657257770206,26.295506350476245,26.33316957656181,20677703
ITUB4,2024-11-12,26.1373233795166,26.57420242293032,26.10719508130151,26.476280977378146,26591283
ITUB4,2024-11-13,26.00174331665039,26.250311149463673,25.83603034293163,26.212649553918006,29706013
ITUB4,2024-11-14,25.92641830444336,26.069533017555532,25.738110328119372,25.94901493604927,35013665
ITUB4,2024-11-18,25.83603286743164,26.03940745656828,25.775773006458554,25.896291100639708,20962992
ITUB4,2024-11-19,26.069536209106445,26.13732773998837,25.730580182461882,25.836033313219307,18019798
ITUB4,2024-11-21,25.617595672607422,25.933955068458175,25.617595672607422,25.790840336206415,28727441
ITUB4,2024-11-22,25.69291877746582,25.911358337271647,25.564869011364852,25.911358337271647,14604143
ITUB4,2024-11-25,25.685386657714844,25.76824152550913,25.587465196802473,25.6778533611558,27017291
ITUB4,2024-11-26,26.174985885620117,26.483811921298088,25.738108481909215,25.760705111894257,30264922
ITUB4,2024-11-27,25.534740447998047,26.250315772687912,25.399157377942775,26.122264371962313,26816070
ITUB4,2024-11-28,24.61578941345215,25.48201273574509,24.57812781296377,25.436817838499994,44303925
ITUB4,2024-11-29,24.555530548095703,24.804098407152456,24.239171158793464,24.676048643224892,41721478
ITUB4,2024-12-02,24.207080841064453,24.606512959791335,24.116643718241647,24.410563960254095,25024231
ITUB4,2024-12-03,24.478395462036133,24.508540085879012,24.25230182565708,24.274910700700943,23357474
ITUB4,2024-12-04,24.629121780395508,24.75724090173187,24.387955034288602,24.425638661643248,25113058
ITUB4,2024-12-05,25.15667724609375,25.247114383916223,24.7195646847263,24.85521957713652,36947243
ITUB4,2024-12-06,24.64419174194336,25.164207166108845,24.62911861866583,25.08130580240569,24236456
ITUB4,2024-12-09,24.76478385925293,24.968268652505934,24.681882466226106,24.681882466226106,18324009
ITUB4,2024-12-10,25.099973678588867,25.236922860652044,24.87933049805569,24.909764380374604,21447916
ITUB4,2024-12-11,25.343442916870117,25.67821073093125,24.8412920178715,25.12280135342714,35985666
ITUB4,2024-12-12,24.71194839477539,25.24453313513994,24.62825603723638,25.107582303564474,27479555
ITUB4,2024-12-13,24.392396926879883,24.826074030284005,24.384789277778978,24.74999096253055,27998356
ITUB4,2024-12-16,24.1260986328125,24.430434117613,24.1260986328125,24.354349424320024,37414605
ITUB4,2024-12-17,24.255449295043945,24.483700157182547,24.042415376272746,24.194581521574342,45447689
ITUB4,2024-12-18,23.563081741333008,24.225007885038114,23.486997048124717,24.17174942188516,58162101
ITUB4,2024-12-19,23.692428588867188,23.996762497676993,23.517436221359684,23.730470121945157,53287369
ITUB4,2024-12-20,23.966323852539062,23.98154079158456,23.631556126095333,23.631556126095333,60210112
ITUB4,2024-12-23,23.50221824645996,23.82176908329515,23.39570130084823,23.684818254884068,31425454
ITUB4,2024-12-26,23.654386520385742,23.76090511985753,23.42613566703277,23.471786495377824,23278278
ITUB4,2024-12-27,23.418527603149414,23.76090469921073,23.418527603149414,23.700036929161556,15418543
ITUB4,2024-12-30,23.38048553466797,23.639170263093234,23.38048553466797,23.48700248563377,32151480
ITUB4,2025-01-02,23.272109985351562,23.48526624037201,23.02089034838181,23.333012712574774,29053972
ITUB4,2025-01-03,22.70115852355957,23.31017599362647,22.70115852355957,23.28733829090987,40039200
ITUB4,2025-01-06,23.721267700195312,23.78978081754966,22.921929901289143,22.998058329123083,35104078
ITUB4,2025-01-07,23.9800968170166,24.25415583721514,23.782166216390223,23.84306730691733,28624338
ITUB4,2025-01-08,23.591854095458984,23.911588609825078,23.492889590611046,23.766947040725807,21783171
ITUB4,2025-01-09,23.652748107910156,23.728874875068502,23.53855631204217,23.607071060536867,11465733
ITUB4,2025-01-10,23.325408935546875,23.706046206633303,23.256894160946075,23.64514345359655,21853643
ITUB4,2025-01-13,23.492883682250977,23.698426306861187,23.317790781019273,23.317790781019273,17535780
ITUB4,2025-01-14,23.50811004638672,23.5613974751229,23.15792423379554,23.546173435558682,22928521
ITUB4,2025-01-15,24.528215408325195,24.581504484231434,23.65275248847432,23.728879269731586,40308287
ITUB4,2025-01-16,24.45208740234375,24.657630030469573,24.246544774217927,24.47492510655091,24765227
ITUB4,2025-01-17,24.627182006835938,24.7946629029332,24.429251384737103,24.566280909701987,23627808
ITUB4,2025-01-20,24.863176345825195,25.04588292988087,24.512990508610205,24.512990508610205,10462575
ITUB4,2025-01-21,24.91646957397461,25.045885448298524,24.764214346140424,24.863178845871303,15918423
ITUB4,2025-01-22,24.825115203857422,25.091560616075082,24.748988413261227,25.00782015934068,23835940
ITUB4,2025-01-23,24.771821975708008,25.023041658737185,24.611954755132103,24.901237827089254,22913792
ITUB4,2025-01-24,24.710926055908203,24.81750422527192,24.596734220086482,24.688086701665235,9909218
ITUB4,2025-01-27,25.30471420288086,25.358003279547987,24.596730520713187,24.710922339360344,22917984
ITUB4,2025-01-28,25.350391387939453,25.464583207165774,25.09917168882467,25.304714331222765,16244500
ITUB4,2025-01-29,25.28949737548828,25.540717144980835,25.27427168565066,25.456976673439563,13655935
ITUB4,2025-01-30,25.90612030029297,26.020312121446366,25.297102737910937,25.297102737910937,29709865
ITUB4,2025-01-31,25.73863983154297,26.05076061835073,25.73863983154297,25.997473188160082,20432975
ITUB4,2025-02-03,25.500734329223633,25.736851614812778,25.317932310260613,25.653069070694457,25677405
ITUB4,2025-02-04,25.592130661010742,25.813014274584194,25.302696506400043,25.439795942484647,23154667
ITUB4,2025-02-05,25.9805908203125,26.20909214714499,25.706388569717348,25.759705491111916,45348664
ITUB4,2025-02-06,26.026288986206055,26.193855730265494,25.097050136088438,25.363634714812704,44044581
ITUB4,2025-02-07,25.83587074279785,26.25479006841495,25.66830235415492,26.11768895879623,40083613
ITUB4,2025-02-10,26.117685317993164,26.308101670374892,25.904417686533634,25.94250095700998,42687021
ITUB4,2025-02-11,26.39188575744629,26.582303755128468,26.2014694057541,26.2014694057541,35512412
ITUB4,2025-02-12,25.660682678222656,26.36141847337798,25.538815225589122,26.20146939640958,34311545
ITUB4,2025-02-13,25.797779083251953,25.820628712099328,25.554044222247665,25.67591165274981,15168830
ITUB4,2025-02-14,26.483287811279297,26.5823056379647,25.93488505838421,25.97296997741021,33546090
ITUB4,2025-02-17,26.53660774230957,26.88697652769217,26.53660774230957,26.567075022601177,20231641
ITUB4,2025-02-18,26.49221420288086,26.611907123694042,26.22090783486569,26.579988321713778,34668327
ITUB4,2025-02-19,26.244844436645508,26.396456149979407,26.133130361093325,26.372517912192063,25496918
ITUB4,2025-02-20,26.173032760620117,26.364542133960075,26.05333810897617,26.24484748231613,17946380
ITUB4,2025-02-21,26.093233108520508,26.18100894758116,25.965559631089135,26.149090147121203,34362303
ITUB4,2025-02-24,25.94960594177246,26.30868821495161,25.79001535316736,26.228891196240227,29019415
ITUB4,2025-02-25,26.212928771972656,26.44433751295711,26.037378799853965,26.157071727515532,29667378
ITUB4,2025-02-26,26.14909553527832,26.476258996385468,26.133136131759823,26.452319028903318,24486962
ITUB4,2025-02-27,26.125152587890625,26.428376026914666,26.125152587890625,26.308683108692072,23485390
ITUB4,2025-02-28,25.486787796020508,26.260807597955065,25.486787796020508,26.12515526518616,40016653
ITUB4,2025-03-05,25.868139266967773,26.003868305229442,25.54877997024716,25.876124241468833,29404182
ITUB4,2025-03-06,25.91604232788086,26.131610745590258,25.716442132819754,25.868137659935975,21081617
ITUB4,2025-03-07,26.027822494506836,26.2833106486931,25.74838286504124,25.852173741493033,23391804
ITUB4,2025-03-10,26.259353637695312,26.259353637695312,25.756362377643647,25.908057908004377,31361893
ITUB4,2025-03-11,26.027822494506836,26.307262123972436,25.87612694213437,26.307262123972436,21005253
ITUB4,2025-03-12,26.107662200927734,26.187503328395685,25.876127244675722,26.123630426421325,20300754
ITUB4,2025-03-13,26.53081512451172,26.610654529587148,26.059760219059765,26.10766317196019,32681045
ITUB4,2025-03-14,27.39308738708496,27.584702650329852,26.61065465721713,26.666542586110396,35848233
ITUB4,2025-03-17,28.215431213378906,28.30325557318249,27.345176039882197,27.377112484421986,30713817
ITUB4,2025-03-18,28.367128372192383,28.62181765001562,28.235393550254503,28.375912188968442,30775164
ITUB4,2025-03-19,28.437393188476562,28.639388225370034,28.314438712554157,28.54278175334602,25414117
ITUB4,2025-03-20,28.173917770385742,28.5866881529662,27.97192276221299,28.393476961752018,32136515
ITUB4,2025-03-21,28.23539924621582,28.367134094728726,28.08609848596897,28.200269148110056,49041184
ITUB4,2025-03-24,28.261741638183594,28.384694376597626,28.050964529267034,28.17391899304295,32838563
ITUB4,2025-03-25,28.490089416503906,28.937991710467454,28.36713493218492,28.36713493218492,19574017
ITUB4,2025-03-26,28.182701110839844,28.630603357799654,28.0685304573095,28.586691169819833,32860090
ITUB4,2025-03-27,28.217830657958984,28.279307029791312,28.068529911873636,28.23539656802676,29373952
ITUB4,2025-03-28,27.831411361694336,28.22661766390517,27.638198394848626,28.086100711073975,22939851
ITUB4,2025-03-31,27.585498809814453,27.752363737615042,27.30446150738637,27.752363737615042,26139340
ITUB4,2025-04-01,27.59221649169922,27.829474901215086,27.390107923753206,27.583429462889704,12749134
ITUB4,2025-04-02,27.60100746154785,27.785541986681903,27.398898877384628,27.565857617157572,12147820
ITUB4,2025-04-03,28.09309959411621,28.2952081994504,27.319815020851703,27.372538929794008,32876673
ITUB4,2025-04-04,27.363754272460938,27.890993407608423,27.161645649599027,27.7503974557906,32585286
ITUB4,2025-04-07,27.416481018066406,27.78555017712632,26.83651618316222,27.152861423261065,33261069
ITUB4,2025-04-08,27.425260543823242,27.91735147032858,27.231938985101003,27.715242881906597,37102660
ITUB4,2025-04-09,27.9261417388916,28.427019753188326,27.082559168566313,27.240730900502303,37906369
ITUB4,2025-04-10,27.81190299987793,28.154609234341883,27.354961929369967,27.820690029368713,36347258
ITUB4,2025-04-11,27.952503204345703,28.233696805398967,27.627370999160647,27.90856632654599,28350853
ITUB4,2025-04-14,28.409446716308594,28.576405484984644,28.093101514695775,28.260062009704054,27027200
ITUB4,2025-04-15,28.769725799560547,28.813662679126615,28.29520888131271,28.374295609798068,25716216
ITUB4,2025-04-16,28.72579002380371,28.92789864177451,28.558831256102856,28.64670329227939,32431301
ITUB4,2025-04-17,28.77851104736328,28.84881074084675,28.435804789044493,28.620339326523542,20502356
ITUB4,2025-04-22,29.34090232849121,29.472711235560386,28.664276827229678,28.734574795911097,21624747
ITUB4,2025-04-23,29.95601463317871,30.026310874279975,29.481497742424665,29.60451961701598,28074813
ITUB4,2025-04-24,30.535978317260742,30.588700496323895,29.93843611923045,30.008735810645305,27701953
ITUB4,2025-04-25,30.421741485595703,30.72929790289947,30.316293669739103,30.535979784382498,32716096
ITUB4,2025-04-28,30.746871948242188,30.81716818244197,30.289929162624773,30.41295102513816,15664343
ITUB4,2025-04-29,30.992921829223633,31.124730747192476,30.623852715713532,30.755665086346824,25215842
ITUB4,2025-04-30,31.26532745361328,31.353201208905485,30.782023525838216,30.799597586363827,32424606
ITUB4,2025-05-02,31.184141159057617,31.368767316852132,30.55114015037212,31.140180740622665,39184393
ITUB4,2025-05-05,30.630260467529297,31.113804309027216,30.551137937957144,30.99072136420358,28440154
ITUB4,2025-05-06,30.472007751464844,30.665425261388865,30.26100745961638,30.612673461237957,17773062
ITUB4,2025-05-07,30.806093215942383,30.894010586348543,30.533549713121072,30.70059306233056,13799837
ITUB4,2025-05-08,31.05226707458496,31.650099062692426,30.89401509388881,31.298432984136365,34181683
ITUB4,2025-05-09,32.731475830078125,32.749058614476304,31.46547390087259,32.00176609690732,59744738
ITUB4,2025-05-12,32.07210159301758,32.916102902947706,31.869892657981968,32.916102902947706,27701747
ITUB4,2025-05-13,32.46772384643555,32.62597581548429,32.10726640152377,32.24793213171748,25374256
ITUB4,2025-05-14,32.68751907348633,32.828184803929425,32.36222719695172,32.47651875063263,18405585
ITUB4,2025-05-15,33.12709426879883,33.20622023379395,32.7226765081318,32.84575942347019,27141221
ITUB4,2025-05-16,33.32051467895508,33.408432041723096,32.85455369259787,33.12709717174096,30524874
ITUB4,2025-05-19,33.71614456176758,33.92714487242275,33.15347476376851,33.25018352735029,25052690
ITUB4,2025-05-20,33.67219161987305,33.74252276222947,33.28535651939946,33.74252276222947,18517546
ITUB4,2025-05-21,32.9952278137207,33.584271814731146,32.722684293616304,33.57547696819276,20822892
ITUB4,2025-05-22,32.766639709472656,33.17984889547559,32.652344720070644,33.09193153290809,23576494
ITUB4,2025-05-23,33.16227722167969,33.16227722167969,31.966602762892236,32.177606576357334,20729677
ITUB4,2025-05-26,33.23260498046875,33.62823147697755,33.00402185718137,33.074353000113895,6695412
ITUB4,2025-05-27,33.496341705322266,33.9535077413828,33.29413285374701,33.67217639044251,15157789
ITUB4,2025-05-28,33.223812103271484,33.54031259546265,33.144686116629146,33.478772848146086,14984646
ITUB4,2025-05-29,32.96006393432617,33.37326975017319,32.8369775290171,33.109521063089716,18040759
ITUB4,2025-05-30,32.907310485839844,33.16227122199626,32.60839278881753,33.08314523805957,32129614
ITUB4,2025-06-02,32.67654037475586,33.21308536610233,32.570987027730396,33.13392208383642,23768074
ITUB4,2025-06-03,32.57099533081055,32.676548704743944,32.35109995646504,32.55340425382407,24216330
ITUB4,2025-06-04,32.49184036254883,32.79969462405383,32.254350419553916,32.69414469028091,17784701
ITUB4,2025-06-05,32.09602355957031,32.54460986256777,31.99926917672671,32.54460986256777,25542146
ITUB4,2025-06-06,32.17518615722656,32.32471376960158,31.928900708128403,32.07842832050342,18733537
ITUB4,2025-06-09,32.008060455322266,32.219160270519104,31.550675218391174,32.07842475638326,24664895
ITUB4,2025-06-10,31.958438873291016,32.47332811554136,31.931807753598154,32.402308308329005,20974508
ITUB4,2025-06-11,32.25139236450195,32.482202382987595,31.727629558846935,31.931808457053034,16665400
ITUB4,2025-06-12,32.499961853027344,32.695263722568875,32.01170717917353,32.03833830101146,22525482
ITUB4,2025-06-13,32.10934829711914,32.269141955356204,31.87853833569281,32.10934829711914,14821597
ITUB4,2025-06-16,32.69525909423828,33.04147409321635,32.42006041010831,32.42893744946433,17874002
ITUB4,2025-06-17,32.89055633544922,32.926064487906444,32.64198880415657,32.83729061873269,20133513
ITUB4,2025-06-18,32.69525909423828,32.91719205420098,32.588731133934935,32.78402948779841,20285232
ITUB4,2025-06-20,32.526588439941406,32.553219558066374,32.30465547950429,32.420060479410346,21841974
ITUB4,2025-06-23,32.4555778503418,32.52659767353388,32.09160866855075,32.52659767353388,14711387
ITUB4,2025-06-24,33.0681037902832,33.36105654053644,32.473324738833206,32.59760677250794,20742037
ITUB4,2025-06-25,32.473331451416016,32.970459688876616,32.34904590401911,32.9349515256385,20384627
ITUB4,2025-06-26,32.233638763427734,32.65975064635991,32.13598783291982,32.51771451472636,23717707
ITUB4,2025-06-27,32.1981201171875,32.27801345319632,31.905167421063997,31.958429645069877,14240265
ITUB4,2025-06-30,32.80178451538086,32.81066155404971,31.887418140211224,32.091597005656574,30712643
ITUB4,2025-07-01,32.95068359375,33.012856051243425,32.69311946205843,32.79969483542221,18712010
ITUB4,2025-07-02,32.684226989746094,33.11054583123561,32.46218803482895,32.950675829464906,20331479
ITUB4,2025-07-03,33.49246597290039,33.57240100880916,32.71976993164521,32.71976993164521,13945170
ITUB4,2025-07-04,33.51023483276367,33.74115870095086,33.37701207435897,33.48359097902258,7528785
ITUB4,2025-07-07,33.06614685058594,33.55463480630952,32.99509659498848,33.519109678510794,13885121
ITUB4,2025-07-08,32.9862060546875,33.14607608122001,32.773048345775884,33.00396861548053,21526588
ITUB4,2025-07-09,32.30232620239258,32.941799322721714,32.20462862931194,32.932918042414165,16093132
ITUB4,2025-07-10,31.307592391967773,31.88489314307445,31.29871111038906,31.88489314307445,39571879
ITUB4,2025-07-11,31.05002212524414,31.263179844461813,30.84574568685239,31.218773440332203,43139284
ITUB4,2025-07-14,30.99674415588379,31.112204332508295,30.650360136311406,31.023388006712786,26665052
ITUB4,2025-07-15,31.103317260742188,31.280949879276758,30.81022448706961,30.996738387561088,27356285
ITUB4,2025-07-16,31.254301071166992,31.35199865778818,30.97897436407841,31.16548825578232,27655294
ITUB4,2025-07-17,31.72503089904785,31.831609782183467,31.254305462874726,31.272071518146113,25587775
ITUB4,2025-07-18,31.147720336914062,31.72502454051581,31.076670088863025,31.458575641230887,32227155
ITUB4,2025-07-21,31.51188087463379,31.60069721401701,31.09444652232223,31.12997166219576,12354541
ITUB4,2025-07-22,31.08555793762207,31.742793809141947,31.032266750626594,31.5296360405572,23330324
ITUB4,2025-07-23,31.431936264038086,31.556277705491585,30.961214345028758,31.05002716771102,13271962
ITUB4,2025-07-24,31.138839721679688,31.325353606197158,30.952325837162217,31.325353606197158,11460089
ITUB4,2025-07-25,31.272069931030273,31.520752815826082,31.112199869591283,31.112199869591283,18518061
ITUB4,2025-07-28,30.61482810974121,31.369764964199256,30.33061662911816,31.334236348060074,17849385
ITUB4,2025-07-29,30.792465209960938,30.961216564551215,30.52601625371817,30.588188723751056,16655821
ITUB4,2025-07-30,31.147720336914062,31.316471655430966,30.472722042242136,30.65035115206758,19531787
ITUB4,2025-07-31,31.2276611328125,31.280952318407532,30.765816986549982,30.80134560684617,22001830
ITUB4,2025-08-01,31.038965225219727,31.776506335176638,30.87012912513458,31.634330955571468,16498643
ITUB4,2025-08-04,31.36774253845215,31.598778797971903,31.12782053752398,31.492146409620442,17430072
ITUB4,2025-08-05,31.71430206298828,31.927566850745073,31.15447937653872,31.296658229343674,49690805
ITUB4,2025-08-06,32.11417770385742,33.011669147652306,32.07863124128817,32.24746733700187,41157358
ITUB4,2025-08-07,32.6828727722168,32.8872517769726,32.087507238110774,32.20302884205965,26887326
ITUB4,2025-08-08,32.905033111572266,33.01166900737589,32.656225331899755,32.691768302866976,18329262
ITUB4,2025-08-11,33.109413146972656,33.2071598114455,32.64734054506546,32.70954423753039,22695226
ITUB4,2025-08-12,33.793636322021484,34.006901115033145,33.2249278796899,33.287131565756106,27812781
ITUB4,2025-08-13,33.4737434387207,33.873615849921684,33.45597195225864,33.69589400239877,22618491
ITUB4,2025-08-14,33.42931365966797,33.76698589278276,33.127191384962245,33.189391592098126,26818728
ITUB4,2025-08-15,33.31379318237305,33.6159154044161,33.18938580688377,33.31379318237305,19527976
ITUB4,2025-08-18,33.55371856689453,33.82029784631177,33.331568003563106,33.41153969251758,21658634
ITUB4,2025-08-19,32.57878112792969,33.126099850721914,32.201942716354694,33.11712423402232,40817973
ITUB4,2025-08-20,32.59672546386719,32.776174341868554,32.34549985496905,32.54289291569461,16894884
ITUB4,2025-08-21,32.63260269165039,32.68643521563401,32.29164927157494,32.34548532093669,16147619
ITUB4,2025-08-22,33.54778289794922,33.5747026845934,32.65054598605332,32.74924246940723,32623087
ITUB4,2025-08-25,33.377315521240234,33.718265466026935,33.29656319802325,33.628541054161246,11064054
ITUB4,2025-08-26,33.153011322021484,33.45807295884497,32.79411361969777,33.42218107338509,22088247
ITUB4,2025-08-27,33.70930099487305,33.72724517622541,32.883840449628764,33.01842533515094,12612968
ITUB4,2025-08-28,34.40914535522461,34.74112325367465,33.843886071418225,33.951554674304155,25167947
ITUB4,2025-08-29,34.534759521484375,34.67831648929151,34.382230463525495,34.51681534118089,32600942
ITUB4,2025-09-01,34.8109245300293,35.07124157305476,34.550603960007166,34.64036955218732,14863209
ITUB4,2025-09-02,34.218467712402344,34.541621671149635,34.07484137940618,34.24539632721561,24358676
ITUB4,2025-09-03,33.9222412109375,34.37106555049413,33.77861840983824,34.21846654476341,20686108
ITUB4,2025-09-04,34.0568962097168,34.42493479839056,33.670908734347805,33.91327337318378,15877244
ITUB4,2025-09-05,34.433902740478516,34.84682226427421,34.19153815981442,34.39799792171226,15664343
ITUB4,2025-09-08,34.27232360839844,34.478783346678,33.90428515016289,34.43389880135887,11800195
ITUB4,2025-09-09,33.97610855102539,34.44288539031637,33.931223992172576,34.44288539031637,19497179
ITUB4,2025-09-10,34.003028869628906,34.42492457407433,33.93121570919274,33.985076461268804,14517129
ITUB4,2025-09-11,34.06587600708008,34.77501751121825,34.06587600708008,34.15563807570759,18078972
ITUB4,2025-09-12,33.55420684814453,33.89531321130942,33.446485336623,33.8594083921329,22589754
ITUB4,2025-09-15,34.11075210571289,34.27233085985626,33.581138342459404,33.670903925095025,14196181
ITUB4,2025-09-16,34.02098083496094,34.33515855815871,33.81452108751681,34.28129780678403,19993536
ITUB4,2025-09-17,34.50572204589844,34.84682846587148,33.98508444615155,34.047917890174794,25226348
ITUB4,2025-09-18,34.550601959228516,34.604462722216276,34.254376580286994,34.505720929235764,15433005
ITUB4,2025-09-19,35.00840759277344,35.00840759277344,34.514698606820865,34.559579638727186,26702853
ITUB4,2025-09-22,34.50572204589844,34.88273329102762,34.36209569128073,34.76603908227359,18325039
ITUB4,2025-09-23,35.053287506103516,35.223842475898216,34.532649917621086,34.532649917621086,16930110
ITUB4,2025-09-24,34.81990051269531,35.13407831980774,34.748087334013526,35.062265141125955,18713452
ITUB4,2025-09-25,34.541629791259766,35.02636260683061,34.532653584211864,34.83785520483101,15146768
ITUB4,2025-09-26,34.71217727661133,34.882728700655946,34.550598530678414,34.59548308321361,12786935
ITUB4,2025-09-29,34.90967559814453,35.33157152451784,34.88274344444164,35.08022709427565,19124422
ITUB4,2025-09-30,35.07123947143555,35.45723043658101,34.757061681130196,35.367464849779985,33263438
ITUB4,2025-10-01,34.440486907958984,35.392426438935885,34.395585597880434,35.257718980110056,25519177
ITUB4,2025-10-02,34.06330108642578,34.75480594750531,34.02738003910377,34.503348030480886,17094601
ITUB4,2025-10-03,34.31475830078125,34.31475830078125,33.874711365737056,34.045339865612746,17766985
ITUB4,2025-10-06,33.919612884521484,34.350679560594855,33.919612884521484,34.305778252083066,14832309
ITUB4,2025-10-07,33.38078308105469,33.88369190410439,33.20117077077098,33.87471517003968,20705472
ITUB4,2025-10-08,33.443641662597656,33.63223421716967,33.27301316017686,33.45262192437822,15395204
ITUB4,2025-10-09,33.3897590637207,33.60529239699734,33.19218625345212,33.60529239699734,18067539
ITUB4,2025-10-10,33.35383605957031,33.73102117485907,33.255049649784695,33.56038914106841,23250808
ITUB4,2025-10-13,33.488548278808594,33.70408163017019,33.47956801655105,33.47956801655105,8194989
ITUB4,2025-10-14,33.632232666015625,33.982476973664326,33.39873881330978,33.39873881330978,21154861
ITUB4,2025-10-15,33.632232666015625,33.856746257355084,33.28199188695685,33.5154857396627,21972166
ITUB4,2025-10-16,33.55140686035156,33.94655247571811,33.317913007122215,33.51548581480549,15847580
ITUB4,2025-10-17,33.66815948486328,33.78490289041003,33.237089267586,33.36281999227821,17469315
ITUB4,2025-10-20,34.269859313964844,34.44049137155817,33.74898640659594,33.78490745931426,19114019
ITUB4,2025-10-21,33.946556091308594,34.33272148641845,33.91961530427962,34.2698561214272,14013871
ITUB4,2025-10-22,34.2249641418457,34.2249641418457,33.89268375878109,34.06331231841358,13890374
ITUB4,2025-10-23,34.19801330566406,34.43150717886686,34.0184010053895,34.35068129088428,11432588
ITUB4,2025-10-24,34.153114318847656,34.59316488278733,34.10821300037975,34.46743413389551,10169911
ITUB4,2025-10-27,34.440486907958984,34.67398077754781,34.29679565852726,34.41354612191186,11194349
ITUB4,2025-10-28,34.5572395324707,34.5572395324707,34.296801305364404,34.34170615142655,10478499
ITUB4,2025-10-29,35.32957077026367,35.482238779763335,34.62010524708098,34.62010524708098,27235466
ITUB4,2025-10-30,35.284664154052734,35.63490500199088,35.04218999229484,35.2667036277878,18657008
ITUB4,2025-10-31,35.419376373291016,35.590004907251995,35.31160615482306,35.419376373291016,16449821
ITUB4,2025-11-03,36.0102424621582,36.055167408125044,35.534061334033,35.848521835120096,17968144
ITUB4,2025-11-04,35.902427673339844,36.09110468075801,35.76765989525696,35.98328975225766,20386481
ITUB4,2025-11-05,36.05516815185547,36.082121001889426,35.309444392887144,35.90242827465583,36312135
ITUB4,2025-11-06,36.05516815185547,36.64814850345388,35.94735322154936,36.01922748830658,23226500
ITUB4,2025-11-07,36.09110641479492,36.118059265672436,35.73172094907988,36.05516928029157,12706904
ITUB4,2025-11-10,36.33368682861328,36.405564623231605,36.13602554104051,36.252824750938935,16552409
ITUB4,2025-11-11,37.03448486328125,37.16925263654468,36.33368608800527,36.47744167431168,37289193
ITUB4,2025-11-12,36.189937591552734,37.15128772504218,36.055169805033394,37.03448850603603,36789128
ITUB4,2025-11-13,36.33368682861328,36.88174574588133,36.100088408816426,36.35165539472532,33686974
ITUB4,2025-11-14,36.477439880371094,36.54931413981947,36.12703874488059,36.315715736272416,17006742
ITUB4,2025-11-17,36.20790481567383,36.56729027328534,36.109074167847695,36.47744390888246,43985120
ITUB4,2025-11-18,36.02821350097656,36.25282765571471,35.84852429528831,35.89344571416776,17147337
ITUB4,2025-11-19,35.803592681884766,36.11805314601971,35.70476204857551,35.9832853842961,25766686
ITUB4,2025-11-21,35.91141891479492,35.96532815457575,35.534068357012686,35.80360396540415,16502454
ITUB4,2025-11-24,35.77663803100586,36.09109847927947,35.68679168433203,35.86648437767969,29014997
ITUB4,2025-11-25,35.857505798339844,36.13602563413433,35.695781642574524,35.93836434605234,30345963
ITUB4,2025-11-26,36.702056884765625,36.75596258358669,35.91141172736183,36.028210938311,22251296
ITUB4,2025-11-27,36.57626724243164,36.729007105165465,36.45947157001274,36.53134582996283,9469408
ITUB4,2025-11-28,37.41183090209961,37.654413548377875,37.01650841915034,37.07940191604475,45311657
ITUB4,2025-12-01,37.12209701538086,37.52657530518729,36.98726856433405,37.49061940346354,15912985
ITUB4,2025-12-02,37.949031829833984,37.949031829833984,37.24793585418877,37.26591204018812,21175667
ITUB4,2025-12-03,37.949031829833984,38.16475312516064,37.67937844484207,38.0209401054986,23159653
ITUB4,2025-12-04,38.88382339477539,38.88382339477539,38.06587871826715,38.074866810829484,23199514
ITUB4,2025-12-05,37.08614730834961,39.00966652935415,36.987274742511346,38.92877015154692,39832160
ITUB4,2025-12-08,37.265907287597656,37.82318664084278,37.05018601978234,37.706337915081704,40458400
ITUB4,2025-12-09,37.18501281738281,37.301865080743994,36.60975725122129,37.18501281738281,24725047
ITUB4,2025-12-10,37.47766876220703,37.6677149941014,36.95503322379769,37.24960656337393,25643189
ITUB4,2025-12-11,37.44915771484375,37.78174327937527,37.26860987874448,37.4396555901695,21275268
ITUB4,2025-12-12,37.78173828125,38.06681318469788,37.39214002021273,37.7247255407467,17595593
ITUB4,2025-12-15,38.351890563964844,38.56094475992676,37.91477792397975,38.18084486412545,17767809
ITUB4,2025-12-16,37.36363983154297,38.2093589092549,37.36363983154297,38.161848279560864,20379168
ITUB4,2025-12-17,37.03104782104492,37.38264135457845,36.8219973528858,37.15458290418294,31625017
ITUB4,2025-12-18,37.22109603881836,37.306618887140196,36.88851050302806,36.88851050302806,21898830
ITUB4,2025-12-19,37.56318283081055,38.00979757616588,37.240099426336066,37.392140871761626,35446214
ITUB4,2025-12-22,37.63920593261719,37.743733032837746,37.33512675618974,37.50617245969396,15858704
ITUB4,2025-12-23,38.256866455078125,38.34238557328756,37.76273732609199,37.81975380520905,10490138
ITUB4,2025-12-26,38.26921463012695,38.386667598013695,37.88750181860465,38.190916385179634,12196300
ITUB4,2025-12-29,38.151763916015625,38.43560297693299,38.034314686328464,38.34751512125669,10657000
ITUB4,2025-12-30,38.396461486816406,38.82711125795634,38.31816322553852,38.396461486816406,13764900
ITUB4,2026-01-02,38.3359260559082,38.94303288301178,38.3359260559082,38.80594460612149,18846800
ITUB4,2026-01-05,38.894073486328125,39.30533831878155,38.24779751006174,38.42405493407761,24438700
ITUB4,2026-01-06,39.12907791137695,39.63826557133596,39.12907791137695,39.25637576021048,21959800
ITUB4,2026-01-07,38.50239562988281,39.14867170917964,38.37509775104944,39.070337139004025,20894500
ITUB4,2026-01-08,39.09970474243164,39.25637758853319,38.41425963997163,38.53176334070397,17209400
ITUB4,2026-01-09,39.0213737487793,39.452226957660564,38.94303917876743,39.09971205416716,17023600
ITUB4,2026-01-12,38.66884994506836,39.08011470784009,38.66884994506836,39.021360997997796,10672200
ITUB4,2026-01-13,38.35551834106445,38.747202450829505,38.35551834106445,38.6492832910765,17397400
ITUB4,2026-01-14,38.77656173706055,38.835315450327684,38.40446609249368,38.64926762804425,21222100
ITUB4,2026-01-15,39.109500885009766,39.38368120734698,38.8353242980484,38.972412591529086,19093500
ITUB4,2026-01-16,38.78636169433594,39.25638026468225,38.63947925687591,39.138876555939554,19742500
ITUB4,2026-01-19,38.727603912353516,39.04094959306882,38.70801934038691,38.89407090638205,7190900
ITUB4,2026-01-20,39.08991241455078,39.25637942245906,38.257588581135806,38.5317651407783,20693900
ITUB4,2026-01-21,40.80352020263672,40.90144306300178,39.40325878548061,39.43263377590254,39510800
ITUB4,2026-01-22,42.1842041015625,42.664013038796185,41.028740508300565,41.087490488563795,42959700
ITUB4,2026-01-23,42.66402053833008,42.99695084805345,42.145042366110864,42.29192107796259,41025100
ITUB4,2026-01-26,43.231956481933594,43.41800432061137,42.38004437367805,42.60526135798545,25371700
ITUB4,2026-01-27,44.377628326416016,45.112033036674944,43.76072732389337,43.848856038539466,40280000
ITUB4,2026-01-28,45.37641525268555,45.454749805937006,44.68117975031237,44.6909701687031,36337500
ITUB4,2026-01-29,45.190372467041016,46.071655900259884,44.70076931457199,45.70935061333798,36252700
ITUB4,2026-01-30,44.55387878417969,45.41558122195452,44.04469114982979,45.13161054859834,38117000
ITUB4,2026-02-02,44.943946838378906,45.1594558072089,44.50312709348059,44.855782889399244,28095400
ITUB4,2026-02-03,45.198638916015625,46.02150116327296,44.95373948215176,45.35537440421375,48570600
ITUB4,2026-02-04,43.70964813232422,45.041901596268936,43.151277744769246,44.96353572379088,48683500
ITUB4,2026-02-05,44.59128952026367,44.94394530414384,43.827204479769186,44.31700334918746,36014400
ITUB4,2026-02-06,45.79619216918945,45.982314385673874,44.18965254981634,44.659858994252225,38175900
ITUB4,2026-02-09,47.324371337890625,47.41253528987699,45.786403081915495,46.04109686717108,41656900
ITUB4,2026-02-10,47.43212127685547,48.18641199302706,47.20681424270585,47.32436866328998,43939300
ITUB4,2026-02-11,48.362735748291016,48.65661430086433,47.60844509666944,47.80436537734116,45819200
ITUB4,2026-02-12,47.255794525146484,48.09824540519827,46.893340686882524,48.04926626774517,42023800
ITUB4,2026-02-13,46.795387268066406,47.08926586015026,45.64925590100962,47.08926586015026,32353500
ITUB4,2026-02-18,47.010894775390625,47.43211834406458,46.55048266540952,47.08926064739905,23368500
ITUB4,2026-02-19,47.55946731567383,48.16681683987768,46.95211779146997,47.11864760582077,32026400
ITUB4,2026-02-20,48.22559356689453,48.28437077324623,47.040281265316516,47.06966800005806,31655900
ITUB4,2026-02-23,46.48191452026367,47.89253395123874,46.32517902793311,47.80437000324849,34148200
ITUB4,2026-02-24,47.18721389770508,47.36354176203656,46.28598591278257,46.66802837321138,38465900
ITUB4,2026-02-25,46.81497573852539,47.510489219948305,46.10966418729724,47.35375373488302,28980200
ITUB4,2026-02-26,46.69742202758789,47.167632226756496,46.19782882916582,46.81497644581444,26516600
ITUB4,2026-02-27,45.82558059692383,46.6484428392991,45.33578173210209,46.62885043628198,44765800
ITUB4,2026-03-02,45.000614166259766,45.40240896898289,44.66742504105409,44.91241968369702,47144000
ITUB4,2026-03-03,43.491451263427734,43.97163868340117,42.57026898798848,43.33465483714556,54352300
ITUB4,2026-03-04,44.108829498291016,44.57922245583668,43.62864213918158,44.334227837178865,27146100
ITUB4,2026-03-05,42.63886260986328,44.099032210126616,42.46246992027835,43.90303576375069,37085400
ITUB4,2026-03-06,42.07048034667969,42.71726605392356,41.79608754309791,42.589867792979916,26063600
ITUB4,2026-03-09,42.29587936401367,42.413475758007,41.50209529333424,41.668693611619936,40970400
ITUB4,2026-03-10,42.92306900024414,43.31506200012017,41.962690262702395,42.7074762148024,50383100
ITUB4,2026-03-11,43.01126480102539,43.55025234157096,42.33508083979427,42.40367905013704,18482600
ITUB4,2026-03-12,41.835289001464844,42.35468025010729,41.45309790984627,42.22728197346043,27095200
ITUB4,2026-03-13,41.55109786987305,42.48207463289036,41.482499660773286,41.97248900481272,24896600
ITUB4,2026-03-16,42.13908386230469,42.59967504496967,41.99208556280504,42.38407853592273,17777300
ITUB4,2026-03-17,41.85488510131836,42.51147270712823,41.42369586319127,42.041083427810946,22436600
ITUB4,2026-03-18,41.433494567871094,42.178280407327996,41.42369642660112,41.64909105902784,23872800
ITUB4,2026-03-19,41.72749328613281,41.747089569679474,40.541716262175754,40.86511101552457,32908000
ITUB4,2026-03-20,41.05448913574219,41.76590388510065,40.70866461547326,41.60781213737705,37660900
ITUB4,2026-03-23,42.26982498168945,42.6255323970021,41.55841392026917,42.032689217617694,27535500
ITUB4,2026-03-24,42.03268051147461,42.2994610177014,41.45959562346057,41.99315663591415,18609000
ITUB4,2026-03-25,42.586002349853516,42.98123359171196,42.338983765993106,42.635409081989174,35148900
ITUB4,2026-03-26,41.439842224121094,42.32911076143904,41.439842224121094,42.180898082151046,18260900
ITUB4,2026-03-27,40.95568084716797,41.3113882013528,40.68890033152935,41.3113882013528,27910700
ITUB4,2026-03-30,41.10388946533203,41.55840650895585,40.73830302888196,41.49912069390813,18528100
ITUB4,2026-03-31,42.96147918701172,43.11957095763935,41.647342050395565,41.78567187854409,33419700
ITUB4,2026-04-01,43.325416564941406,43.770233001652834,42.999213822519714,43.33529978253848,26681100
ITUB4,2026-04-02,42.801517486572266,43.503342862206374,41.9810746404547,42.12934553586367,17811800
ITUB4,2026-04-06,42.98933792114258,43.23645988171971,42.702675541885455,42.85094645576261,11004600
ITUB4,2026-04-07,42.959678649902344,42.969565639486454,42.14911895996318,42.80152075359182,20302000
ITUB4,2026-04-08,44.46218490600586,45.20355082461134,44.1854095030434,45.17389739451738,35777600
ITUB4,2026-04-09,45.22331619262695,45.43089772262191,44.47206713469117,44.67964866468613,22162900
ITUB4,2026-04-10,45.53963088989258,45.84606345356847,45.243085315473536,45.30239593866997,29705900
ITUB4,2026-04-13,45.302398681640625,45.50998021922445,44.719190715965745,45.23320106499756,31011600
ITUB4,2026-04-14,45.994327545166016,46.300760063469504,45.322155664925525,45.470430315571306,23343300
ITUB4,2026-04-15,46.49846649169922,46.86420591774862,45.836177712374536,45.836177712374536,28907200
ITUB4,2026-04-16,46.43915557861328,46.923516251278755,45.98445210356024,46.72581794058302,22566300
ITUB4,2026-04-17,46.261226654052734,47.34856545816762,46.21180301995241,46.95316884380192,39165500
ITUB4,2026-04-20,45.836181640625,46.48858348633573,45.69779394165332,46.26123172791341,19194500
ITUB4,2026-04-22,44.51160430908203,45.727443847357726,44.462180673369694,45.727443847357726,25440000
ITUB4,2026-04-23,43.67138671875,44.600563795674844,43.612076099498125,44.38309906664726,20444200
ITUB4,2026-04-24,43.85920333862305,44.007478019330755,43.38472963945285,43.94816739289132,18234600
ITUB4,2026-04-27,43.483577728271484,44.04701544341739,43.47369073914597,43.98770482100885,13718400
ITUB4,2026-04-28,43.592315673828125,44.096446623626946,42.702678810131275,43.17715255825936,27131800
ITUB4,2026-04-29,42.37647247314453,43.503348002849954,42.267738207860354,43.34519009992256,18628100
ITUB4,2026-04-30,42.692787170410156,43.05853037519288,42.633480315091035,42.82129164157116,22735500
ITUB4,2026-05-04,41.92953872680664,42.770105770575114,41.781201590908644,42.63165978900102,25336300
ITUB4,2026-05-05,41.98886489868164,42.2262035296258,41.65263737205965,42.02842196590059,29386700
ITUB4,2026-05-06,41.31641387939453,42.80966124756302,41.07907899764757,42.76021679489657,38718400
ITUB4,2026-05-07,40.33740234375,41.40541689482783,40.07039776288803,41.32630652218543,36335300
ITUB4,2026-05-08,40.80218505859375,41.08896817793122,40.525293093644514,40.703296148931905,35920000
ITUB4,2026-05-11,39.882503509521484,40.65384748771035,39.66494340393193,40.49562298520059,41215600
ITUB4,2026-05-12,39.4276008605957,39.88249956109916,39.32871197095588,39.84294249629549,43381700
ITUB4,2026-05-13,39.190269470214844,40.119837940804565,38.93315229870153,39.48693993764819,48564700
ITUB4,2026-05-14,39.95172882080078,40.19895485614641,39.54627827372876,39.70450278545516,34925200
ITUB4,2026-05-15,39.259490966796875,39.60560587030028,39.14082353879135,39.33860132801072,46869600
ITUB4,2026-05-18,39.18037796020508,39.4078254422453,38.86392896150828,39.229822408932144,22993100
ITUB4,2026-05-19,38.349700927734375,38.982598966917735,38.27059055902139,38.61670549533421,41150400
ITUB4,2026-05-20,39.22982406616211,39.536385697011774,38.66614902764837,38.78482023645005,38261500
ITUB4,2026-05-21,39.674827575683594,40.00116770767072,38.81448214865206,38.99248517112333,40949800
ITUB4,2026-05-22,38.99248504638672,39.59571709034635,38.87381762257529,39.56604740511645,21539700
ITUB4,2026-05-25,39.87261199951172,40.04072765388257,39.417717030411225,39.417717030411225,11436200
ITUB4,2026-05-26,39.615501403808594,39.91217189281256,39.21005085528353,39.77372591610204,23046600
ITUB4,2026-05-27,39.87261199951172,40.36706403697825,39.84294608442202,40.149503933334685,21601400
ITUB4,2026-05-28,39.5561637878418,40.001171384928966,39.27927184848522,39.87261279635495,20196600
ITUB4,2026-05-29,39.59571838378906,39.71438581147691,39.10126636732527,39.42760273655923,80334400
ITUB4,2026-06-01,38.94094467163086,39.63349270407565,38.83211520986456,39.62359705805154,32832400
ITUB4,2026-06-02,39.138816833496094,39.56423904275782,39.049774887974266,39.20807126067049,23121000
ITUB4,2026-06-03,38.30776596069336,38.88158898672174,38.2286158748501,38.812334548650796,40844400
ITUB4,2026-06-05,38.416587829589844,38.75296430552058,38.159353875652954,38.337437759429854,34727700
ITUB4,2026-06-08,38.10988998413086,38.66392919683761,38.02084803519734,38.30776140110351,23153100
ITUB4,2026-06-09,38.80243682861328,38.92115816540666,38.35722709803406,38.505627825504966,28212000
ITUB4,2026-06-10,38.94094467163086,39.16849546710442,38.23850476724512,38.61445628633196,41470600
ITUB4,2026-06-11,40.06881332397461,40.18753467707997,38.802442159960734,38.82222968115892,57558800
ITUB4,2026-06-12,40.16774368286133,40.68220786728083,39.6829626647145,39.79179213485293,30651000
ITUB4,2026-06-15,39.969879150390625,41.048274514928856,39.89072906627448,40.84050743116584,25132500
ITUB4,2026-06-16,40.019344329833984,40.19742823728609,39.70275155527104,39.851152295425415,20052700
ITUB4,2026-06-17,40.36561584472656,41.186780935149905,40.19742758712189,40.514020356564174,28205700
ITUB4,2026-06-18,40.05891799926758,40.93944185926745,40.02923483298567,40.48433645908484,20051100
ITUB4,2026-06-19,39.801239013671875,40.30037671219137,39.69142811069864,40.29039563379309,48413400
ITUB4,2026-06-22,40.8693962097168,40.949260074898845,40.03084466589871,40.09074256478525,25404800
ITUB4,2026-06-23,40.97920227050781,41.308634963218296,40.3203406932051,40.45011755470785,21074900
ITUB4,2026-06-24,40.89934539794922,41.408464189339945,40.73962148220718,40.73962148220718,22041600
ITUB4,2026-06-25,41.62808609008789,42.037378863055004,41.148914341842385,41.228774395824026,20778400
ITUB4,2026-06-26,42.16715621948242,42.466638089562615,41.328604698386734,41.438411797858556,23047700
ITUB4,2026-06-29,42.33686065673828,42.536516503526165,41.96749981545775,42.167155662245634,21151300
ITUB4,2026-06-30,42.107261657714844,42.446675486190436,41.568191963997336,42.01741670876193,40172400
ITUB4,2026-07-01,42.38508224487305,42.744617022717094,41.41633999319451,41.64604192131463,26405300
ITUB4,2026-07-02,42.415042877197266,43.10414861055906,42.25525007773246,42.65473017151404,15005100
ITUB4,2026-07-03,42.6846923828125,42.83449598385307,42.47496124573856,42.734626916492694,9878400
ITUB4,2026-07-06,42.50492858886719,42.61478304829924,41.99558639711036,42.43501947388268,19170500
ITUB4,2026-07-07,42.37509536743164,43.12412485828689,42.30518625306603,42.61478267103916,21184500
ITUB4,2026-07-08,41.835792541503906,42.2752256072627,41.50622155194576,42.2752256072627,18564500
ITUB4,2026-07-09,42.534889221191406,42.69468203078753,41.885728789216515,41.895717982806886,18657300
ITUB4,2026-07-10,44.242671966552734,44.282621118121966,43.17405692552095,43.33384972203709,28815100
ITUB4,2026-07-13,43.463680267333984,44.582229783950794,43.42373111787181,44.05291688773902,17749900
ITUB4,2026-07-14,43.573543548583984,43.94306369932247,43.184048820810844,43.75331093213482,15398000
ITUB4,2026-07-15,43.084171295166016,43.563549663082114,42.994287613071705,43.46368059842649,18975900
ITUB4,2026-07-16,42.494937896728516,43.17405825527914,42.28521055917165,43.17405825527914,18156600
ITUB4,2026-07-17,41.905696868896484,42.55485720021502,41.81581318932562,42.44499894632168,19576400
ITUB4,2026-07-20,42.24525833129883,42.4749602285353,42.045516391600835,42.08546554149256,12612200
ITUB4,2026-07-21,42.4749641418457,42.524902488691595,42.1254185724903,42.32516053059095,9834900
ITUB4,2026-07-22,42.844486236572266,42.924380730485304,42.215300429303554,42.624769711229995,21986300
ITUB4,2026-07-23,42.50492858886719,42.81452500958111,42.215302935496524,42.58482308752332,22570600
ITUB4,2026-07-24,42.0455207824707,42.39507016588625,41.98560086113623,42.245262743028015,10443700
ITUB4,2026-07-27,42.6347541809082,42.804536167697336,42.275223251360856,42.395066894543305,14920100
ITUB4,2026-07-28,42.804534912109375,43.61348424206285,42.54486924811001,43.44370607001456,19096400
ITUB4,2026-07-29,41.7658805847168,42.674702804622946,41.7658805847168,42.59480831340869,20532400
ITUB4,2026-07-30,42.6846923828125,42.79454683300463,41.77587015469448,42.13540108304827,12531700
ITUB4,2026-07-31,42.834495544433594,43.243964812027734,42.834495544433594,43.1940302788598,10285400
ITUB4,2026-08-03,43.132415771484375,43.43215765033487,42.79271542335627,43.31225937424415,17043500
ITUB4,2026-08-04,42.06334686279297,43.82181676822601,42.0133911542994,43.78185067688065,26508600
ITUB4,2026-08-05,42.343109130859375,43.34223862740666,42.24319389437871,42.572908457700066,30166400
ITUB4,2026-08-06,41.79358673095703,42.862654937751465,41.79358673095703,42.26317498081094,22055300
ITUB4,2026-08-07,40.71452713012695,42.093326907486016,40.4647447550955,41.97342862327979,25577700
ITUB4,2026-08-10,40.38481140136719,40.84441385482133,40.304883025577205,40.71452595636409,19652700
ITUB4,2026-08-11,38.96604919433594,40.51469910516887,38.76622253875636,40.41478768306731,44710200
ITUB4,2026-08-12,38.39654541015625,39.305753065293544,38.3565793170702,39.1758651684521,49492600
ITUB4,2026-08-13,38.276649475097656,38.87612560290427,38.12677853745787,38.34658822962922,24129000
ITUB4,2026-08-14,38.96604919433594,39.09593709216913,37.83703182998131,38.22669171210444,39681400
ITUB4,2026-08-17,38.34659194946289,38.946068135422045,38.13677185413822,38.88611899227548,21823400
ITUB4,2026-08-18,38.15675354003906,38.70627780416184,38.066831734216834,38.44650200450807,14745300
ITUB4,2026-08-19,38.33659744262695,38.96605008815958,38.12678116457492,38.68629505075687,35577300
ITUB4,2026-08-20,37.47734451293945,38.30662379741625,37.31748395117454,38.18672932893668,27458900
ITUB4,2026-08-21,38.5663948059082,38.68629308273272,37.527303086396785,37.76709201729314,29492600
ITUB4,2026-08-24,38.696285247802734,39.105928192149086,38.11679211717022,38.21670354305895,18970400
ITUB4,2026-08-25,39.40566635131836,39.535554254306135,38.39654722709059,38.81617979022196,18255700
ITUB4,2026-08-26,39.4156608581543,40.125041912196366,39.265789903581265,39.465616572553074,20036200
ITUB4,2026-08-27,39.06595993041992,39.405664095526895,38.83616061452055,39.21583087231691,24225700
ITUB4,2026-08-28,39.1558837890625,39.34572083361577,38.69628513313371,39.28577169143423,20889700
ITUB4,2026-08-31,39.485595703125,39.81530643454688,39.235813344535934,39.54554484128185,25694900
ITUB4,2026-09-01,39.863624572753906,40.403399926849275,39.343837650217324,39.763663349306036,27032600
ITUB4,2026-09-02,41.39299774169922,41.58291835882722,39.98357681161503,40.253466412669155,44023900
ITUB4,2026-09-03,41.90278625488281,42.56251892637174,41.572923732269345,41.852807546987556,42338500
ITUB4,2026-09-04,41.90278625488281,42.472555726907885,41.37300508755734,41.90278625488281,23959900
ITUB4,2026-09-08,42.41257858276367,43.1322841715716,42.332609600393475,42.6124972255582,23857400
ITUB4,2026-09-09,41.57292175292969,42.17267384537976,41.24305543289058,42.022737728832645,29329700
ITUB4,2026-09-10,42.33260726928711,42.79242126633349,41.18308180949801,41.48295785061123,35626000
ITUB4,2026-09-11,42.71245574951172,42.7524402417351,42.202666819622294,42.532529347637556,17572900
ITUB4,2026-09-14,42.33260726928711,42.56251617437567,41.632897777733206,41.84281062519938,21585700
ITUB4,2026-09-15,42.6524772644043,42.82240944282881,42.08271161951375,42.63248883224226,16895900
ITUB4,2026-09-16,42.60249710083008,42.672468050397065,41.99274698620572,42.50253969091461,24595900
ITUB4,2026-09-17,42.56251907348633,43.06231378042836,42.002747628984096,42.772431935250545,22766400
ITUB4,2026-09-18,42.3126220703125,42.58250785874024,41.96276348467807,42.38259302481318,29168400
ITUB4,2026-09-21,43.062313079833984,43.232241447126775,42.68246804106118,42.68246804106118,15632800
ITUB4,2026-09-22,43.162269592285156,43.422161152457576,42.46255626594744,42.75243810035077,24184400
ITUB4,2026-09-23,42.35260009765625,43.70204802096544,42.332607852888984,42.682466416619874,19305500
ITUB4,2026-09-24,41.852806091308594,42.63248839725426,41.842811875329545,42.532527171809505,14855800
ITUB4,2026-09-25,42.112701416015625,42.412577465744114,41.7028699249895,41.8328137982223,16444600
ITUB4,2026-09-28,41.69287109375,42.122694821572644,41.51294470474839,41.822818777613556,18089200
ITUB4,2026-09-29,42.282630920410156,42.342607657226715,41.49295437808146,41.69287302100569,17690800
ITUB4,2026-09-30,44.261817932128906,44.651657192610806,42.69246286073044,43.15227307498442,73883700
ITUB4,2026-10-01,44.13999938964844,44.630001068115234,43.40999984741211,44.349998474121094,58873000
ITUB4,2026-10-02,44.83000183105469,45.27000045776367,43.099998474121094,45.25,44876100
ITUB4,2026-10-05,49.47999954223633,50.68000030517578,48.08000183105469,48.79999923706055,105387700
ITUB4,2026-10-06,50.45000076293945,50.849998474121094,49.72999954223633,49.95000076293945,58027100
ITUB4,2026-10-07,49.11000061035156,50.790000915527344,48.91999816894531,50.29999923706055,46569000
ITUB4,2026-10-08,49.349998474121094,49.849998474121094,48.25,49.0,40125700
ITUB4,2026-10-09,50.470001220703125,50.779998779296875,49.47999954223633,49.7599983215332,46965400
BBDC4,2024-10-09,12.680713653564453,12.918689284846362,12.60422128373146,12.850696247337245,31287500
BBDC4,2024-10-10,12.74870777130127,12.765706437389358,12.595723018672532,12.680714728030944,21996700
BBDC4,2024-10-11,12.578721046447754,12.748703598992844,12.519226545151414,12.731704938467962,35337900
BBDC4,2024-10-14,12.765707015991211,12.816701395484754,12.561727066393892,12.570226399823165,22762100
BBDC4,2024-10-15,12.87619686126709,12.952689251461498,12.757209419223484,12.791205947027537,29965600
BBDC4,2024-10-16,12.833699226379395,12.969685310225689,12.723210330619033,12.84219774871404,55542100
BBDC4,2024-10-17,12.918688774108887,12.99518114091777,12.638217302836921,12.697711005670092,29445500
BBDC4,2024-10-18,13.020679473876953,13.122669035097022,12.850696871843503,12.961185765800492,39996000
BBDC4,2024-10-21,12.986679077148438,13.088668607926218,12.944183236689177,13.054672097666959,22922500
BBDC4,2024-10-22,12.901692390441895,13.08017432981508,12.774204827723333,12.833699347875063,32416400
BBDC4,2024-10-23,12.850692749023438,12.901687918543452,12.697708051004117,12.791199060034023,19789900
BBDC4,2024-10-24,12.87619686126709,12.995185113851853,12.77420727785493,12.791205947027537,24512500
BBDC4,2024-10-25,12.689212799072266,12.927188426850597,12.63821761642073,12.884692576397804,31639200
BBDC4,2024-10-28,12.918688774108887,13.046176322303996,12.782702704466832,12.791202036454688,22941700
BBDC4,2024-10-29,12.731706619262695,13.08017191115921,12.714708767034562,12.995180218395992,32485200
BBDC4,2024-10-30,12.774205207824707,12.791203874242719,12.646718451853731,12.748708018738718,28738700
BBDC4,2024-10-31,12.213262557983398,12.510732745062512,12.111272987981115,12.323751461454467,84313700
BBDC4,2024-11-01,11.99228286743164,12.298252339921383,11.941288495710634,12.289753007787573,62202000
BBDC4,2024-11-04,12.008405685424805,12.170106858275757,11.863726030402646,12.085000892393083,34631600
BBDC4,2024-11-05,11.855212211608887,12.016912520023364,11.795637730293763,11.957338850338616,80715900
BBDC4,2024-11-06,11.75308895111084,11.787131173805625,11.53181409777943,11.736067433948142,61380900
BBDC4,2024-11-07,11.625429153442383,11.81266177032754,11.53181325081508,11.7020243517877,35235600
BBDC4,2024-11-08,11.497770309448242,11.540323284929993,11.370111383002989,11.531812527507544,44207900
BBDC4,2024-11-11,11.455217361450195,11.531812555175017,11.378622167725375,11.49777033703404,36639600
BBDC4,2024-11-12,11.395644187927246,11.480749331238245,11.336069694815954,11.480749331238245,30009000
BBDC4,2024-11-13,11.472237586975098,11.48074834406356,11.319048017535122,11.404153153528338,30372800
BBDC4,2024-11-14,11.514790534973145,11.667980915700166,11.361600965876589,11.48074831832608,38876900
BBDC4,2024-11-18,11.676494598388672,11.76159975551473,11.446708969723904,11.446708969723904,36262700
BBDC4,2024-11-19,11.7615966796875,11.812660409913768,11.625427814591392,11.66798078784154,20410500
BBDC4,2024-11-21,11.719042778015137,11.829679355755475,11.625426088438997,11.633936844151435,37207100
BBDC4,2024-11-22,11.744576454162598,11.787129429140277,11.625428286551193,11.778618671818643,20755200
BBDC4,2024-11-25,11.57436466217041,11.70202276771145,11.52330093297573,11.633938336538836,39191600
BBDC4,2024-11-26,11.650960922241211,11.795640564782392,11.540324312420847,11.591387238240927,26857200
BBDC4,2024-11-27,11.336071014404297,11.685004009347578,11.199902119951371,11.650961785734346,68995600
BBDC4,2024-11-28,10.859478950500488,11.344580798204587,10.85096819242098,11.319049335596624,57956800
BBDC4,2024-11-29,10.7488431930542,10.927565082216836,10.4850153331929,10.876501337471502,96013500
BBDC4,2024-12-02,10.51905345916748,10.757349759591449,10.467990545955468,10.72330754690665,65638300
BBDC4,2024-12-03,10.484058380126953,10.628960062798006,10.43291627505874,10.586341777387194,34013800
BBDC4,2024-12-04,10.603388786315918,10.663054712068412,10.458487914027225,10.467010920955126,33476400
BBDC4,2024-12-05,10.748292922973633,10.910242284684465,10.69715161823702,10.748292922973633,32611400
BBDC4,2024-12-06,10.501107215881348,10.756816164398218,10.467012743604188,10.748292343109842,26301100
BBDC4,2024-12-09,10.432916641235352,10.64600726289233,10.381775347248356,10.526677035005196,34547600
BBDC4,2024-12-10,10.637483596801758,10.714196351768075,10.38177549741566,10.484058899745344,32732400
BBDC4,2024-12-11,10.825003623962402,10.97842913460065,10.509629595443066,10.688625753562281,45892900
BBDC4,2024-12-12,10.449963569641113,10.739766925422936,10.39882146626002,10.739766925422936,48022200
BBDC4,2024-12-13,10.313591003417969,10.543728554534727,10.305067179667867,10.484063414037156,24692500
BBDC4,2024-12-16,10.14311408996582,10.347681721165904,10.074925150524553,10.339157900516675,52741800
BBDC4,2024-12-17,10.219825744628906,10.305062316149018,9.91297555033365,10.202778918050598,66961700
BBDC4,2024-12-18,9.793645858764648,10.151638207747675,9.682838625710254,10.151638207747675,70432300
BBDC4,2024-12-19,9.802168846130371,9.91297606976221,9.691361622498532,9.819216486478146,39732600
BBDC4,2024-12-20,10.023784637451172,10.143114884381276,9.785122517838282,9.861835283936973,63007200
BBDC4,2024-12-23,9.844788551330566,10.01526091496751,9.768075784474854,9.972642620839185,28062600
BBDC4,2024-12-26,9.921501159667969,10.01526075495118,9.827740751508422,9.861835223691076,17715100
BBDC4,2024-12-27,9.844788551330566,9.99821327216564,9.827740908528696,9.972642620839185,19364200
BBDC4,2024-12-30,9.853312492370605,9.96411892042277,9.836264849361744,9.947072090290268,24874700
BBDC4,2025-01-02,9.970039367675781,10.057496189903667,9.733907282140601,9.891329228530768,31243900
BBDC4,2025-01-03,9.811427116394043,10.02167178624923,9.75010596321246,9.986631007940034,27722400
BBDC4,2025-01-06,10.00415325164795,10.1443163850155,9.881510092232254,9.934071684964174,30587800
BBDC4,2025-01-07,10.144315719604492,10.249438062734711,10.039193376474273,10.100514534440704,31934700
BBDC4,2025-01-08,9.986632347106934,10.126796314577199,9.916550781090884,10.074234722346079,35250500
BBDC4,2025-01-09,9.916548728942871,10.004151086053431,9.881507953186246,9.986630280456122,18386900
BBDC4,2025-01-10,9.793907165527344,9.92530987560329,9.69754439839613,9.916549472148079,46311500
BBDC4,2025-01-13,9.828948020935059,9.96911113556461,9.723825684962895,9.732585253048695,36560700
BBDC4,2025-01-14,10.012910842895508,10.065471585420632,9.68878347919745,9.837706139977259,43570500
BBDC4,2025-01-15,10.363319396972656,10.415880979090186,10.082993186847183,10.100513157261023,42795800
BBDC4,2025-01-16,10.275717735290527,10.363320099613244,10.153075427764398,10.354559696093359,37429100
BBDC4,2025-01-17,10.153076171875,10.337040482084848,10.074234205293903,10.31076010503719,60743100
BBDC4,2025-01-20,10.188117980957031,10.196878386002789,10.03043403188621,10.109276006421622,17924700
BBDC4,2025-01-21,10.19687557220459,10.266957122355441,10.144313991872462,10.205635139394964,25985500
BBDC4,2025-01-22,10.056714057922363,10.275719163735356,10.012913705110307,10.275719163735356,42528000
BBDC4,2025-01-23,9.97787094116211,10.214395974066143,9.907789388046988,10.0742328678359,36035600
BBDC4,2025-01-24,9.899026870727539,9.995388776819512,9.820184931453273,9.98662837569174,45727800
BBDC4,2025-01-27,10.144315719604492,10.144315719604492,9.881509444059885,9.916550225103292,80300500
BBDC4,2025-01-28,10.188117980957031,10.27571952509999,10.012914057232901,10.11803641146738,24844400
BBDC4,2025-01-29,10.082993507385254,10.2757173652542,10.047952730005624,10.2757173652542,33371500
BBDC4,2025-01-30,10.634886741638184,10.731248673870336,10.082993852443712,10.10927422751829,56868200
BBDC4,2025-01-31,10.591082572937012,10.906449491214639,10.521001035541984,10.634883742668361,37528400
BBDC4,2025-02-03,10.573564529418945,10.661166891736325,10.442161821380918,10.591085336057638,32339300
BBDC4,2025-02-04,10.555088996887207,10.6779249167681,10.423479740176514,10.555088996887207,36005500
BBDC4,2025-02-05,10.800761222839355,10.862178766600215,10.449801797809911,10.660376950776811,42185200
BBDC4,2025-02-06,10.949918746948242,11.037658818416315,10.616508483572767,10.730569405029394,45483400
BBDC4,2025-02-07,10.519991874694824,10.90604709834024,10.405930142106458,10.791985365751874,129620600
BBDC4,2025-02-10,10.528769493103027,10.853406452063533,10.511221142307173,10.528769493103027,31716900
BBDC4,2025-02-11,10.77443790435791,10.853403790068588,10.555088593717677,10.57263694020948,40337300
BBDC4,2025-02-12,10.28309440612793,10.57263538668839,10.019875104686305,10.57263538668839,123782500
BBDC4,2025-02-13,10.423479080200195,10.546314992303573,10.28309565879702,10.318191514147813,44812400
BBDC4,2025-02-14,10.695470809936523,10.748115006711318,10.50244404084823,10.511217376351428,46996800
BBDC4,2025-02-17,10.713021278381348,10.827083030047724,10.695472930393619,10.783212996829688,17475100
BBDC4,2025-02-18,10.704246520996094,10.827082439961663,10.634054806373266,10.765664898854498,25805300
BBDC4,2025-02-19,10.511218070983887,10.660375662159886,10.476122216398426,10.634053980408586,38006500
BBDC4,2025-02-20,10.484893798828125,10.616503848571321,10.458572123579874,10.537537986075597,26359900
BBDC4,2025-02-21,10.388384819030762,10.546316610720838,10.28309723682115,10.528768261976909,45757000
BBDC4,2025-02-24,10.204131126403809,10.405932112207596,10.160261092217805,10.405932112207596,30213900
BBDC4,2025-02-25,10.326967239379883,10.3620631000058,10.22167882075081,10.283097204409657,33494400
BBDC4,2025-02-26,10.125165939331055,10.476124563826389,10.072521727281073,10.441028701376855,51824900
BBDC4,2025-02-27,10.06374740600586,10.195356668145568,10.028651546985186,10.133939124047208,40713100
BBDC4,2025-02-28,9.861946105957031,10.072521271117724,9.835624419499776,10.046199584660469,84387200
BBDC4,2025-03-05,10.06374740600586,10.133939124047208,9.861945589073523,9.861945589073523,41379800
BBDC4,2025-03-06,10.151046752929688,10.22135696525526,9.922538143789655,10.036792448359671,44187500
BBDC4,2025-03-07,10.274088859558105,10.370766026874183,10.036792110488445,10.089524348875562,29808500
BBDC4,2025-03-10,10.124677658081055,10.212564978583611,10.0367894994149,10.159832753914797,42234700
BBDC4,2025-03-11,10.063155174255371,10.151043329100604,9.904957668962938,10.133465362866133,43087500
BBDC4,2025-03-12,10.063155174255371,10.12467721791246,9.957689891339228,10.071944157372608,31708500
BBDC4,2025-03-13,10.238933563232422,10.300455624419417,10.010425804218931,10.071947027242125,35174100
BBDC4,2025-03-14,10.660796165466309,10.72231739144531,10.274089161176986,10.300456119308423,42086800
BBDC4,2025-03-17,10.818992614746094,10.906879944877563,10.66079424708028,10.669583231542536,23901600
BBDC4,2025-03-18,10.810203552246094,10.898090881743114,10.739893353383005,10.845358651677639,19650500
BBDC4,2025-03-19,10.906880378723145,11.01234568197424,10.739893858116506,10.810204060283903,25791100
BBDC4,2025-03-20,10.854147911071777,10.977190343117684,10.7574707565629,10.90688014247325,31369300
BBDC4,2025-03-21,11.003556251525879,11.065077461703655,10.862935025433833,10.880512993006699,74318800
BBDC4,2025-03-24,11.11781120300293,11.188121406547577,10.959613664109348,11.021134882669978,44562300
BBDC4,2025-03-25,11.302372932434082,11.680290812675524,11.117808483730533,11.161752559738717,63764400
BBDC4,2025-03-26,11.486936569213867,11.55724675059186,11.337527224244765,11.407837405622757,49065500
BBDC4,2025-03-27,11.442997932434082,11.57482936594869,11.390264856129951,11.513308142063714,40588300
BBDC4,2025-03-28,11.284795761108398,11.460571226295041,11.240851685270854,11.425416133257713,25978000
BBDC4,2025-03-31,11.135390281677246,11.223278463940598,11.047502099413894,11.223278463940598,38613400
BBDC4,2025-04-01,11.150991439819336,11.329979895216862,11.079396057660325,11.14204180367839,20578300
BBDC4,2025-04-02,11.176929473876953,11.248633843245917,11.060409659956509,11.185891878960442,18113400
BBDC4,2025-04-03,11.392044067382812,11.535452824819686,11.069374363149846,11.069374363149846,46295700
BBDC4,2025-04-04,11.266557693481445,11.347225309724198,11.060407878446295,11.185890077238692,48847400
BBDC4,2025-04-07,11.078333854675293,11.356188890192863,10.881147292471487,11.10522363070768,50116900
BBDC4,2025-04-08,10.773590087890625,11.239668398174436,10.674995958089236,11.176927300870526,56053800
BBDC4,2025-04-09,11.176929473876953,11.311374952747883,10.594330404274737,10.674998033510699,64688900
BBDC4,2025-04-10,11.159004211425781,11.159004211425781,10.899075629481308,11.105226355731672,29807400
BBDC4,2025-04-11,11.31137466430664,11.472709918664497,11.159002669587219,11.221744632272765,28170600
BBDC4,2025-04-14,11.409966468811035,11.499597343945965,11.275521010892016,11.472708423318835,18681300
BBDC4,2025-04-15,11.41893196105957,11.517526113951716,11.383079774948847,11.40100629539598,20639200
BBDC4,2025-04-16,11.401004791259766,11.616117879544202,11.365152609879026,11.374115014136638,29640200
BBDC4,2025-04-17,11.454784393310547,11.553378548321282,11.302412385369921,11.445821987677938,26318600
BBDC4,2025-04-22,11.409966468811035,11.508560602416132,11.293447527832353,11.401004065124242,23746500
BBDC4,2025-04-23,11.786416053771973,11.85812041973567,11.490635330475854,11.490635330475854,38980300
BBDC4,2025-04-24,11.974640846252441,12.055308475821523,11.795379922089765,11.822268847018288,28878200
BBDC4,2025-04-25,11.992568016052246,12.109087836769184,11.911900382111014,11.965679089666354,26229400
BBDC4,2025-04-28,11.965678215026855,12.162864800487979,11.938788435822934,12.001530399181924,19185700
BBDC4,2025-04-29,12.100125312805176,12.225608401548959,11.947753296039014,11.956716556974344,29771000
BBDC4,2025-04-30,12.306272506713867,12.324199024682176,11.947750695181938,12.01049179850417,55291100
BBDC4,2025-05-02,12.046345710754395,12.32420079570784,12.028420044993537,12.252496423097314,27262900
BBDC4,2025-05-05,11.937688827514648,12.18900834902306,11.88383421633927,12.072324071468081,32690500
BBDC4,2025-05-06,11.883831977844238,11.92871066937182,11.776123631771947,11.892807887347724,26635800
BBDC4,2025-05-07,11.704317092895508,11.991539325166144,11.623535626071948,11.928709675854387,45197400
BBDC4,2025-05-08,13.535364151000977,13.723854005273125,13.01477328796171,13.01477328796171,218670200
BBDC4,2025-05-09,13.57126522064209,13.768730961055994,13.310969822092357,13.481508688446603,58078200
BBDC4,2025-05-12,13.373798370361328,13.64306965658125,13.275065936342946,13.607166875484582,28273600
BBDC4,2025-05-13,13.661026000976562,13.687952881722394,13.373802801057312,13.373802801057312,41967000
BBDC4,2025-05-14,13.643072128295898,13.81361101139396,13.598193429796938,13.652048039193687,44162100
BBDC4,2025-05-15,13.777704238891602,13.948242216675286,13.687946867854043,13.705898684457447,37314300
BBDC4,2025-05-16,13.822585105895996,13.858487891002612,13.634095270088782,13.687949875743666,35982000
BBDC4,2025-05-19,13.94824504852295,14.055953402041709,13.759755215867644,13.786682090249858,34562300
BBDC4,2025-05-20,14.082881927490234,14.100833749842971,13.87644110637379,13.957222594981095,27806300
BBDC4,2025-05-21,13.831560134887695,14.055952741504276,13.705900823015922,14.00209899527062,25605500
BBDC4,2025-05-22,13.867463111877441,14.082879811808034,13.714876068762472,13.768730671740055,46122600
BBDC4,2025-05-23,14.03800106048584,14.082878894723171,13.46355570875592,13.79565664685312,35866200
BBDC4,2025-05-26,14.109807968139648,14.22649223146277,13.912342225901297,14.002099614915975,16875000
BBDC4,2025-05-27,14.397032737731934,14.576545824209541,14.181615150780807,14.217517939274328,51944300
BBDC4,2025-05-28,14.495767593383789,14.64835469276595,14.397035972828542,14.40601017398598,53685300
BBDC4,2025-05-29,14.432934761047363,14.675279226895958,14.397032828317945,14.441910672224719,35789500
BBDC4,2025-05-30,14.540639877319336,14.558589982625426,14.217514014096388,14.397028762993475,55543700
BBDC4,2025-06-02,14.576542854309082,14.809911359964259,14.540640929120404,14.648348416666087,26220300
BBDC4,2025-06-03,14.827207565307617,14.863153133630421,14.566607336904395,14.683428719974472,50865800
BBDC4,2025-06-04,14.782278060913086,15.087808551077574,14.710388634637862,14.84518109465652,36692500
BBDC4,2025-06-05,14.350940704345703,14.827208369593759,14.28803681335816,14.827208369593759,36435500
BBDC4,2025-06-06,14.34195327758789,14.422828233900779,14.234119145514539,14.34195327758789,19352100
BBDC4,2025-06-09,14.234118461608887,14.404856471930383,13.973519107371908,14.323979805524367,28177300
BBDC4,2025-06-10,14.225132942199707,14.413843747066993,14.171216303942924,14.368911786870482,27623200
BBDC4,2025-06-11,14.66545295715332,14.70139851817532,14.063378521864317,14.171213490951631,48251000
BBDC4,2025-06-12,14.809233665466309,14.86315201388848,14.503703213656296,14.566606239503257,38328100
BBDC4,2025-06-13,14.638500213623047,14.782279076047132,14.503706030368635,14.611541034176318,29855200
BBDC4,2025-06-16,14.95301342010498,15.04287562569272,14.755317938995164,14.773290722908515,25238300
BBDC4,2025-06-17,15.177668571472168,15.177668571472168,14.926056444405466,14.944027514925182,33555400
BBDC4,2025-06-18,15.060848236083984,15.231586253335646,14.926055786244879,14.944026855972165,32449600
BBDC4,2025-06-20,14.935042381286621,15.042875657033361,14.818220999585469,14.944027059283004,39693200
BBDC4,2025-06-23,14.818220138549805,14.908082339103181,14.620524668515507,14.908082339103181,25046300
BBDC4,2025-06-24,14.863152503967285,15.105778223951466,14.836193328867283,14.91706914018833,32515100
BBDC4,2025-06-25,14.737345695495605,14.962000360713462,14.737345695495605,14.854167081237172,33727300
BBDC4,2025-06-26,14.872137069702148,14.872137069702148,14.584579393383251,14.800247650622424,27870800
BBDC4,2025-06-27,14.89011001586914,14.94402665227406,14.656468972809195,14.746331176136708,28697200
BBDC4,2025-06-30,15.123750686645508,15.123750686645508,14.80923383973079,14.854165797277993,30209500
BBDC4,2025-07-01,15.25789737701416,15.367665443833735,15.14812756546262,15.166422824843204,24480600
BBDC4,2025-07-02,14.982194900512695,15.275244877107898,14.835669912215094,15.275244877107898,29531300
BBDC4,2025-07-03,15.339347839355469,15.458398725673272,14.982193433686591,15.000507745394003,34023600
BBDC4,2025-07-04,15.266087532043457,15.37598215155584,15.220299126164132,15.256929501524448,11797800
BBDC4,2025-07-07,15.119562149047852,15.357665696282739,15.064615714060007,15.256929109875298,22852900
BBDC4,2025-07-08,15.156190872192383,15.156190872192383,15.027981955617289,15.128718531049424,18149600
BBDC4,2025-07-09,14.982194900512695,15.156192232418821,14.95472081018853,15.13787791891835,22687500
BBDC4,2025-07-10,14.780722618103027,14.826512771389762,14.68914580496105,14.789880648760374,24133500
BBDC4,2025-07-11,14.698299407958984,14.753247581880617,14.579248524559638,14.689143125687474,20943500
BBDC4,2025-07-14,14.75324821472168,14.79903661490504,14.606722364718571,14.661669667639456,16403700
BBDC4,2025-07-15,14.74409008026123,14.936403455719336,14.56093298740214,14.81735256806177,20723100
BBDC4,2025-07-16,14.707459449768066,14.826512096176057,14.57009248959518,14.78987997521493,18619600
BBDC4,2025-07-17,14.679987907409668,14.734934345136212,14.542620066377546,14.679987907409668,19360000
BBDC4,2025-07-18,14.35030460357666,14.615881359629924,14.295357297025932,14.588408143033465,43557800
BBDC4,2025-07-21,14.359461784362793,14.52430194755094,14.258725207203515,14.377776969891363,28460200
BBDC4,2025-07-22,14.313672065734863,14.478513097158649,14.258724764141025,14.396092581446757,22020400
BBDC4,2025-07-23,14.542618751525879,14.625039274021633,14.295357184038618,14.313673243863365,23447100
BBDC4,2025-07-24,14.359461784362793,14.460197488164313,14.249568051118109,14.460197488164313,40868200
BBDC4,2025-07-25,14.249568939208984,14.432725172698497,14.185463602469298,14.396093926000594,21825400
BBDC4,2025-07-28,14.139674186706543,14.331988448318747,13.98399204478981,14.29535720198108,24295500
BBDC4,2025-07-29,14.112200736999512,14.267883749700403,14.066411461494933,14.15799001250409,28054200
BBDC4,2025-07-30,14.341143608093262,14.469353381294873,14.029777639859084,14.048093696041155,45351600
BBDC4,2025-07-31,14.22209358215332,14.597564045696464,14.093884666811407,14.51514440298712,63011500
BBDC4,2025-08-01,14.249568939208984,14.51514569610823,14.203779662497155,14.386935895986666,30228600
BBDC4,2025-08-04,14.358623504638672,14.615354717046513,14.303610110619488,14.422806089135099,25590900
BBDC4,2025-08-05,14.386133193969727,14.56034435158478,14.312781403738857,14.312781403738857,31469200
BBDC4,2025-08-06,14.367795944213867,14.551175423117023,14.340289240983976,14.45031692832587,24917500
BBDC4,2025-08-07,14.477825164794922,14.486994358316704,14.321952372614325,14.413642558987297,27653400
BBDC4,2025-08-08,14.633694648742676,14.66120134866717,14.441146000426762,14.441146000426762,25120200
BBDC4,2025-08-11,14.578679084777832,14.633693354182244,14.496158992304435,14.624524163544484,13742600
BBDC4,2025-08-12,14.91793441772461,14.982117013131369,14.597019691846251,14.642864777603485,31596100
BBDC4,2025-08-13,14.789567947387695,15.0004558732165,14.707048714135087,14.835413909022051,29193000
BBDC4,2025-08-14,14.679540634155273,14.917934379951436,14.551174569244505,14.624526356501436,29789000
BBDC4,2025-08-15,14.697880744934082,14.752894154628791,14.560345471852552,14.606190562879728,20291000
BBDC4,2025-08-18,14.991286277770996,15.073807257649214,14.688709934499048,14.762061722296957,42207700
BBDC4,2025-08-19,14.477825164794922,14.734556462447847,14.395304171943733,14.725387268926065,44185500
BBDC4,2025-08-20,14.523666381835938,14.606187352663536,14.33111774137894,14.450314602083004,31984600
BBDC4,2025-08-21,14.477825164794922,14.542007770602547,14.331121566136106,14.358628272279029,26082100
BBDC4,2025-08-22,14.954609870910645,14.954609870910645,14.45031653621655,14.532837518089346,36922300
BBDC4,2025-08-25,14.991286277770996,15.027961297247666,14.881257721651847,14.982117085690685,24075600
BBDC4,2025-08-26,14.954609870910645,15.046300045085374,14.844583060976658,14.972948255514513,37241300
BBDC4,2025-08-27,15.0646390914917,15.101314113465989,14.798737749588172,14.963779720584197,20684700
BBDC4,2025-08-28,15.394725799560547,15.523091022801859,15.073810992612259,15.128824409880679,32140300
BBDC4,2025-08-29,15.431398391723633,15.48641180030621,15.339708211522856,15.403890813009982,32575000
BBDC4,2025-09-01,15.330537796020508,15.532256526144263,15.321368603847194,15.4405663532557,13494400
BBDC4,2025-09-02,15.155158996582031,15.228593978209636,14.944033643256175,15.109261038797236,25223800
BBDC4,2025-09-03,15.145978927612305,15.28366929497045,15.090903130834649,15.155158518879915,18858600
BBDC4,2025-09-04,15.44890022277832,15.513155618254649,15.090904876079804,15.109262309910031,22151800
BBDC4,2025-09-05,15.825250625610352,16.027196351684523,15.476434962240825,15.513151571150784,31586500
BBDC4,2025-09-08,15.742637634277344,15.88950758619425,15.577408500663841,15.843611382780692,21367000
BBDC4,2025-09-09,15.5957670211792,15.82525153017388,15.5957670211792,15.81607193971475,23027600
BBDC4,2025-09-10,15.485617637634277,15.779357570751714,15.458078862343978,15.604948828902696,26745800
BBDC4,2025-09-11,15.632485389709473,15.797712765560991,15.531511645443661,15.577407846931107,44461600
BBDC4,2025-09-12,15.44890022277832,15.632488567706297,15.4397206304491,15.595770198389415,26449500
BBDC4,2025-09-15,15.632485389709473,15.7059203625861,15.540691235906722,15.577407846931107,28565000
BBDC4,2025-09-16,15.5957670211792,15.705920355860904,15.522332048334015,15.696740765401774,27075700
BBDC4,2025-09-17,16.13735008239746,16.210785052875977,15.568227748068098,15.568227748068098,44010600
BBDC4,2025-09-18,15.972126960754395,16.118996956880487,15.907871556302787,16.063921146040318,25877600
BBDC4,2025-09-19,16.25668716430664,16.311764725314312,16.018024736587158,16.036382172761275,51887400
BBDC4,2025-09-22,16.284221649169922,16.32094001348904,15.999661329008662,16.155710875708962,31295400
BBDC4,2025-09-23,16.385194778442383,16.568781340587392,16.2107860562009,16.320939394150233,31896600
BBDC4,2025-09-24,16.25668716430664,16.421916345672773,16.25668716430664,16.394379315997377,24592400
BBDC4,2025-09-25,16.128173828125,16.357658377189562,16.082277618643353,16.247506774102344,22322600
BBDC4,2025-09-26,16.21078872680664,16.293403306171793,16.082277937051153,16.109814962954072,17781600
BBDC4,2025-09-29,16.376018524169922,16.541247689343848,16.33012231198973,16.476992291960272,17152900
BBDC4,2025-09-30,16.512908935546875,16.718269507487587,16.438232202074456,16.634257959776896,31375900
BBDC4,2025-10-01,16.232866287231445,16.74627027506212,16.07417804087409,16.61558468484035,39717600
BBDC4,2025-10-02,15.970229148864746,16.269261823427694,15.914160967978027,16.17581366703294,32063000
BBDC4,2025-10-03,15.979572296142578,16.007605492158756,15.74595282334042,15.94219232495417,22193300
BBDC4,2025-10-06,15.886124610900879,15.970227766136839,15.69922831429315,15.923504583172496,25025200
BBDC4,2025-10-07,15.624472618103027,15.773988966036992,15.531026237425895,15.773988966036992,42904900
BBDC4,2025-10-08,15.876779556274414,15.92350452143277,15.643160077608147,15.689885042766504,25534300
BBDC4,2025-10-09,15.960881233215332,16.026294396004637,15.820709915470395,15.914158054758689,20125800
BBDC4,2025-10-10,15.745955467224121,16.09171134689668,15.689887283402301,16.026298168708653,28431400
BBDC4,2025-10-13,15.811366081237793,15.914159220220398,15.77398610983498,15.839401059789905,15538000
BBDC4,2025-10-14,16.03564453125,16.213195874605933,15.858093187894069,15.904818163711724,38399800
BBDC4,2025-10-15,16.222537994384766,16.278606173052495,15.839402172467292,15.942193536295587,35955800
BBDC4,2025-10-16,16.40943145751953,16.54025957579442,16.082363835395036,16.129088799912907,43635200
BBDC4,2025-10-17,16.521570205688477,16.586983376076066,16.138434394239553,16.287950721518392,33720300
BBDC4,2025-10-20,16.82994842529297,16.970119764082277,16.52157076700638,16.52157076700638,19858100
BBDC4,2025-10-21,16.605676651000977,16.97012254811744,16.52157347745478,16.52157347745478,18340400
BBDC4,2025-10-22,16.62436294555664,16.773879269206237,16.586982973456657,16.68977611435644,17711400
BBDC4,2025-10-23,16.801910400390625,16.839290367895366,16.615015909991786,16.64304910324539,21199100
BBDC4,2025-10-24,16.895362854003906,17.00750100279753,16.773881493321603,16.848639665058883,17723600
BBDC4,2025-10-27,17.0355281829834,17.19438946458163,16.92339185619334,17.09159812875321,25859200
BBDC4,2025-10-28,17.044878005981445,17.18504934539345,16.904706666569442,17.054222999592284,33329500
BBDC4,2025-10-29,17.596221923828125,17.605566918379736,17.072914705566173,17.110292901397152,43232000
BBDC4,2025-10-30,16.914051055908203,17.16636052726096,16.764534728226987,16.93274104246216,66549800
BBDC4,2025-10-31,16.970117568969727,17.082255694921088,16.72715311472098,17.054220717839485,35036500
BBDC4,2025-11-03,17.157020568847656,17.399985118223306,16.970124213212312,17.138330576808972,35328300
BBDC4,2025-11-04,17.21215057373047,17.296340585149895,17.025063047188556,17.127960562311046,24920700
BBDC4,2025-11-05,17.576976776123047,17.614393572481166,17.16538131088699,17.21215275238867,32489600
BBDC4,2025-11-06,17.50213623046875,17.65180873960642,17.427300868007805,17.576973377145475,23203700
BBDC4,2025-11-07,17.520845413208008,17.520845413208008,17.27763004059869,17.45536469447007,15628600
BBDC4,2025-11-10,17.848251342773438,17.951150637808226,17.558264529021372,17.576973816157846,28034500
BBDC4,2025-11-11,18.231782913208008,18.362744355487465,17.857606089398246,17.895022879671306,39993600
BBDC4,2025-11-12,18.18501091003418,18.297263061555157,18.016630898536935,18.241136985794668,30776900
BBDC4,2025-11-13,18.22243309020996,18.559193212834327,18.11953555157631,18.13824305955387,32477500
BBDC4,2025-11-14,18.213077545166016,18.46564762466813,18.12888751866531,18.17566074684138,26233700
BBDC4,2025-11-17,18.0727596282959,18.241139664519878,17.941798170884375,18.175658935814116,27809900
BBDC4,2025-11-18,17.857608795166016,17.98857025728863,17.79212806410471,17.913734881187693,31226100
BBDC4,2025-11-19,17.679874420166016,17.94179913325433,17.64245762356262,17.782773733203594,25755800
BBDC4,2025-11-21,17.576976776123047,17.84825434842182,17.436658883185757,17.84825434842182,33815400
BBDC4,2025-11-24,17.586328506469727,17.67051852313329,17.492785629480004,17.576975646143563,32487300
BBDC4,2025-11-25,17.72664451599121,17.87631524440797,17.586326646911655,17.59568129046468,28601700
BBDC4,2025-11-26,18.25984764099121,18.334683009019212,17.754707568640274,17.80148078879272,33913900
BBDC4,2025-11-27,18.22243309020996,18.334687059156852,18.194370936135467,18.241142382403826,9964400
BBDC4,2025-11-28,18.381454467773438,18.53112520401523,18.22242908748954,18.250493019615845,25415300
BBDC4,2025-12-01,18.100820541381836,18.42822591448279,18.100820541381836,18.381452698773657,24721300
BBDC4,2025-12-02,18.296472549438477,18.33392601519369,18.13729130155824,18.146653328523517,23940400
BBDC4,2025-12-03,17.79083251953125,18.436921147942105,17.584834049094322,18.390102096049016,63797200
BBDC4,2025-12-04,18.043649673461914,18.146648013595343,17.856377041641572,17.90319609257875,35919800
BBDC4,2025-12-05,16.966840744018555,18.19347160957949,16.92002168138516,18.07174383269729,72531700
BBDC4,2025-12-08,17.088563919067383,17.210289889926845,16.90129127132201,17.163472620972666,34307900
BBDC4,2025-12-09,16.863834381103516,16.97619651811053,16.461199520573114,16.94810687684076,34063400
BBDC4,2025-12-10,17.16347312927246,17.247745644657194,16.873202124038592,16.873202124038592,26416600
BBDC4,2025-12-11,17.360109329223633,17.50992673518757,17.023019272822598,17.069836542449693,22571700
BBDC4,2025-12-12,17.472469329833984,17.584833263392678,17.341379562318952,17.435015875957173,29409300
BBDC4,2025-12-15,17.715927124023438,17.865744546072996,17.612926976627662,17.64101841299866,22821300
BBDC4,2025-12-16,17.229015350341797,17.64101405211366,17.19156189707023,17.60355881287799,30577300
BBDC4,2025-12-17,17.088563919067383,17.200927864907474,16.73274803150837,17.18220024294007,48096300
BBDC4,2025-12-18,17.16347312927246,17.294562914997876,16.920019394379274,16.920019394379274,22975800
BBDC4,2025-12-19,17.32265281677246,17.509925453501637,17.107290534708866,17.135380180043285,33688200
BBDC4,2025-12-22,17.079198837280273,17.31328873656202,17.013653951235657,17.27583528137832,19424900
BBDC4,2025-12-23,17.238378524780273,17.3413786429179,17.11665257367911,17.1260163831429,26477700
BBDC4,2025-12-26,17.229015350341797,17.26647058957747,16.97619784339333,17.107289394754076,18043500
BBDC4,2025-12-29,17.31328773498535,17.31328773498535,17.0979254687363,17.26647047222307,24923600
BBDC4,2025-12-30,17.395191192626953,17.691645278462932,17.395191192626953,17.58645112826,18087700
BBDC4,2026-01-02,17.42388153076172,17.643833131228273,17.404756811423052,17.567328781850904,19380800
BBDC4,2026-01-05,18.159988403320312,18.159988403320312,17.394148793750205,17.422868463823704,50153200
BBDC4,2026-01-06,18.26529312133789,18.600348655178948,18.17913593189574,18.188709155823286,24993300
BBDC4,2026-01-07,18.035537719726562,18.284436015754007,17.90151626259848,18.188705620988774,17154200
BBDC4,2026-01-08,17.729206085205078,18.083406255429203,17.662195340887315,18.035541959746755,30919300
BBDC4,2026-01-09,17.748348236083984,17.92066075435888,17.64304461999483,17.73877501408448,16397800
BBDC4,2026-01-12,17.61432647705078,17.719630102245205,17.51859607468363,17.67176398810885,18972100
BBDC4,2026-01-13,17.41329574584961,17.59518151721032,17.288845664491536,17.566463672209004,25752700
BBDC4,2026-01-14,17.729206085205078,17.729206085205078,17.38457731339277,17.518598802028293,31867300
BBDC4,2026-01-15,18.09297752380371,18.25571866779906,17.738777391870425,17.79621490566124,37422400
BBDC4,2026-01-16,18.102548599243164,18.2557165017826,17.87279674543401,18.09297537709627,28353400
BBDC4,2026-01-19,18.09297752380371,18.2652918910818,18.02596678673015,18.09297752380371,10581700
BBDC4,2026-01-20,18.351449966430664,18.466326825499884,17.882372958217324,17.97810336979072,25010600
BBDC4,2026-01-21,18.916257858276367,18.973695376291477,18.523764804345856,18.562055874387337,74374300
BBDC4,2026-01-22,19.433197021484375,19.701241785732403,18.8492450301629,18.954546830552193,56520800
BBDC4,2026-01-23,19.90227699279785,20.084162761460288,19.4236267735491,19.471491065111703,37158300
BBDC4,2026-01-26,19.988435745239258,20.045875095950876,19.509785444745056,19.89270714586521,34782400
BBDC4,2026-01-27,20.51494598388672,20.744697839720576,20.256474461359087,20.256474461359087,34219200
BBDC4,2026-01-28,20.792564392089844,20.792564392089844,20.41921781389014,20.581958957755127,31338800
BBDC4,2026-01-29,20.524518966674805,21.079753068272186,20.25647422504298,20.907438721930685,31208200
BBDC4,2026-01-30,20.400074005126953,20.71598311042979,20.151175645508676,20.52452409788903,26351100
BBDC4,2026-02-02,20.65854263305664,20.677689079342656,20.400071085912273,20.467081822007714,25109800
BBDC4,2026-02-03,20.77250862121582,21.19409140527461,20.667112468323637,20.887484581180075,24905100
BBDC4,2026-02-04,20.101804733276367,20.523387431615202,19.795199799033416,20.389248229761304,46217700
BBDC4,2026-02-05,20.26468849182129,20.379666253981217,19.593990666335223,20.216782156968545,61032100
BBDC4,2026-02-06,19.74729347229004,19.833526338523498,18.999942574103247,19.162826673932052,94063600
BBDC4,2026-02-09,20.034738540649414,20.063483443440845,19.47901654591752,19.948505659784992,40230200
BBDC4,2026-02-10,20.044321060180664,20.29343807951249,19.881436925521772,20.00599452143271,25521200
BBDC4,2026-02-11,20.63836669921875,20.69585467169992,20.140132731022767,20.29343520931235,50967100
BBDC4,2026-02-12,20.34134292602539,20.71501934123347,20.34134292602539,20.494645414696976,32620300
BBDC4,2026-02-13,20.092227935791016,20.235950632374802,19.555669171744224,20.111391205670188,45493100
BBDC4,2026-02-18,20.034738540649414,20.283855548978863,19.833529703639012,20.168877765323014,28450400
BBDC4,2026-02-19,20.437152862548828,20.600036948732203,19.929337340327855,20.034733463008102,42690400
BBDC4,2026-02-20,20.849157333374023,20.935390206609107,20.15929617500305,20.20720251457378,36313800
BBDC4,2026-02-23,20.34134292602539,20.839576927962952,20.264691681689598,20.724599147704353,37464600
BBDC4,2026-02-24,20.50422477722168,20.609620911823804,20.168874935086425,20.427573541377303,30613800
BBDC4,2026-02-25,20.283851623535156,20.686271047187383,20.188037126949478,20.676689414777865,34124600
BBDC4,2026-02-26,20.101804733276367,20.485060901080054,19.833526329568567,20.30301536356678,40191400
BBDC4,2026-02-27,20.26468849182129,20.98329447966963,20.235945421913456,20.60003831831909,69034600
BBDC4,2026-03-02,20.34134292602539,20.46590234026469,19.641900093022553,20.073064484605027,32108900
BBDC4,2026-03-03,19.371740341186523,19.6594387126417,19.103220519791158,19.573128835376817,57300000
BBDC4,2026-03-04,19.64984893798828,19.841649075769748,19.323789801244796,19.70738824766605,64157000
BBDC4,2026-03-05,19.01690673828125,19.553944441674407,18.988136175385787,19.534765895552027,46790000
BBDC4,2026-03-06,18.74839210510254,19.016911944887312,18.54700359712028,18.90183149093905,37187000
BBDC4,2026-03-09,18.74839210510254,18.930602061711554,18.32643470862302,18.527823216605277,38655600
BBDC4,2026-03-10,19.208711624145508,19.419690317249298,18.87306228987088,18.98814091187596,32907500
BBDC4,2026-03-11,19.12240219116211,19.438871152804403,18.930602044470277,18.99773154706989,23976900
BBDC4,2026-03-12,18.594953536987305,18.78675369228832,18.374384638790428,18.757983120250614,45693900
BBDC4,2026-03-13,18.211353302001953,18.84429119275273,18.096274683215448,18.68126162518713,33706400
BBDC4,2026-03-16,18.220945358276367,18.68126353885983,18.220945358276367,18.54700452680845,34664900
BBDC4,2026-03-17,18.07709312438965,18.412742427379573,17.914063567459774,18.13463243002915,24004200
BBDC4,2026-03-18,17.866113662719727,18.15381386596224,17.83734492279463,17.952423540778316,26382300
BBDC4,2026-03-19,17.875701904296875,17.971601961593095,17.329073955592307,17.51128388154098,33436700
BBDC4,2026-03-20,17.578414916992188,17.94283297175853,17.377026425207486,17.875703474496962,53625700
BBDC4,2026-03-23,18.220945358276367,18.48946521152098,17.981196077246413,17.981196077246413,30955400
BBDC4,2026-03-24,18.16340446472168,18.16340446472168,17.85652570433156,18.067504394814343,23064400
BBDC4,2026-03-25,18.489463806152344,18.66208173889421,18.36479316517344,18.508642357029185,29470000
BBDC4,2026-03-26,18.048322677612305,18.412742550428096,18.02914229922378,18.25930318160299,50872800
BBDC4,2026-03-27,17.760623931884766,18.038732095900635,17.683904249141612,17.94283203518631,20727200
BBDC4,2026-03-30,17.712675094604492,18.019555691234636,17.62636521260566,18.000375310981177,32459400
BBDC4,2026-03-31,18.383974075317383,18.45110357817638,17.86611477473351,18.02914435130898,41297600
BBDC4,2026-04-01,18.63331413269043,18.82511245713048,18.393564855284,18.412745236470553,48850400
BBDC4,2026-04-02,18.353918075561523,18.603499021364204,18.056337554695656,18.085136201177534,29291200
BBDC4,2026-04-06,18.555505752563477,18.603501672613273,18.373117960705674,18.4115161614871,27976500
BBDC4,2026-04-07,18.727890014648438,18.727890014648438,18.298933935506156,18.4549183023725,24923500
BBDC4,2026-04-08,19.66379737854004,20.034259771850184,19.332330145824518,20.034259771850184,67537800
BBDC4,2026-04-09,19.78078842163086,19.858780609564427,19.48831632226965,19.69304697777054,32822000
BBDC4,2026-04-10,19.927021026611328,20.122000542096952,19.829530339128414,19.96601618591637,33816800
BBDC4,2026-04-13,20.073257446289062,20.190244791366855,19.615053602353782,19.722291692095038,34692500
BBDC4,2026-04-14,20.25848960876465,20.44371988199256,20.160998914735032,20.19024482130769,32893100
BBDC4,2026-04-15,20.277986526489258,20.45346940615278,20.092756250826962,20.141500668742232,37389800
BBDC4,2026-04-16,20.32673454284668,20.65820181957266,20.307236030220324,20.45347115595696,35466500
BBDC4,2026-04-17,20.726442337036133,21.048160319928158,20.59970387922638,20.76543749826047,49218700
BBDC4,2026-04-20,20.502216339111328,20.736192899650693,20.43397154857532,20.658200712804238,20455500
BBDC4,2026-04-22,19.89777183532715,20.365724870304312,19.839278170825022,20.26823604929412,35201800
BBDC4,2026-04-23,19.46881866455078,20.034262516746374,19.429823498613423,19.88802739039037,19189100
BBDC4,2026-04-24,19.420068740844727,19.634546741443096,19.33232731799085,19.537057924476557,21380800
BBDC4,2026-04-27,19.234840393066406,19.537061734943247,19.215341882078157,19.429821783988217,17874000
BBDC4,2026-04-28,19.078857421875,19.15684961206151,18.86437936373222,18.94237155391873,26064600
BBDC4,2026-04-29,18.630399703979492,19.02036059025082,18.532909017541613,19.010611335659014,33825900
BBDC4,2026-04-30,18.83513069152832,18.991115064418295,18.727890737861312,18.757138505083333,24009300
BBDC4,2026-05-04,18.435420989990234,18.893624865009418,18.328181033493646,18.82538193250448,27527900
BBDC4,2026-05-05,18.72715187072754,18.746668070852294,18.434386532718722,18.522215947986886,23567700
BBDC4,2026-05-06,18.805221557617188,19.166296374684535,18.66859699374371,19.00039658103759,31056000
BBDC4,2026-05-07,18.073312759399414,18.44414664228763,17.975724307688335,18.44414664228763,53319900
BBDC4,2026-05-08,18.14162254333496,18.37583369031585,18.053793130549035,18.170899634711848,37000000
BBDC4,2026-05-11,17.653682708740234,18.092829785612295,17.604889416352133,18.01475753963967,33701700
BBDC4,2026-05-12,17.526819229125977,17.761032271865556,17.497543994792288,17.624407686709965,29020600
BBDC4,2026-05-13,17.22429656982422,17.819584481866904,17.214537537997046,17.48778484512295,54103500
BBDC4,2026-05-14,17.409711837768555,17.624404921695074,17.351159516942182,17.37067571632116,28467200
BBDC4,2026-05-15,17.26333236694336,17.312125663800984,17.0486373935419,17.107191583385006,34994000
BBDC4,2026-05-18,17.234052658081055,17.380434387796733,17.068152868044706,17.263329748562064,17534300
BBDC4,2026-05-19,16.970563888549805,17.23405211047255,16.843700223185866,17.058393295857385,37267200
BBDC4,2026-05-20,17.429229736328125,17.585370497975514,17.087671122220204,17.087671122220204,40845900
BBDC4,2026-05-21,17.468265533447266,17.653683402226402,17.214536308103412,17.28284766466813,20334500
BBDC4,2026-05-22,17.195018768310547,17.49754126440354,17.175500707570425,17.370675730937474,20095600
BBDC4,2026-05-25,17.634166717529297,17.634166717529297,17.312126110463247,17.33164417424786,13186100
BBDC4,2026-05-26,17.409711837768555,17.595129691954245,17.26333010503026,17.448746097871233,26326900
BBDC4,2026-05-27,17.565853118896484,17.76103000919991,17.487782735044068,17.6634415640482,23973800
BBDC4,2026-05-28,17.468265533447266,17.770788053095956,17.390195145752607,17.653683402226402,31080500
BBDC4,2026-05-29,17.273088455200195,17.51705862060503,17.273088455200195,17.50729959062748,59372500
BBDC4,2026-06-01,17.077913284301758,17.38043579844712,17.04863619144453,17.360919597887133,27399600
BBDC4,2026-06-02,17.340652465820312,17.487192818211245,17.164803297606518,17.194112113429377,21483700
BBDC4,2026-06-03,16.969417572021484,17.213652125161126,16.9107999376475,17.10618832550392,30635400
BBDC4,2026-06-05,17.067110061645508,17.16480425648418,16.920569701068388,17.008494290087015,24164700
BBDC4,2026-06-08,16.8033390045166,17.106189346748724,16.78379979189211,16.998725540675892,18139400
BBDC4,2026-06-09,17.028034210205078,17.21365300178534,16.85218502485134,16.930340011301684,26754000
BBDC4,2026-06-10,16.861957550048828,17.008497942090575,16.764263334233604,16.949882157946313,19825200
BBDC4,2026-06-11,17.272268295288086,17.340653673609502,16.774029571766874,16.822875738178798,31243100
BBDC4,2026-06-12,17.389501571655273,17.57512037655562,17.076881603420155,17.106190424202946,22078400
BBDC4,2026-06-15,17.242961883544922,17.848664493727618,17.13549992977085,17.653276074091377,18201800
BBDC4,2026-06-16,17.252727508544922,17.282036323733845,17.067108739071692,17.13549597451251,19627200
BBDC4,2026-06-17,17.145263671875,17.56534737168833,17.096417510048088,17.340652045905916,30207900
BBDC4,2026-06-18,17.067110061645508,17.409038811899975,16.988955078446924,17.21365228558441,25189700
BBDC4,2026-06-19,17.067110061645508,17.184343468124272,16.99872468426697,17.115958090745735,20299600
BBDC4,2026-06-22,17.272268295288086,17.409039051930918,17.106188720781017,17.106188720781017,21753800
BBDC4,2026-06-23,17.428579330444336,17.516503926056103,17.067111341444637,17.0866505545499,21980600
BBDC4,2026-06-24,17.242961883544922,17.58489068622731,17.203885317634914,17.35042570068106,76122900
BBDC4,2026-06-25,17.213651657104492,17.653272722785047,17.13549667675939,17.379731223258048,51834700
BBDC4,2026-06-26,17.50673484802246,17.682584044554787,17.076881463539213,17.27226987376668,54809800
BBDC4,2026-06-29,17.75096893310547,17.829123922340152,17.418809763017574,17.555580528337792,18900500
BBDC4,2026-06-30,17.68258285522461,17.75096823519603,17.428578684358005,17.643504430462738,25467200
BBDC4,2026-07-01,17.70212173461914,17.79981406796247,17.4285783565171,17.496963735202154,56556800
BBDC4,2026-07-02,17.759763717651367,18.023813517972474,17.652187458562377,17.916237258883488,25735800
BBDC4,2026-07-03,17.857561111450195,17.98469517107386,17.798883996647874,17.896678566214458,11813000
BBDC4,2026-07-06,17.86383628845215,17.88377406198246,17.654493469125335,17.86383628845215,35102000
BBDC4,2026-07-07,17.764148712158203,18.093114358628885,17.66446174930058,17.873804561438654,22292100
BBDC4,2026-07-08,17.634557723999023,17.73424469099796,17.514932983326148,17.69436914365009,34277500
BBDC4,2026-07-09,17.943586349487305,17.993428884354216,17.664463210668448,17.69436987241109,20018900
BBDC4,2026-07-10,18.800891876220703,18.810860763593997,18.262583366287917,18.332363676530125,48063400
BBDC4,2026-07-13,18.711172103881836,18.940450788678987,18.631422913458014,18.741076861934094,24114300
BBDC4,2026-07-14,18.571609497070312,18.930481802777976,18.32239304063347,18.84076372635106,53143500
BBDC4,2026-07-15,18.541704177856445,18.621453365447135,18.4220794457851,18.57160893484632,22326000
BBDC4,2026-07-16,18.3523006439209,18.48189427270178,18.13299083546887,18.40214317722384,19600800
BBDC4,2026-07-17,18.232677459716797,18.422080603793905,18.152926365742353,18.362269184683804,55082500
BBDC4,2026-07-20,18.3523006439209,18.451987611897554,18.222708916510783,18.302458110617955,12804800
BBDC4,2026-07-21,18.49186134338379,18.581579424838672,18.292489307883535,18.362269615377162,19403200
BBDC4,2026-07-22,18.91054344177246,18.91054344177246,18.44201720273689,18.531735276373368,36477500
BBDC4,2026-07-23,18.66132926940918,18.93048352315024,18.62145562146838,18.741078466661623,19179800
BBDC4,2026-07-24,18.422082901000977,18.58158130609762,18.36227147443248,18.561645431488767,13967900
BBDC4,2026-07-27,18.619226455688477,18.71874039879263,18.48985718883062,18.559515808181068,15130368
BBDC4,2026-07-28,18.678936004638672,19.06704382189297,18.62917712957721,18.858062250747384,20158531
BBDC4,2026-07-29,18.260971069335938,18.569466557572138,18.260971069335938,18.559514783536994,22522604
BBDC4,2026-07-30,18.300777435302734,18.300777435302734,17.63402944735532,17.892767983344974,48017329
BBDC4,2026-07-31,18.3405818939209,18.629173811013946,18.3405818939209,18.420194178466414,25236379
BBDC4,2026-08-03,18.46000099182129,18.599322026673093,18.280874761884974,18.559514930217908,18993223
BBDC4,2026-08-04,18.15016746520996,18.787714130943137,18.030627703299682,18.77775216689769,31739183
BBDC4,2026-08-05,18.011850357055664,18.37109010199634,17.971935887238605,18.28128016576117,37330400
BBDC4,2026-08-06,17.6625919342041,17.95197803149226,17.502930245358744,17.682548217821672,58573100
BBDC4,2026-08-07,17.27341651916504,17.782338913742702,17.213543856072857,17.752403533855432,26547600
BBDC4,2026-08-10,17.14369010925293,17.283393608029602,16.984028423988896,17.273414514785923,31144700
BBDC4,2026-08-11,16.7545166015625,17.21354351503772,16.734558413154637,17.133712664723873,51847000
BBDC4,2026-08-12,16.704622268676758,16.864283980182663,16.63477050780764,16.84432579041499,44453700
BBDC4,2026-08-13,16.62479019165039,16.994009061958202,16.525001153460366,16.694641947388128,41325600
BBDC4,2026-08-14,16.50504493713379,16.624790260805856,16.315445954115813,16.525001222200732,41889000
BBDC4,2026-08-17,16.185720443725586,16.505045763921476,16.14580596827466,16.455150290460697,40198100
BBDC4,2026-08-18,16.085933685302734,16.325426253646683,16.01608002079939,16.215658112744887,26514900
BBDC4,2026-08-19,15.986143112182617,16.43519092118608,15.966184924231113,16.275529224209173,38268000
BBDC4,2026-08-20,15.716712951660156,16.006100960870437,15.646861198628025,15.92626916241531,36972400
BBDC4,2026-08-21,16.205677032470703,16.245593407296774,15.746649190217182,15.806522800797534,41406100
BBDC4,2026-08-24,16.235614776611328,16.485086416436392,16.026057609433142,16.055994891406474,26780200
BBDC4,2026-08-25,16.744537353515625,16.77447273253478,16.21565678547205,16.245594067808792,46776100
BBDC4,2026-08-26,16.954092025756836,17.253459128680042,16.724578579171308,16.74453676669636,34729800
BBDC4,2026-08-27,16.89422035217285,17.00398848664741,16.764494029008805,16.804410406387785,23903200
BBDC4,2026-08-28,17.043903350830078,17.113755109524508,16.83434807474679,16.97405159213565,30888800
BBDC4,2026-08-31,17.153671264648438,17.34326834911876,17.093796697988456,17.253460305764087,40273400
BBDC4,2026-09-01,17.36322593688965,17.502931350942013,17.023944350832974,17.303353275620115,45884200
BBDC4,2026-09-02,17.731822967529297,17.791760990528545,17.462099005939592,17.60195693346503,90113300
BBDC4,2026-09-03,17.77178382873535,18.10144583018496,17.631925894056838,17.94160791835302,75715700
BBDC4,2026-09-04,17.881669998168945,17.96158800186038,17.61194602118704,17.721833990786077,44532700
BBDC4,2026-09-08,18.20134162902832,18.47106560032115,18.06148560186706,18.08146557871737,43084300
BBDC4,2026-09-09,17.77178382873535,18.131413890519614,17.721833885851776,17.98156787265988,30056500
BBDC4,2026-09-10,18.461076736450195,18.531004754290482,17.64191668964298,17.731824685550656,51431900
BBDC4,2026-09-11,18.57096290588379,18.57096290588379,18.351188884684685,18.481054918712474,34171600
BBDC4,2026-09-14,18.311229705810547,18.42111767374893,18.10144566381415,18.181363666297845,21528800
BBDC4,2026-09-15,18.181364059448242,18.441096144090043,18.121424127242733,18.43110806078464,24044300
BBDC4,2026-09-16,18.19135284423828,18.231312800582867,17.95159882235754,18.19135284423828,34375100
BBDC4,2026-09-17,18.13141441345215,18.241302385569824,17.83172236908919,18.171374368911504,40269400
BBDC4,2026-09-18,17.97157859802246,18.09145656030982,17.881670602655834,18.071476582362664,53315800
BBDC4,2026-09-21,18.141403198242188,18.21133121025927,17.991557186006233,18.1314132100404,54948000
BBDC4,2026-09-22,18.4111270904541,18.421117078616252,17.901649126556986,18.031515161874093,44514900
BBDC4,2026-09-23,18.011537551879883,18.640891579037806,18.011537551879883,18.161383567356012,39576500
BBDC4,2026-09-24,17.76179313659668,18.081465136807054,17.64191518382008,18.061485160445052,34713200
BBDC4,2026-09-25,17.861690521240234,17.93162044365019,17.631926492365633,17.721834487211446,21337600
BBDC4,2026-09-28,17.641916275024414,17.861690312413863,17.522040220228547,17.80175228501593,28163100
BBDC4,2026-09-29,17.76179313659668,17.76179313659668,17.472089195533886,17.61194521927707,41812200
BBDC4,2026-09-30,18.491044998168945,18.521014962505976,17.951597072474797,18.13141304770618,60176500
BBDC4,2026-10-01,18.51102638244629,18.700830454832175,17.95159843797422,18.131414426883417,96438800
BBDC4,2026-10-02,19.229999542236328,19.260000228881836,18.190000534057617,18.940000534057617,109085500
BBDC4,2026-10-05,21.84000015258789,22.139999389648438,20.760000228881836,20.760000228881836,160447100
BBDC4,2026-10-06,22.799999237060547,23.0,22.139999389648438,22.260000228881836,117290100
BBDC4,2026-10-07,21.959999084472656,22.809999465942383,21.90999984741211,22.770000457763672,119596100
BBDC4,2026-10-08,21.510000228881836,22.059999465942383,21.40999984741211,21.899999618530273,88239200
BBDC4,2026-10-09,21.610000610351562,21.81999969482422,21.309999465942383,21.700000762939453,77639000
ABEV3,2024-10-09,11.448254585266113,11.50952173602398,11.334472137642699,11.334472137642699,28383000
ABEV3,2024-10-10,11.474512100219727,11.544531941304484,11.42199763675733,11.42199763675733,19340400
ABEV3,2024-10-11,11.273204803466797,11.483264318106611,11.238194884360162,11.457007087452213,31193700
ABEV3,2024-10-14,11.308216094970703,11.35197870784073,11.238196248259625,11.255700792586186,21045900
ABEV3,2024-10-15,11.273204803466797,11.334471953227832,11.211937653705762,11.31696741102567,33545800
ABEV3,2024-10-16,11.32572078704834,11.378236090117952,11.246949084497562,11.281959008309826,34342600
ABEV3,2024-10-17,11.25570011138916,11.343225331832175,11.159423036663735,11.185680268915695,18266900
ABEV3,2024-10-18,11.273204803466797,11.343224641680068,11.203184965253525,11.343224641680068,19422900
ABEV3,2024-10-21,11.229443550109863,11.32572063058796,11.211939005796761,11.27320616294624,28877400
ABEV3,2024-10-22,11.22068977355957,11.290709613433394,11.141917245025933,11.176927999665178,34756100
ABEV3,2024-10-23,11.159421920776367,11.220689068138645,11.115659314930905,11.15066923266682,22384200
ABEV3,2024-10-24,11.229443550109863,11.281958852453997,11.098156546303152,11.13316646963177,19295300
ABEV3,2024-10-25,11.159421920776367,11.238194444357742,11.14191654455727,11.220689068138645,19204000
ABEV3,2024-10-28,11.28195858001709,11.378235658170285,11.1856806671615,11.211938735050694,20050900
ABEV3,2024-10-29,11.360730171203613,11.404492782565741,11.264453093968838,11.290710326905161,21500600
ABEV3,2024-10-30,11.316967010498047,11.457006681968338,11.290708946070655,11.421996764100765,21176300
ABEV3,2024-10-31,11.063145637512207,11.238195238562552,10.923105121969591,11.028135717302138,61215800
ABEV3,2024-11-01,10.97562026977539,11.071897340362934,10.923104972826158,10.949363038651938,29027800
ABEV3,2024-11-04,11.089402198791504,11.124412116885702,10.94936252641471,11.019382362603107,19442900
ABEV3,2024-11-05,11.09815502166748,11.1506694820949,11.00187711971338,11.028135184629388,18352000
ABEV3,2024-11-06,10.940610885620117,10.984373496103071,10.800571199836558,10.958116263694246,39053800
ABEV3,2024-11-07,10.984374046325684,11.106908360173028,10.84433435352734,10.84433435352734,23946600
ABEV3,2024-11-08,10.791818618774414,10.984373606004555,10.774314075227517,10.853085773242123,35013400
ABEV3,2024-11-11,10.949363708496094,10.984373630369925,10.730551488109052,10.774314099126936,20684800
ABEV3,2024-11-12,11.01063060760498,11.063145906548332,10.765561160174842,10.87934361230014,26899600
ABEV3,2024-11-13,11.141918182373047,11.176928939957676,10.905601411593619,10.95811671326816,30341700
ABEV3,2024-11-14,11.063145637512207,11.290709701526486,11.0368875713279,11.106907411748038,38027500
ABEV3,2024-11-18,10.870590209960938,11.089402410910711,10.835580291197065,10.923104670755592,37251000
ABEV3,2024-11-19,10.879343032836914,11.028135398098575,10.870590344362153,10.896847575084118,28564100
ABEV3,2024-11-21,10.844332695007324,10.92310438413233,10.765560171180034,10.774312859316908,18400700
ABEV3,2024-11-22,11.09815502166748,11.115659563575853,10.914352740766914,10.931857282675287,24116600
ABEV3,2024-11-25,10.97562026977539,11.10690726009498,10.97562026977539,11.01938287811603,22015800
ABEV3,2024-11-26,11.036886215209961,11.124411422331956,10.975619071045905,11.019381674606903,16924800
ABEV3,2024-11-27,10.984374046325684,11.150670972848111,10.949364123126097,11.054393892724855,48572000
ABEV3,2024-11-28,10.853084564208984,11.203184577871964,10.783064728416845,10.984372382345958,40805900
ABEV3,2024-11-29,11.141918182373047,11.141918182373047,10.721799107786328,10.79181895355078,62396000
ABEV3,2024-12-02,11.597047805786133,11.614553184263332,11.028136360515315,11.080650826542142,87464600
ABEV3,2024-12-03,12.122197151184082,12.148454383497679,11.544532197368385,11.597047496697945,72892200
ABEV3,2024-12-04,12.192216873168945,12.30599932500504,12.06092904349544,12.16595880641283,50659000
ABEV3,2024-12-05,12.621088027954102,12.656097947301593,12.253483457454289,12.297246065314232,38794000
ABEV3,2024-12-06,12.446039199829102,12.717365882852516,12.384771211160613,12.5160590428482,46449200
ABEV3,2024-12-09,12.437285423278809,12.542315178623813,12.376018274669796,12.446038111566466,25321800
ABEV3,2024-12-10,12.489801406860352,12.691108240360673,12.489801406860352,12.54231587007681,22942500
ABEV3,2024-12-11,12.078433990478516,12.568572866609076,11.955898854094713,12.489801173257696,49150600
ABEV3,2024-12-12,11.46575927734375,11.885878288355524,11.46575927734375,11.815858453186895,49616900
ABEV3,2024-12-13,11.448254585266113,11.693324022999908,11.386987434508246,11.465759962455405,30867900
ABEV3,2024-12-16,11.238194465637207,11.745838691120309,11.238194465637207,11.448253972450432,32095500
ABEV3,2024-12-17,11.46575927734375,11.54453096588175,11.369481377960177,11.378234066031824,39564500
ABEV3,2024-12-18,11.168174743652344,11.448254088919368,11.159422055437178,11.4395014007042,40864200
ABEV3,2024-12-19,11.18567943572998,11.29946187994966,11.063145137879788,11.168174893766654,38104000
ABEV3,2024-12-20,11.294282913208008,11.358927815729887,11.091115735878516,11.15575975769165,86074600
ABEV3,2024-12-23,11.28504753112793,11.395866220380988,11.07264438286141,11.183463072114469,40181700
ABEV3,2024-12-26,11.21116828918457,11.303516755587468,11.072644268517257,11.248107851887458,21166800
ABEV3,2024-12-27,11.146524429321289,11.257343127723878,11.054175954340161,11.229638673300412,37624000
ABEV3,2024-12-30,10.84177303314209,11.229638926656296,10.84177303314209,11.137290449591662,38907400
ABEV3,2025-01-02,10.712483406066895,10.980295447183137,10.610898951386122,10.823302090593414,33417900
ABEV3,2025-01-03,10.463141441345215,10.666309484289313,10.40773253553871,10.61089969777413,41365900
ABEV3,2025-01-06,10.426201820373535,10.620134751055948,10.352322692562014,10.490845837031449,50881500
ABEV3,2025-01-07,10.657074928283691,10.69401449431535,10.407733077747181,10.435437532093744,34905200
ABEV3,2025-01-08,10.546256065368652,10.647839650190953,10.416967145924053,10.601664973195831,39248800
ABEV3,2025-01-09,10.527785301208496,10.629369761518543,10.43543683267324,10.555490634406873,24470100
ABEV3,2025-01-10,10.306148529052734,10.555491258324357,10.232269397574191,10.527785923488366,31277300
ABEV3,2025-01-13,10.380026817321777,10.444671712645688,10.26920812910619,10.324617913568307,28945300
ABEV3,2025-01-14,10.352322578430176,10.500080832424219,10.296912792828078,10.352322578430176,42625300
ABEV3,2025-01-15,10.518550872802734,10.555490435663055,10.306147725824408,10.435436636189852,45380700
ABEV3,2025-01-16,10.232269287109375,10.546256032857828,10.195329721768893,10.546256032857828,29298500
ABEV3,2025-01-17,10.241504669189453,10.241504669189453,9.945988138658416,10.010632159534898,51433600
ABEV3,2025-01-20,10.204564094543457,10.259972998188616,9.964456496858048,10.204564094543457,22293700
ABEV3,2025-01-21,10.389262199401855,10.398497310504737,10.149154594978931,10.149154594978931,26293900
ABEV3,2025-01-22,10.176858901977539,10.36155670186554,10.102978901313758,10.32461714188794,44993500
ABEV3,2025-01-23,10.204564094543457,10.306147671698678,10.139919199345911,10.176859642720878,35708100
ABEV3,2025-01-24,10.038336753845215,10.278444378598742,10.038336753845215,10.204565244937463,44514500
ABEV3,2025-01-27,10.269208908081055,10.269208908081055,10.010631949296895,10.038336403275162,34876400
ABEV3,2025-01-28,10.259974479675293,10.352323840030182,10.176861112206417,10.204565568029375,39022900
ABEV3,2025-01-29,10.130684852600098,10.343087115309396,10.075275068884096,10.324617774543151,26199700
ABEV3,2025-01-30,10.259974479675293,10.287679816207023,10.12145131985173,10.149155775674688,22347200
ABEV3,2025-01-31,10.250739097595215,10.380027130729381,10.250739097595215,10.287678661449073,26952000
ABEV3,2025-02-03,10.186094284057617,10.361557874337402,10.121450266959108,10.296912976530212,29524300
ABEV3,2025-02-04,10.066040992736816,10.15839034818563,9.992161860661255,10.15839034818563,23133400
ABEV3,2025-02-05,9.992161750793457,10.102980447688303,9.899813277068777,10.102980447688303,44675800
ABEV3,2025-02-06,10.02910041809082,10.066039980413658,9.909046620364443,9.973691514960883,24218200
ABEV3,2025-02-07,10.019865989685059,10.08451000229315,9.973691317518444,10.029100219551488,33491500
ABEV3,2025-02-10,10.130684852600098,10.37079156681308,10.066039958146657,10.10297952038778,50519600
ABEV3,2025-02-11,10.121450424194336,10.186094442297081,9.95522194254877,10.186094442297081,35802500
ABEV3,2025-02-12,10.084511756896973,10.195330460953022,9.973693052840924,10.001397508677742,39414800
ABEV3,2025-02-13,10.13991928100586,10.149154391923974,10.01063125098686,10.038335703032553,21078300
ABEV3,2025-02-14,10.278444290161133,10.333853199575971,10.158390478817335,10.204565157135523,34084700
ABEV3,2025-02-17,10.250739097595215,10.370792019588748,10.223033764173318,10.315383114162298,9559900
ABEV3,2025-02-18,10.241504669189453,10.315383801822213,10.195329991116795,10.28767934726211,18776800
ABEV3,2025-02-19,10.130684852600098,10.195328866344905,10.093745290358974,10.158389304103782,16856200
ABEV3,2025-02-20,10.195328712463379,10.23226827414696,10.066039806216532,10.093745138010684,24406000
ABEV3,2025-02-21,10.269208908081055,10.315383585183977,10.1676253230216,10.176860434583926,34245000
ABEV3,2025-02-24,10.186094284057617,10.315383198963318,10.139919608683533,10.315383198963318,28954600
ABEV3,2025-02-25,10.241504669189453,10.28767934726211,10.17686064831297,10.186094879360517,24354400
ABEV3,2025-02-26,10.80483341217041,10.93412233626519,10.573960899599637,10.832537867080456,79612200
ABEV3,2025-02-27,11.377397537231445,11.534390921749827,10.767894223552442,10.777129335749706,66169900
ABEV3,2025-02-28,11.28504753112793,11.534389361770147,11.174228841874871,11.368161768244887,79761000
ABEV3,2025-03-05,11.802201271057129,11.940725291473578,11.469745207333212,11.543624332605193,54086900
ABEV3,2025-03-06,11.866846084594727,12.042308785731887,11.728322065130891,11.792966959830803,40524500
ABEV3,2025-03-07,12.0977201461792,12.116189489422704,11.746793817465115,11.802202727904376,30190400
ABEV3,2025-03-10,12.116189002990723,12.245477923339656,11.986900082641789,12.005370305852514,27718600
ABEV3,2025-03-11,11.876081466674805,12.15312865176826,11.765262768779168,12.079249519837834,32659900
ABEV3,2025-03-12,12.033075332641602,12.10695446758315,11.885317062758503,11.913021518184394,38219900
ABEV3,2025-03-13,12.310121536254883,12.310121536254883,11.949960121929124,12.079249038004479,35316500
ABEV3,2025-03-14,12.596404075622559,12.596404075622559,12.356296461229922,12.356296461229922,41772200
ABEV3,2025-03-17,12.650097846984863,12.761963014861644,12.500944289815822,12.528910359528686,49697100
ABEV3,2025-03-18,12.631454467773438,12.706031248547902,12.361113415209667,12.58484375753306,31311700
ABEV3,2025-03-19,12.752642631530762,12.836541736584316,12.575522101078723,12.631455134122893,35578000
ABEV3,2025-03-20,12.678064346313477,12.761962552411884,12.538232224765542,12.752641122195591,18669000
ABEV3,2025-03-21,12.799253463745117,12.817898105904113,12.659422203654534,12.706032920026551,28909800
ABEV3,2025-03-24,12.62213134765625,12.855183995056866,12.566198321108972,12.827217926295875,21122400
ABEV3,2025-03-25,12.678064346313477,12.733996483712415,12.45433312964184,12.5755206127066,20685600
ABEV3,2025-03-26,12.472978591918945,12.61280983367692,12.323825030303679,12.61280983367692,29019200
ABEV3,2025-03-27,12.547555923461914,12.566199674969454,12.417046106807563,12.491622890888507,20680800
ABEV3,2025-03-28,12.5195894241333,12.5195894241333,12.351791221168927,12.454334073521954,37767300
ABEV3,2025-03-31,12.584843635559082,12.789930225213809,12.407724005192735,12.417045435930184,41452600
ABEV3,2025-04-01,12.687386512756348,12.724674902861183,12.426367782022494,12.49162224244962,31317800
ABEV3,2025-04-02,12.743319511413574,12.761963261907947,12.53823292182341,12.678065051145254,35788800
ABEV3,2025-04-03,12.911118507385254,13.181459573919168,12.687387264474975,12.715354225479635,44926800
ABEV3,2025-04-04,12.780608177185059,12.957727811317222,12.640776933871527,12.799251928081693,59559600
ABEV3,2025-04-07,12.286537170410156,12.678065731068399,12.10941664157527,12.389080026191928,50069000
ABEV3,2025-04-08,12.34246826171875,12.566198594728835,12.258569164583639,12.267891484048722,39798300
ABEV3,2025-04-09,12.743319511413574,12.93908378124388,12.258569552205067,12.295857942219156,51912400
ABEV3,2025-04-10,12.678064346313477,12.80857325959453,12.603487570431364,12.743318802954002,21741000
ABEV3,2025-04-11,12.56619930267334,12.79925196827804,12.528910911737603,12.79925196827804,35635500
ABEV3,2025-04-14,12.752642631530762,12.80857477554953,12.612810493433036,12.724675670495976,23490300
ABEV3,2025-04-15,12.733997344970703,12.920439297285906,12.696708954507661,12.7526419847149,22758200
ABEV3,2025-04-16,12.948406219482422,13.125525851413666,12.650098207614825,12.668742847305142,60471500
ABEV3,2025-04-17,13.050950050354004,13.144171477752414,12.855185764037676,12.957728622955592,56058800
ABEV3,2025-04-22,13.06959342956543,13.237390738046034,12.808573813661676,12.91111755170434,28032800
ABEV3,2025-04-23,13.097559928894043,13.330612593504167,13.032304578265961,13.200102781273367,35704200
ABEV3,2025-04-24,13.190779685974121,13.22806807455893,13.032303812232355,13.125525228207033,38150200
ABEV3,2025-04-25,13.134848594665527,13.265357520603336,13.004338779702337,13.116203954374194,24152700
ABEV3,2025-04-28,13.330613136291504,13.367901528586394,13.097560462192092,13.153492606121727,28336600
ABEV3,2025-04-29,13.52637767791748,13.610276784448908,13.218748213319186,13.25603660633033,59612200
ABEV3,2025-04-30,13.582308769226074,13.759429289057325,13.461121279085049,13.470443598870977,46988000
ABEV3,2025-05-02,13.16281509399414,13.526377590265957,13.16281509399414,13.433156163829468,35468500
ABEV3,2025-05-05,13.106882095336914,13.284001727195026,13.078915135812986,13.162814236334064,29153300
ABEV3,2025-05-06,13.246712684631348,13.284001073135277,13.050948422729395,13.050948422729395,21775000
ABEV3,2025-05-07,13.302647590637207,13.367902057478664,13.106883301087398,13.339935984407388,23409200
ABEV3,2025-05-08,13.395867347717285,14.01112625348326,13.321290564535069,13.768752152653748,45418600
ABEV3,2025-05-09,13.311968803405762,13.433156303422374,13.237392017091757,13.321291123951367,23513400
ABEV3,2025-05-12,13.321290016174316,13.358578406230476,13.12552574612314,13.293323945888533,19557500
ABEV3,2025-05-13,13.284001350402832,13.405188837826389,13.172136182556162,13.377222768121053,20625000
ABEV3,2025-05-14,13.265357971191406,13.451800824336171,13.228069578367537,13.228069578367537,37228600
ABEV3,2025-05-15,13.433155059814453,13.461121129836823,13.237390791607202,13.26535686162957,19063200
ABEV3,2025-05-16,13.534736633300781,13.544141605728072,13.356028702286059,13.421868891235572,26057600
ABEV3,2025-05-19,13.468896865844727,13.66641564488823,13.468896865844727,13.5159253174252,14202200
ABEV3,2025-05-20,13.440680503845215,13.515925669536989,13.374841208113196,13.468897216731348,17554600
ABEV3,2025-05-21,13.318406105041504,13.478302297016718,13.196132493707925,13.327811974450182,16478300
ABEV3,2025-05-22,13.26197338104248,13.42186958143893,13.26197338104248,13.318406806480565,18062800
ABEV3,2025-05-23,13.393651008605957,13.450085326979044,13.13969881840971,13.167915529099725,16090900
ABEV3,2025-05-26,13.412463188171387,13.431274030252363,13.261972863551229,13.403057318634355,6439900
ABEV3,2025-05-27,13.35602855682373,13.600575777131489,13.32781184586301,13.600575777131489,15568200
ABEV3,2025-05-28,13.26197338104248,13.374841128911775,13.252567511138425,13.36543525900772,12853200
ABEV3,2025-05-29,13.224349975585938,13.327811847113667,13.177321525984945,13.205538236948314,12528800
ABEV3,2025-05-30,13.19613265991211,13.280783691670228,13.073859047038505,13.280783691670228,38207300
ABEV3,2025-06-02,13.08326530456543,13.25256737310252,13.008020140102971,13.205538921065205,15049400
ABEV3,2025-06-03,13.177321434020996,13.243160724807055,13.0080193754362,13.08326453547543,18971700
ABEV3,2025-06-04,13.243162155151367,13.412464232021843,13.177322857254252,13.252568025420429,19154800
ABEV3,2025-06-05,13.045641899108887,13.271377378251572,13.008019319251773,13.261972406032086,20132900
ABEV3,2025-06-06,13.243162155151367,13.26197389568949,12.998614910114712,13.139700273171163,26987600
ABEV3,2025-06-09,13.130292892456055,13.2243497903405,12.989208442622443,13.158509603024166,17173900
ABEV3,2025-06-10,12.979802131652832,13.261971918709138,12.913961946577444,13.233754312108388,23640900
ABEV3,2025-06-11,13.08326530456543,13.092671174371516,12.819907228946823,12.913963236028339,22849900
ABEV3,2025-06-12,12.979802131652832,13.064453157469027,12.92336781544436,12.932773684311277,14788400
ABEV3,2025-06-13,12.829313278198242,12.970397739290442,12.772878955565485,12.866935860955705,28248400
ABEV3,2025-06-16,12.866935729980469,13.026831929320347,12.78228469538958,12.848123990296664,27978300
ABEV3,2025-06-17,12.669417381286621,12.932775466909236,12.603577187136105,12.913963726582475,32452200
ABEV3,2025-06-18,12.688227653503418,12.744661974950356,12.556549065115743,12.584765777342657,37567000
ABEV3,2025-06-20,12.725850105285645,12.744661844573217,12.575359778957461,12.612982360539506,39451400
ABEV3,2025-06-23,12.754067420959473,12.83871755482787,12.669416390097997,12.697633101387463,27562100
ABEV3,2025-06-24,12.707039833068848,12.838718426016973,12.631794666529021,12.772879129542911,26798300
ABEV3,2025-06-25,12.368433952331543,12.66941547328004,12.32140640258326,12.603575289045018,50901200
ABEV3,2025-06-26,12.528331756591797,12.57536020942747,12.34021884224223,12.415464007982056,36177200
ABEV3,2025-06-27,12.368433952331543,12.434274136566566,12.236755377847526,12.434274136566566,27309500
ABEV3,2025-06-30,12.528331756591797,12.547143496523319,12.264973676502404,12.312002129338078,34532500
ABEV3,2025-07-01,12.584765434265137,12.612982145722826,12.38724666007514,12.565953695297955,21493700
ABEV3,2025-07-02,12.838717460632324,12.960991071313678,12.56595352818717,12.688227138868525,47073600
ABEV3,2025-07-03,12.678821563720703,12.913962921181337,12.678821563720703,12.857529497706917,15694900
ABEV3,2025-07-04,12.716444969177246,12.819906842949694,12.603576328888826,12.612982198411709,6452500
ABEV3,2025-07-07,12.603575706481934,12.735255182320255,12.50951970687717,12.707038472138132,23165300
ABEV3,2025-07-08,12.584765434265137,12.688227307605388,12.481303560924886,12.622388015206418,32803300
ABEV3,2025-07-09,12.518926620483398,12.650605210315609,12.443680558730982,12.650605210315609,31299800
ABEV3,2025-07-10,12.443679809570312,12.584765157744915,12.368434649341083,12.434274837286457,26865400
ABEV3,2025-07-11,12.537736892700195,12.584765342783205,12.30259553927822,12.406057411866382,40755100
ABEV3,2025-07-14,12.500114440917969,12.763472508307936,12.471897729374458,12.471897729374458,36420400
ABEV3,2025-07-15,12.481304168701172,12.716445535282643,12.443680688934734,12.575360177137883,27675300
ABEV3,2025-07-16,12.866935729980469,12.913963285203748,12.518926618768123,12.584765913675207,48903600
ABEV3,2025-07-17,12.66001033782959,12.87633994957964,12.641198599246247,12.857529107989363,19213600
ABEV3,2025-07-18,12.528331756591797,12.68822795803721,12.500115043687645,12.537737626557558,23902900
ABEV3,2025-07-21,12.622387886047363,12.650604597216324,12.471897563822138,12.556548594322095,21355000
ABEV3,2025-07-22,12.603575706481934,12.725849313261866,12.603575706481934,12.631793313657102,22285900
ABEV3,2025-07-23,12.782283782958984,12.848123073166299,12.603575856691908,12.612981725862397,15345700
ABEV3,2025-07-24,12.697632789611816,12.782283818394784,12.612981760828848,12.735255369405017,8292700
ABEV3,2025-07-25,12.669417381286621,12.791691002431122,12.65060564095986,12.772879262104361,15436100
ABEV3,2025-07-28,12.283784866333008,12.688227389824268,12.255567257699386,12.669416547728277,56671100
ABEV3,2025-07-29,12.406057357788086,12.443679938291881,12.246162063391763,12.36843477728429,20942500
ABEV3,2025-07-30,12.368433952331543,12.59417031729117,12.302594665089535,12.41546239907284,25805400
ABEV3,2025-07-31,11.71944522857666,11.86052968349568,11.47489800285681,11.597171615716734,116074600
ABEV3,2025-08-01,11.559549331665039,11.926370179671448,11.493710037276623,11.804096563669312,34261300
ABEV3,2025-08-04,11.672416687011719,11.822907010284517,11.60657739482814,11.65360584509916,16396200
ABEV3,2025-08-05,11.625388145446777,11.766473495151898,11.578360592538145,11.728850914629147,33909800
ABEV3,2025-08-06,11.738255500793457,11.822906528432657,11.644199501077825,11.757067238932411,43866000
ABEV3,2025-08-07,11.79469108581543,11.898152965719786,11.663011595670042,11.76647437256754,34814900
ABEV3,2025-08-08,11.634794235229492,11.82290714140676,11.578360811872857,11.80409629928558,24174500
ABEV3,2025-08-11,11.578360557556152,11.70063327114086,11.521926238445996,11.634793979673237,50587800
ABEV3,2025-08-12,11.503114700317383,11.700633475157332,11.503114700317383,11.644200052056252,21327300
ABEV3,2025-08-13,11.399653434753418,11.503115313953314,11.239757232448857,11.503115313953314,42653700
ABEV3,2025-08-14,11.305597305297852,11.41846505331333,11.258568852709788,11.286785565465376,21777500
ABEV3,2025-08-15,11.324407577514648,11.390246869624503,11.249162415962504,11.286784996738575,22229200
ABEV3,2025-08-18,11.35262393951416,11.484303416675012,11.267972911124545,11.324407229048639,18813900
ABEV3,2025-08-19,11.35262393951416,11.371435677819877,11.239756200659023,11.324407229048639,29267000
ABEV3,2025-08-20,11.380842208862305,11.427869763375528,11.20213427253688,11.333813757355976,21759200
ABEV3,2025-08-21,11.343219757080078,11.399653181940069,11.30559717484238,11.324408017464672,17547700
ABEV3,2025-08-22,11.48430347442627,11.578360372441727,11.371435735003553,11.409058314811125,16592500
ABEV3,2025-08-25,11.399653434753418,11.531332924002214,11.399653434753418,11.521927053985914,10382300
ABEV3,2025-08-26,11.456086158752441,11.465491130462807,11.380841003111458,11.399651843525199,27024300
ABEV3,2025-08-27,11.42786979675293,11.49370998785133,11.371436372374996,11.42786979675293,23328100
ABEV3,2025-08-28,11.521925926208496,11.587765215891912,11.446680767429434,11.512520057112852,25303600
ABEV3,2025-08-29,11.615982055664062,11.766472363278682,11.531331033382592,11.531331033382592,22696900
ABEV3,2025-09-01,11.568955421447754,11.691229039775253,11.53133283865415,11.644200587034964,8227400
ABEV3,2025-09-02,11.437274932861328,11.597171119997798,11.4184640916063,11.503114222743504,18419800
ABEV3,2025-09-03,11.192728042602539,11.249162361992433,11.05164358961742,11.192728042602539,57777400
ABEV3,2025-09-04,11.437274932861328,11.456086671109407,11.202133586718643,11.202133586718643,25257600
ABEV3,2025-09-05,11.521925926208496,11.644199533472731,11.456086636525079,11.47489747772332,17025900
ABEV3,2025-09-08,11.418464660644531,11.559549116563856,11.305596916510455,11.503114796000268,43983300
ABEV3,2025-09-09,11.597171783447266,11.634794365102682,11.39024713584593,11.39024713584593,47583700
ABEV3,2025-09-10,11.625388145446777,11.75706762577294,11.521926273257481,11.531332142636439,40403300
ABEV3,2025-09-11,11.775879859924316,11.822907414811326,11.672417086389425,11.738256380825728,28340200
ABEV3,2025-09-12,11.83231258392334,11.851124322358677,11.691228133630547,11.691228133630547,24015800
ABEV3,2025-09-15,11.879342079162598,11.94518137549824,11.804096912780967,11.832313625925794,37293700
ABEV3,2025-09-16,11.95458698272705,12.020426277615242,11.907558530524149,11.945181112887846,40985200
ABEV3,2025-09-17,12.029830932617188,12.114481958635269,11.898151459145392,11.935774037709757,26865600
ABEV3,2025-09-18,11.775879859924316,12.048643804437292,11.681822956164071,12.048643804437292,59380000
ABEV3,2025-09-19,11.804095268249512,11.860528686676934,11.64419908771679,11.804095268249512,35447400
ABEV3,2025-09-22,11.625388145446777,11.766473495151898,11.625388145446777,11.672416595348484,14169100
ABEV3,2025-09-23,11.71944522857666,11.813502129851399,11.606577485242827,11.625388327301922,14643300
ABEV3,2025-09-24,11.64419937133789,11.804095555765247,11.615982661436897,11.71944452906923,18134100
ABEV3,2025-09-25,11.71944522857666,11.86993555302177,11.587765746190643,11.653605935880195,25988200
ABEV3,2025-09-26,11.71944522857666,11.804096260325307,11.653605935880195,11.785284521273123,12757700
ABEV3,2025-09-29,11.672416687011719,11.851124618642979,11.64419997564634,11.851124618642979,21050900
ABEV3,2025-09-30,11.37143611907959,11.681822637223785,11.32440766848345,11.503114704357074,52485900
ABEV3,2025-10-01,11.277379035949707,11.465491938306355,11.17391716390182,11.465491938306355,28764000
ABEV3,2025-10-02,11.220946311950684,11.42787006892207,11.155106119284216,11.315002320485005,25828200
ABEV3,2025-10-03,11.164511680603027,11.239756844147655,11.051643935286087,11.126889098830715,21785000
ABEV3,2025-10-06,11.14570140838623,11.286785873001488,11.079861214171713,11.173918121910653,14804500
ABEV3,2025-10-07,11.014020919799805,11.155105371642032,11.014020919799805,11.089266080381401,18071700
ABEV3,2025-10-08,11.173916816711426,11.20213352693992,11.01402063042822,11.061049078804407,14723700
ABEV3,2025-10-09,11.023427963256836,11.258569339368158,10.985805378958752,11.220946755070074,28928400
ABEV3,2025-10-10,11.108077049255371,11.164510467284309,11.042236865564268,11.079859443247896,21477200
ABEV3,2025-10-13,11.155105590820312,11.220945780367657,11.07986042876028,11.126888879296072,11694900
ABEV3,2025-10-14,11.333813667297363,11.380842118430003,11.051643857494625,11.098672308627265,29046500
ABEV3,2025-10-15,11.277379035949707,11.38084180499067,11.202133875007048,11.277379035949707,28407100
ABEV3,2025-10-16,11.42786979675293,11.51252083031294,11.211540174982334,11.277379469087627,26420200
ABEV3,2025-10-17,11.634794235229492,11.663010946907809,11.380842036138452,11.409058747816768,23480500
ABEV3,2025-10-20,11.625388145446777,11.710039175871234,11.559548853780232,11.597171434302982,18260900
ABEV3,2025-10-21,11.493709564208984,11.615983175178481,11.427869375537362,11.587765567036469,26607400
ABEV3,2025-10-22,11.35262393951416,11.540737734599107,11.343218967354355,11.52192599629339,29517800
ABEV3,2025-10-23,11.399653434753418,11.456087757858084,11.315002398592988,11.380842591713954,25355600
ABEV3,2025-10-24,11.390247344970703,11.531332701513662,11.333813919948014,11.45608753682133,21686700
ABEV3,2025-10-27,11.42786979675293,11.653606185243992,11.380842242102354,11.49370998785133,40310400
ABEV3,2025-10-28,11.315001487731934,11.427869227862242,11.286784776947623,11.409058386337056,29170400
ABEV3,2025-10-29,11.315001487731934,11.41846425559618,11.267973038429373,11.343219095509308,38485900
ABEV3,2025-10-30,11.841717720031738,11.907557006493255,11.615982254741109,11.7570666962995,91617100
ABEV3,2025-10-31,11.95458698272705,12.152105764384741,11.766474070908565,11.766474070908565,32112500
ABEV3,2025-11-03,12.1427001953125,12.170916908535903,11.973398121985799,12.123889352161278,28265800
ABEV3,2025-11-04,12.377840042114258,12.377840042114258,12.067453543869222,12.123887860365151,27058100
ABEV3,2025-11-05,12.396652221679688,12.500114092450396,12.330812033922816,12.377840483179707,21385300
ABEV3,2025-11-06,12.302596092224121,12.45308642165915,12.302596092224121,12.45308642165915,15494600
ABEV3,2025-11-07,12.340218544006348,12.500114741587423,12.274379249823474,12.30259596204569,30240300
ABEV3,2025-11-10,12.396652221679688,12.471897381693486,12.312001192415899,12.462491512443496,25239700
ABEV3,2025-11-11,12.782283782958984,12.83871720399581,12.4530855379363,12.500113986795691,36404100
ABEV3,2025-11-12,12.810501098632812,12.848123680098968,12.744661805315314,12.78228438678147,32756700
ABEV3,2025-11-13,12.819906234741211,12.932773972681813,12.707038496800608,12.829312103817855,23794500
ABEV3,2025-11-14,12.876340866088867,13.017426224526883,12.838718283237355,12.866935893120836,15539900
ABEV3,2025-11-17,12.942179679870605,13.008018968597476,12.819906074382823,12.829311943341814,33654100
ABEV3,2025-11-18,12.923368453979492,13.073858775313676,12.857529162644054,12.876340004314292,46389400
ABEV3,2025-11-19,12.612981796264648,13.036236044375551,12.612981796264648,12.923368304678847,101108300
ABEV3,2025-11-21,12.810501098632812,12.895152131179936,12.565953870606252,12.7352559357005,35463400
ABEV3,2025-11-24,12.95158576965332,13.045641769867778,12.754067003111993,12.772877844357666,43126600
ABEV3,2025-11-25,12.923368453979492,13.092670513976984,12.810500712978854,12.979802772976345,20205700
ABEV3,2025-11-26,12.857528686523438,12.989208161311229,12.772877659659361,12.979802292327879,33961700
ABEV3,2025-11-27,12.904558181762695,12.95158663350317,12.838717990528785,12.885746442269262,8093600
ABEV3,2025-11-28,13.036236763000488,13.130293666429175,12.848123853136224,12.885746435109077,23319400
ABEV3,2025-12-01,13.177321434020996,13.186727303274164,12.979802664669755,13.01742524468937,15984500
ABEV3,2025-12-02,13.167915344238281,13.497113586641456,13.026830895775804,13.177321213333926,36109000
ABEV3,2025-12-03,13.309000015258789,13.309000015258789,13.139698853671309,13.22434988296158,15674100
ABEV3,2025-12-04,13.120887756347656,13.365434986915897,13.026831750201254,13.337218274771287,37988200
ABEV3,2025-12-05,12.801095008850098,13.27137771758513,12.782284166937098,13.139699133214894,61741400
ABEV3,2025-12-08,12.810501098632812,12.942180582260905,12.78228438678147,12.87634039195031,19119600
ABEV3,2025-12-09,12.829313278198242,12.923369286595333,12.6600112072931,12.70703965998821,38541700
ABEV3,2025-12-10,12.7916898727417,12.838717425419098,12.359029750360913,12.471897491374197,91743100
ABEV3,2025-12-11,12.960990905761719,13.017425224198838,12.62238768611818,12.725849556760997,22635200
ABEV3,2025-12-12,13.205537796020508,13.214943665025261,12.979802321864645,13.01742490089062,30262800
ABEV3,2025-12-15,13.431273460388184,13.497113647360843,13.196132113897528,13.205537983035487,22268400
ABEV3,2025-12-16,13.318406105041504,13.431273846966405,13.177321651883645,13.224350101933958,43020300
ABEV3,2025-12-17,13.186727523803711,13.29018939633964,13.073858884864237,13.158509915572303,28631200
ABEV3,2025-12-18,13.092671394348145,13.31840689152822,13.092671394348145,13.12088810724737,23928400
ABEV3,2025-12-19,13.182206153869629,13.221911557024448,13.043237716153499,13.08294311930832,30380100
ABEV3,2025-12-22,13.023385047912598,13.202059842386202,12.904268833814035,13.182206666710682,26993300
ABEV3,2025-12-23,13.370807647705078,13.470070683148798,13.043237832102967,13.073016648070935,45087200
ABEV3,2025-12-26,13.618966102600098,13.718229134008189,13.30132194080043,13.30132194080043,29118400
ABEV3,2025-12-29,13.767862319946289,13.767862319946289,13.440292489184564,13.579261881218931,20303700
ABEV3,2025-12-30,13.757935523986816,13.986242311260016,13.757935523986816,13.797640928731957,25304800
ABEV3,2026-01-02,13.549481391906738,13.916757555004727,13.460144944650684,13.7777881704095,24557600
ABEV3,2026-01-05,13.609040260314941,13.658672252061175,13.470070872755786,13.529629452181569,17543300
ABEV3,2026-01-06,13.599113464355469,13.748009437313726,13.529629244965843,13.69837744632764,28548900
ABEV3,2026-01-07,13.599113464355469,13.6189666394105,13.499850429034788,13.549481473369383,28605400
ABEV3,2026-01-08,13.539555549621582,13.698377160137722,13.241764556578083,13.579260952250618,31130800
ABEV3,2026-01-09,13.797640800476074,13.85719938036592,13.509776382086766,13.519702969843658,17408500
ABEV3,2026-01-12,13.797640800476074,13.936610189118039,13.668598946242517,13.708304350618576,14562800
ABEV3,2026-01-13,13.807567596435547,13.99616898005436,13.668599152349607,13.7579356035542,33777500
ABEV3,2026-01-14,14.095431327819824,14.135136730847146,13.827420094048275,13.827420094048275,22198700
ABEV3,2026-01-15,13.936610221862793,14.174842648678888,13.896904817393443,14.174842648678888,21374400
ABEV3,2026-01-16,13.996169090270996,14.035874495558438,13.89690510372662,13.996169090270996,31536400
ABEV3,2026-01-19,13.986242294311523,14.065653103705575,13.877051721406062,13.956463477451633,8040400
ABEV3,2026-01-20,13.966388702392578,14.10535808801618,13.896904482906523,13.976315289933869,20664800
ABEV3,2026-01-21,14.204622268676758,14.234401085065384,13.986242072973313,14.145063689247998,35138900
ABEV3,2026-01-22,14.482560157775879,14.691013766671785,14.214547969201925,14.254253373436788,47662500
ABEV3,2026-01-23,14.790276527404785,14.99873013240331,14.43292789597224,14.571897281521753,53554400
ABEV3,2026-01-26,14.939172744750977,15.028510140732683,14.621528564965852,14.85976193646757,22156500
ABEV3,2026-01-27,14.760497093200684,15.137698883906024,14.760497093200684,15.117845709665582,24248800
ABEV3,2026-01-28,14.839908599853516,15.008656802285385,14.700940160193033,14.88954059115433,23714500
ABEV3,2026-01-29,14.651308059692383,14.949099058626258,14.492486446034713,14.899467067695365,33726800
ABEV3,2026-01-30,14.740645408630371,14.859761618506695,14.641381427074357,14.651308014560255,40087800
ABEV3,2026-02-02,14.94909954071045,15.068215754795006,14.730719341563,14.869687784669225,19323000
ABEV3,2026-02-03,15.266742706298828,15.276669294088626,14.96895169916552,15.028510279252789,32249800
ABEV3,2026-02-04,15.187331199645996,15.316373995031169,15.09799380694461,15.167478024978367,27049700
ABEV3,2026-02-05,15.366004943847656,15.405711292938593,15.068214898877349,15.286594138968711,26311400
ABEV3,2026-02-06,15.306447982788086,15.455343011783668,15.217110586730133,15.405711966552813,23511000
ABEV3,2026-02-09,15.276668548583984,15.385858168988731,15.048361773817646,15.34615276641869,22980900
ABEV3,2026-02-10,15.54468059539795,15.673723397188475,15.187331953506009,15.22703735816067,35103300
ABEV3,2026-02-11,15.653870582580566,15.832544423516646,15.514901198162297,15.653870582580566,26720300
ABEV3,2026-02-12,16.398347854614258,16.64650686490817,15.782912676032044,15.792839263640161,55037900
ABEV3,2026-02-13,16.229598999023438,16.28915662897335,15.98143999871208,16.00129317312969,23238400
ABEV3,2026-02-18,16.011219024658203,16.368568616800125,15.892103756146266,16.189893820729164,29705300
ABEV3,2026-02-19,16.050926208496094,16.160116788045375,15.931809040505682,16.070779385378355,23244500
ABEV3,2026-02-20,15.911955833435059,15.981440050820328,15.594311668277832,15.941733701855645,33875800
ABEV3,2026-02-23,16.070777893066406,16.20974633173149,15.70350172806199,15.812692297471976,29917200
ABEV3,2026-02-24,16.45790672302246,16.45790672302246,16.110483703857366,16.110483703857366,31221100
ABEV3,2026-02-25,16.259376525878906,16.51746210797894,16.140261268480664,16.487684240280817,29966400
ABEV3,2026-02-26,16.28915786743164,16.47775925213238,16.23952682091711,16.29908445539516,18040900
ABEV3,2026-02-27,16.150188446044922,16.39834745021905,16.130335271318284,16.199819489558568,34463800
ABEV3,2026-03-02,15.792839050292969,16.080704407130536,15.753133647048388,15.852397628485583,18638600
ABEV3,2026-03-03,15.455343246459961,15.465269834317462,15.038436022960136,15.23696399350407,40085300
ABEV3,2026-03-04,15.485122680664062,15.723355104267757,15.286594714342817,15.584385717173184,26249500
ABEV3,2026-03-05,15.17740535736084,15.445417548621538,15.147626540549046,15.37593238052533,26954000
ABEV3,2026-03-06,15.117846488952637,15.227037059600667,14.84983524945152,15.18733165572452,17914800
ABEV3,2026-03-09,15.296521186828613,15.445417160448578,15.01858336138344,15.08806758108186,21901300
ABEV3,2026-03-10,15.336226463317871,15.60423864562094,15.276668831684846,15.316374234990692,20894000
ABEV3,2026-03-11,15.316373825073242,15.43549003180283,15.088067052186272,15.197257618343656,19594000
ABEV3,2026-03-12,14.839908599853516,15.137699601006902,14.760497792432814,15.107920784887012,37546800
ABEV3,2026-03-13,14.889540672302246,15.117846508218161,14.760497872877448,14.760497872877448,25418200
ABEV3,2026-03-16,14.988804817199707,15.207184067827745,14.988804817199707,15.08806785476204,28906400
ABEV3,2026-03-17,14.909394264221191,15.078141525636727,14.839909095419058,15.03843612060045,27499600
ABEV3,2026-03-18,14.631455421447754,14.949099607068083,14.631455421447754,14.839909033683913,20403700
ABEV3,2026-03-19,14.661234855651855,14.661234855651855,14.333664089511382,14.413075844120726,30848100
ABEV3,2026-03-20,14.363444328308105,14.641382165367915,14.224474936452435,14.58182358410076,65705300
ABEV3,2026-03-23,14.552043914794922,14.720792114078476,14.42300111848094,14.571897089605446,23231600
ABEV3,2026-03-24,14.59174919128418,14.651307768548028,14.393222178157133,14.55204378865877,13573700
ABEV3,2026-03-25,14.899467468261719,15.008657093924015,14.681087270285612,14.780351254816074,25296600
ABEV3,2026-03-26,14.720791816711426,14.939172001958433,14.700939588953403,14.770423806083672,13324100
ABEV3,2026-03-27,14.651308059692383,14.889540480178887,14.63145488465943,14.681086875590324,17884700
ABEV3,2026-03-30,14.730718612670898,14.810129418131268,14.621528045174284,14.740645200016312,18158200
ABEV3,2026-03-31,15.137700080871582,15.147626668776716,14.829982482373094,14.889541063152375,36180800
ABEV3,2026-04-01,15.246889114379883,15.366005324650253,15.068215272300069,15.15755266666572,23927000
ABEV3,2026-04-02,15.167478561401367,15.296521361350353,14.98880471633097,15.038435761452384,25947900
ABEV3,2026-04-06,15.336226463317871,15.445417032397561,15.187331437583824,15.187331437583824,14919000
ABEV3,2026-04-07,15.366004943847656,15.366004943847656,15.10792030131682,15.256815323801973,18339600
ABEV3,2026-04-08,15.743206977844238,15.91195612407201,15.534753375229494,15.842470958766109,34907800
ABEV3,2026-04-09,15.941734313964844,16.1303356921829,15.73328165380515,15.872250093911612,33451600
ABEV3,2026-04-10,16.001293182373047,16.219672421184143,15.921882377959657,16.179966072325985,23124300
ABEV3,2026-04-13,15.812692642211914,16.07077824343299,15.73328183362874,16.00129402258559,23073100
ABEV3,2026-04-14,15.772987365722656,15.902030167378777,15.713428785476939,15.852398174949267,22292800
ABEV3,2026-04-15,15.713428497314453,15.822618121335775,15.624091101909961,15.723355084948619,24739300
ABEV3,2026-04-16,15.316373825073242,15.465268846822362,15.187331031119992,15.28659406340225,49811600
ABEV3,2026-04-17,15.217110633850098,15.653871027785522,15.197258405026584,15.524828227152398,36665400
ABEV3,2026-04-20,15.197257995605469,15.356079608520892,15.167478233195213,15.22703681136424,14954700
ABEV3,2026-04-22,14.889540672302246,15.296521299214268,14.889540672302246,15.207183903716214,26157200
ABEV3,2026-04-23,14.631455421447754,14.889541026435671,14.631455421447754,14.889541026435671,25435000
ABEV3,2026-04-24,14.39322280883789,14.621528647275007,14.353517404472674,14.611603006172338,24151800
ABEV3,2026-04-27,14.432928085327148,14.601676289047084,14.393222681313722,14.512338893354,18935100
ABEV3,2026-04-28,14.472633361816406,14.522265353058737,14.293958572004613,14.303885159583377,15614300
ABEV3,2026-04-29,14.22447395324707,14.452780727896986,14.214547365946755,14.403148738046877,18123700
ABEV3,2026-04-30,14.403149604797363,14.532192407512577,14.254253626286795,14.254253626286795,26546800
ABEV3,2026-05-04,14.333664894104004,14.512339695364462,14.323739252540744,14.46270770094194,21318400
ABEV3,2026-05-05,16.527389526367188,16.7159909022551,15.445417048492558,15.445417048492558,109952300
ABEV3,2026-05-06,16.825180053710938,16.88473768038753,16.457903920382524,16.537314720385584,31822900
ABEV3,2026-05-07,16.28915786743164,16.91451965601191,16.19982046906303,16.735844859274692,30952400
ABEV3,2026-05-08,16.199819564819336,16.428125395327484,16.06085112769315,16.36856776417383,41784100
ABEV3,2026-05-11,16.13033676147461,16.37849578857422,16.05092594853486,16.080705713375938,19740000
ABEV3,2026-05-12,16.011219024658203,16.19982040865567,15.981441154181747,16.090629834767178,19751300
ABEV3,2026-05-13,15.792839050292969,16.17996649526476,15.73328141875184,16.04099805723447,28456100
ABEV3,2026-05-14,15.653870582580566,15.98144039539011,15.634017407670179,15.84247101097184,22570000
ABEV3,2026-05-15,15.574459075927734,15.77298704156575,15.385858644553416,15.554606847354831,31009700
ABEV3,2026-05-18,15.693575859069824,15.733281261918611,15.495047898174409,15.604238465997183,20757200
ABEV3,2026-05-19,15.693575859069824,15.792838892866055,15.415637092476834,15.534753301023196,25814600
ABEV3,2026-05-20,16.100555419921875,16.18989281239326,15.75313338399606,15.792838786577624,24281300
ABEV3,2026-05-21,16.279232025146484,16.428127064813356,15.961588768976313,15.991368534230947,20774700
ABEV3,2026-05-22,15.981439590454102,16.179965649649937,15.97151300349888,16.080703566703455,24010300
ABEV3,2026-05-25,16.279232025146484,16.289158613564695,16.040999583018856,16.080705936691704,14643100
ABEV3,2026-05-26,16.467832565307617,16.795402392925002,16.26930459383518,16.77554921711715,35881800
ABEV3,2026-05-27,16.48768424987793,16.79540087385586,16.447977901853484,16.666359029382175,37022600
ABEV3,2026-05-28,16.170042037963867,16.527389725748293,16.130335687486156,16.47775868095415,24813300
ABEV3,2026-05-29,16.199819564819336,16.33878800194552,15.902029515748097,16.17004169589399,86401700
ABEV3,2026-06-01,16.309009552001953,16.447977984177303,16.021144207292565,16.269303203778772,37464400
ABEV3,2026-06-02,16.3288631439209,16.50753603558825,16.299083381991537,16.36856759985711,15806800
ABEV3,2026-06-03,15.95166015625,16.199819155303803,15.931806981932999,16.1005551770217,24645900
ABEV3,2026-06-05,16.050926208496094,16.140263611163114,15.832545996049108,15.921884345367706,22964600
ABEV3,2026-06-08,15.961587905883789,16.110482937499448,15.832545103379507,15.99136766952814,18008000
ABEV3,2026-06-09,16.09062957763672,16.229599913083955,16.011218768796738,16.100556165404594,23741600
ABEV3,2026-06-10,16.160114288330078,16.160114288330078,16.011217378048283,16.011217378048283,23080500
ABEV3,2026-06-11,16.51746368408203,16.51746368408203,16.07077858626143,16.100556456800966,33555900
ABEV3,2026-06-12,16.48768424987793,16.646505855369952,16.318936057379794,16.378493686113583,14291900
ABEV3,2026-06-15,16.447978973388672,16.696137984799613,16.438052385735872,16.646506939838627,19463100
ABEV3,2026-06-16,16.318937301635742,16.438052568185398,16.22959990507199,16.358641759384618,13495700
ABEV3,2026-06-17,16.070777893066406,16.58694719095229,15.991367086214503,16.239526094289573,32858800
ABEV3,2026-06-18,16.100555419921875,16.219672574318036,15.981440158828654,16.01121802745049,41278300
ABEV3,2026-06-19,15.931807518005371,16.18989311290172,15.931807518005371,16.050924674612524,26925200
ABEV3,2026-06-22,16.050926208496094,16.25937888585037,15.951662217387943,16.040999620054965,22020700
ABEV3,2026-06-23,16.29469871520996,16.354422183168587,15.976169122756056,15.976169122756056,27581700
ABEV3,2026-06-24,16.304651260375977,16.444008552225235,16.175250094988996,16.21506700653874,22826200
ABEV3,2026-06-25,16.314605712890625,16.41414609456066,16.155341861648516,16.324559940915115,18193000
ABEV3,2026-06-26,16.65304183959961,16.682904523616013,16.3046514537077,16.354422593735038,21690800
ABEV3,2026-06-29,16.513687133789062,16.77249137700653,16.444009433418003,16.712767905056328,17657800
ABEV3,2026-06-30,16.21506690979004,16.42409999845445,16.165295770649823,16.38428308714228,22299700
ABEV3,2026-07-01,16.12548065185547,16.314605283619926,16.01598604504197,16.055801057517453,17744600
ABEV3,2026-07-02,16.225019454956055,16.404191761095486,16.145387529846847,16.304651380065263,17656700
ABEV3,2026-07-03,16.21506690979004,16.374330757889066,16.07570961877227,16.374330757889066,6915200
ABEV3,2026-07-06,15.806952476501465,16.025940747325194,15.617825940562245,16.01598651926788,32014900
ABEV3,2026-07-07,15.538193702697754,16.045848881266107,15.488424461985339,15.767136196982014,37381000
ABEV3,2026-07-08,15.548148155212402,15.667596043365466,15.448608723061897,15.458562001775746,24227600
ABEV3,2026-07-09,15.647688865661621,15.717366564560773,15.568056938551889,15.657642144584749,23964000
ABEV3,2026-07-10,15.747227668762207,15.916445744410057,15.64768823850827,15.876629782450998,34757600
ABEV3,2026-07-13,15.757182121276855,15.956262883198518,15.627780005742745,15.737274614657144,31167700
ABEV3,2026-07-14,15.737274169921875,15.926399749257856,15.70741148690509,15.866675332511683,17907700
ABEV3,2026-07-15,15.498377799987793,15.657641649168058,15.279390482008637,15.518286255779037,31466500
ABEV3,2026-07-16,15.528240203857422,15.637733860873935,15.388883863692165,15.418745597553505,20772600
ABEV3,2026-07-17,15.55810260772705,15.677550497603825,15.438654717850278,15.518286644434793,16137900
ABEV3,2026-07-20,15.717366218566895,15.757182181245273,15.50833217718355,15.578009874548854,24319600
ABEV3,2026-07-21,15.727320671081543,15.826860104554799,15.667596251567634,15.667596251567634,19628700
ABEV3,2026-07-22,16.055801391601562,16.06575561957126,15.667595993657603,15.777090602749428,28818200
ABEV3,2026-07-23,15.846768379211426,16.035894914431797,15.767136453630458,15.96621721687031,18873800
ABEV3,2026-07-24,15.568056106567383,15.826859381199382,15.53819342353156,15.717365724596897,15224800
ABEV3,2026-07-27,15.787043571472168,15.816906254794945,15.488424332543666,15.667595686043285,30052500
ABEV3,2026-07-28,16.02593994140625,16.294698389713677,15.93635379197044,16.12548031839879,37458000
ABEV3,2026-07-29,15.826859474182129,16.15534139520681,15.826859474182129,15.976169093088838,37839300
ABEV3,2026-07-30,15.886584281921387,15.886584281921387,15.05044811719593,15.149988498439411,70813600
ABEV3,2026-07-31,15.9164457321167,16.025940339385098,15.777090340011338,16.025940339385098,38243300
ABEV3,2026-08-03,15.697458267211914,16.045848642744495,15.657641356373993,15.996077504197094,34419100
ABEV3,2026-08-04,15.796998023986816,15.936354366946809,15.508332059438377,15.926400139030934,28395700
ABEV3,2026-08-05,15.767136573791504,15.886584463073266,15.707412154506905,15.886584463073266,35610400
ABEV3,2026-08-06,15.587964057922363,15.7074119456156,15.488424626155048,15.677550211014148,27603100
ABEV3,2026-08-07,15.408791542053223,15.607872301453584,15.378929807858135,15.57800961797108,23662500
ABEV3,2026-08-10,15.199758529663086,15.408791619364916,15.179850073908197,15.329159694920195,20681500
ABEV3,2026-08-11,14.940954208374023,15.22962017002665,14.861322284420709,15.140034018257316,33997000
ABEV3,2026-08-12,14.78169059753418,15.000677917274182,14.741874634918958,14.931000220019403,26999400
ABEV3,2026-08-13,14.851367950439453,14.990724291005273,14.721965837618495,14.721965837618495,21998800
ABEV3,2026-08-14,14.682149887084961,14.911091429666296,14.572656229670505,14.781690266034397,33534300
ABEV3,2026-08-17,14.602518081665039,14.811552119718446,14.522886157576828,14.67219577792037,34531700
ABEV3,2026-08-18,14.66224193572998,14.801598281193371,14.562702502645365,14.592564237642005,19528000
ABEV3,2026-08-19,14.71201229095459,15.02058672031861,14.61247285676011,14.791644218025153,23868700
ABEV3,2026-08-20,14.831459999084473,14.861322683334112,14.532840750887589,14.582609992728777,41094500
ABEV3,2026-08-21,14.930999755859375,14.970815717236837,14.801597644060772,14.891183794481913,19912500
ABEV3,2026-08-24,15.179850578308105,15.299298468944231,14.881230377074061,14.931000568827644,34068000
ABEV3,2026-08-25,15.239574432373047,15.239574432373047,14.94095424222778,15.229620204534475,17428900
ABEV3,2026-08-26,15.169896125793457,15.368975940576686,15.110172656002208,15.1898045819155,12976600
ABEV3,2026-08-27,15.050448417663574,15.1201261163526,14.911092070998073,15.090264381098367,23629700
ABEV3,2026-08-28,15.120125770568848,15.130079998521763,14.931000185900574,15.090264035997526,16656800
ABEV3,2026-08-31,14.960862159729004,15.239574851143324,14.960862159729004,15.229620623031218,50670600
ABEV3,2026-09-01,15.100217819213867,15.329159359663517,14.960861479839691,15.11017204687361,49321300
ABEV3,2026-09-02,15.528240203857422,15.607872127012596,15.100217904932808,15.239574245098064,45834800
ABEV3,2026-09-03,15.687504768371582,15.796998430400924,15.56805687817027,15.747228238828514,33952600
ABEV3,2026-09-04,15.667595863342285,15.806952205896682,15.548147976561696,15.687504319116092,27638900
ABEV3,2026-09-08,15.747227668762207,15.956262655656527,15.667595744844093,15.876629782450998,25579200
ABEV3,2026-09-09,15.508332252502441,15.707412066861199,15.438654554798735,15.6178259130779,22611500
ABEV3,2026-09-10,15.667595863342285,15.717366053489386,15.398838355407815,15.488424507815111,21311000
ABEV3,2026-09-11,15.548148155212402,15.707412006083155,15.518286420495993,15.707412006083155,22932100
ABEV3,2026-09-14,15.796998023986816,15.836813986362897,15.2992980196421,15.329159754102305,29303600
ABEV3,2026-09-15,15.657641410827637,15.876629674760776,15.637733904626845,15.876629674760776,20798700
ABEV3,2026-09-16,15.55810260772705,15.697458953893676,15.448608945995204,15.627780306166642,32094600
ABEV3,2026-09-17,15.478470802307129,15.65764216388111,15.368976190430718,15.558102729515,18516700
ABEV3,2026-09-18,15.309252738952637,15.458562365333606,15.219666583409074,15.3988388944962,35369900
ABEV3,2026-09-21,15.42870044708252,15.54814833662931,15.349068520717992,15.408791990847668,18020700
ABEV3,2026-09-22,15.600000381469727,15.609999656677246,15.3100004196167,15.34000015258789,24129900
ABEV3,2026-09-23,15.300000190734863,15.579999923706055,15.300000190734863,15.449999809265137,20586000
ABEV3,2026-09-24,15.34000015258789,15.550000190734863,15.319999694824219,15.350000381469727,15784900
ABEV3,2026-09-25,15.319999694824219,15.390000343322754,15.220000267028809,15.300000190734863,12323400
ABEV3,2026-09-28,15.199999809265137,15.359999656677246,15.140000343322754,15.180000305175781,17925900
ABEV3,2026-09-29,15.270000457763672,15.430000305175781,15.079999923706055,15.119999885559082,21988800
ABEV3,2026-09-30,15.359999656677246,15.59000015258789,15.3100004196167,15.59000015258789,24944200
ABEV3,2026-10-01,15.369999885559082,15.449999809265137,15.239999771118164,15.359999656677246,25111800
ABEV3,2026-10-02,15.84000015258789,15.84000015258789,15.390000343322754,15.619999885559082,36916800
ABEV3,2026-10-05,16.5,16.860000610351562,16.229999542236328,16.450000762939453,72356100
ABEV3,2026-10-06,16.25,16.700000762939453,16.170000076293945,16.700000762939453,40239400
ABEV3,2026-10-07,15.970000267028809,16.18000030517578,15.710000038146973,16.049999237060547,46954500
ABEV3,2026-10-08,16.149999618530273,16.18000030517578,15.890000343322754,15.979999542236328,69749300
ABEV3,2026-10-09,15.989999771118164,16.239999771118164,15.880000114440918,16.209999084472656,41213200
B3SA3,2024-10-09,9.842491149902344,9.897785550245253,9.750332644145967,9.777979844317422,45895200
B3SA3,2024-10-10,9.907001495361328,9.980727947806415,9.860922242860989,9.870138269138785,37701700
B3SA3,2024-10-11,9.851706504821777,9.907001785217727,9.713469622164903,9.879354584464085,25480900
B3SA3,2024-10-14,10.02680778503418,10.11896541652052,9.824059589542326,9.851706791099359,35854800
B3SA3,2024-10-15,9.989944458007812,10.137397370040762,9.943865203275346,10.045238860575827,30199500
B3SA3,2024-10-16,10.118964195251465,10.146612272360311,9.90700087741515,9.99915937666747,41240600
B3SA3,2024-10-17,9.879355430603027,10.026808352436264,9.796412942349647,9.989945121977955,23156000
B3SA3,2024-10-18,9.81484317779541,9.971512111955295,9.759548776849954,9.934648885028773,30999400
B3SA3,2024-10-21,9.99915885925293,9.99915885925293,9.833273920738039,9.833273920738039,26633900
B3SA3,2024-10-22,9.777978897094727,9.962295890752129,9.722684502108356,9.897784591416613,29304400
B3SA3,2024-10-23,9.78719711303711,9.78719711303711,9.63974418822046,9.695039474471082,39674300
B3SA3,2024-10-24,9.934649467468262,9.934649467468262,9.685822890848423,9.787196551117438,34038300
B3SA3,2024-10-25,9.870138168334961,9.95308064621075,9.796411716642844,9.90700139418102,26411000
B3SA3,2024-10-28,10.03602409362793,10.09131849829448,9.925434405406113,9.934649553591393,29203800
B3SA3,2024-10-29,9.980728149414062,10.063670629812357,9.925433748407638,10.026807402845188,26229700
B3SA3,2024-10-30,9.934649467468262,10.017591952637778,9.879355063281057,9.999160777538279,26539600
B3SA3,2024-10-31,9.78719711303711,9.907002834172827,9.741117854309717,9.897786806649597,28075100
B3SA3,2024-11-01,9.602880477905273,9.814843827031652,9.51993799211192,9.814843827031652,33123200
B3SA3,2024-11-04,10.00837516784668,10.026807220439279,9.685822157473943,9.704253331177902,39785000
B3SA3,2024-11-05,10.109749794006348,10.118964941500305,9.787195901724257,9.87935440777304,28896400
B3SA3,2024-11-06,9.81484317779541,9.916217711009839,9.704253497015841,9.870138457629523,37995800
B3SA3,2024-11-07,9.870138168334961,10.146612801624716,9.667389986737323,9.768764516980458,55293600
B3SA3,2024-11-08,9.501506805419922,9.722686181343093,9.409348292674244,9.658174870865633,58652500
B3SA3,2024-11-11,9.363269805908203,9.464644354038596,9.28032731339744,9.446212298418965,66155900
B3SA3,2024-11-12,9.501506805419922,9.538370034740451,9.280326550608036,9.354053009249094,55851700
B3SA3,2024-11-13,9.427778244018555,9.547583943479816,9.289541371734037,9.519936744800633,73712300
B3SA3,2024-11-14,9.464643478393555,9.510721855402002,9.289542481762119,9.39091614162489,86415300
B3SA3,2024-11-18,9.215816497802734,9.381701476007583,9.160521212104868,9.33562221774082,88368100
B3SA3,2024-11-19,9.234248161315918,9.298758592822175,9.188168905002001,9.225032134275393,53425300
B3SA3,2024-11-21,9.049930572509766,9.142089079398774,9.03149939846516,9.114441878887535,67659300
B3SA3,2024-11-22,9.234248161315918,9.234248161315918,9.059147163100777,9.178952877961475,59138800
B3SA3,2024-11-25,9.34483528137207,9.39091364613591,9.188166380287297,9.25267679406745,85622700
B3SA3,2024-11-26,9.381701469421387,9.446211903616318,9.243463694718143,9.39091661795727,52418300
B3SA3,2024-11-27,8.994636535644531,9.390916021978276,8.994636535644531,9.335621618717147,57603000
B3SA3,2024-11-28,8.43247127532959,9.049931016680357,8.43247127532959,9.003852639862984,65340600
B3SA3,2024-11-29,8.533845901489258,8.607572359822273,8.285018445448799,8.478550618295142,81908200
B3SA3,2024-12-02,8.635218620300293,8.68129787145564,8.423255295429753,8.478549693705279,78340300
B3SA3,2024-12-03,8.718161582946777,8.745808783626845,8.579924700657772,8.662866302697978,39449100
B3SA3,2024-12-04,8.819534301757812,8.884045601681052,8.66286538305484,8.672081408599384,35039100
B3SA3,2024-12-05,9.013066291809082,9.077577590644799,8.911692649193752,8.948555871861922,54294600
B3SA3,2024-12-06,9.151305198669434,9.400131763571272,9.031499490054228,9.11444197131773,128262700
B3SA3,2024-12-09,9.215816497802734,9.317190162878616,9.123657981269208,9.142090036131412,61349800
B3SA3,2024-12-10,9.363269805908203,9.363269805908203,9.188169671965648,9.307975396826885,73907300
B3SA3,2024-12-11,9.575233459472656,9.787196812669272,9.252679537168804,9.354053200146916,90179100
B3SA3,2024-12-12,9.473857879638672,9.538369184364745,9.307973801929739,9.455426706065962,97737700
B3SA3,2024-12-13,9.418563842773438,9.648959234081769,9.372484588734038,9.44621104364161,149204900
B3SA3,2024-12-16,9.32640552520752,9.676606632616473,9.307974350548463,9.483074464808595,89670800
B3SA3,2024-12-17,9.32640552520752,9.483074464808595,9.215815840587117,9.32640552520752,67956300
B3SA3,2024-12-18,9.086793899536133,9.271110915343538,9.022283471336742,9.225031661391688,83174900
B3SA3,2024-12-19,9.19738483428955,9.317190559325374,9.031500727915077,9.096011164900217,58258000
B3SA3,2024-12-20,9.464643478393555,9.547585084341982,9.160520741027835,9.197383969967817,63902800
B3SA3,2024-12-23,9.455427169799805,9.547584799960424,9.344837486273855,9.363268660750508,37011700
B3SA3,2024-12-26,9.519937515258789,9.584447943693979,9.36326857858304,9.39091577949974,30737700
B3SA3,2024-12-27,9.547586441040039,9.676608200108126,9.529155263395358,9.58444967521823,44639700
B3SA3,2024-12-30,9.510721206665039,9.584447659516037,9.418563580045616,9.538369285650647,38408700
B3SA3,2025-01-02,9.458822250366211,9.579375975662066,9.41245529688687,9.57010240809098,29510200
B3SA3,2025-01-03,9.3660888671875,9.533008655160172,9.310448348279245,9.42172850171971,42817300
B3SA3,2025-01-06,9.625741958618164,9.681381589682598,9.421727914504595,9.505188245477237,39587600
B3SA3,2025-01-07,9.560830116271973,9.792664008782799,9.53300941241987,9.662836710601335,60452900
B3SA3,2025-01-08,9.551556587219238,9.6071962263978,9.468096244075277,9.48664249567609,38515300
B3SA3,2025-01-09,9.458822250366211,9.551556157324892,9.217714799774503,9.468095817937295,54212100
B3SA3,2025-01-10,9.08788776397705,9.44954803052433,9.08788776397705,9.421728214107466,36793100
B3SA3,2025-01-13,9.078615188598633,9.171349099284459,9.022974665311914,9.097162324486243,30436900
B3SA3,2025-01-14,9.124982833862305,9.208443182914587,9.004429094606364,9.078615875013684,39132200
B3SA3,2025-01-15,9.737022399902344,9.746295966819162,9.20844146690797,9.245534850199224,53092400
B3SA3,2025-01-16,9.523736000061035,9.718475605867011,9.44027566364359,9.69992935576094,26640800
B3SA3,2025-01-17,9.597923278808594,9.66283648419028,9.440276164844992,9.542282756784225,30748300
B3SA3,2025-01-20,9.57010269165039,9.699929988364074,9.458822530628423,9.458822530628423,11418100
B3SA3,2025-01-21,9.616469383239746,9.71847597362329,9.4588222716804,9.579375997247904,25403800
B3SA3,2025-01-22,9.67210865020752,9.737021846181756,9.579374755064926,9.71847471340285,47319900
B3SA3,2025-01-23,9.597923278808594,9.737023257305376,9.542282756784225,9.67211005192369,36718200
B3SA3,2025-01-24,9.616469383239746,9.644289201639607,9.514462792856202,9.597923132431866,45091300
B3SA3,2025-01-27,9.792661666870117,9.792661666870117,9.542280698336437,9.588647642625183,52771300
B3SA3,2025-01-28,9.783390998840332,9.839030640965783,9.672110830213262,9.792664567319962,45701800
B3SA3,2025-01-29,9.783390998840332,9.848304209445415,9.737024040818344,9.839030640965783,43636900
B3SA3,2025-01-30,10.284151077270508,10.35833784825727,9.7926634983892,9.7926634983892,98412200
B3SA3,2025-01-31,10.376884460449219,10.488165505183563,10.23778448109544,10.284151435672067,60632400
B3SA3,2025-02-03,10.349064826965332,10.553078900133873,10.26560448410656,10.386158214416328,42468600
B3SA3,2025-02-04,10.265604972839355,10.432525666503786,10.209965331201984,10.367612456468134,40751400
B3SA3,2025-02-05,10.191417694091797,10.284151604769832,10.098684667789875,10.274878036826806,36082500
B3SA3,2025-02-06,10.404706001281738,10.441799391053417,10.126505135806065,10.145051388503818,26547400
B3SA3,2025-02-07,10.163597106933594,10.441797933577742,10.117230155096895,10.395430981741042,34977500
B3SA3,2025-02-10,10.293424606323242,10.36761137703314,10.182143565882328,10.274877471457733,25229800
B3SA3,2025-02-11,10.367609977722168,10.506709932934962,10.302695898830375,10.386156225708431,29425200
B3SA3,2025-02-12,10.237784385681152,10.30269759085779,10.117230658655902,10.209964566944892,43189900
B3SA3,2025-02-13,10.35833740234375,10.423250603068716,10.182143165553084,10.19141673262123,21988200
B3SA3,2025-02-14,10.747818946838379,10.803458583453201,10.451071859889783,10.478891678197193,46583100
B3SA3,2025-02-17,10.738544464111328,10.859098179004322,10.673631265467408,10.803457662755246,36112100
B3SA3,2025-02-18,10.682905197143555,10.877644799727202,10.57162416084428,10.747818398004771,58285600
B3SA3,2025-02-19,10.543804168701172,10.608717368483417,10.4325240186276,10.57162398512556,38104400
B3SA3,2025-02-20,10.46961784362793,10.599445133044975,10.349064121535541,10.543804613473084,44076800
B3SA3,2025-02-21,10.404706001281738,10.478892780825095,10.145051388503818,10.2377853051211,94029400
B3SA3,2025-02-24,10.05231761932373,10.432525057704334,10.015224232271382,10.413977921990107,58518400
B3SA3,2025-02-25,10.015223503112793,10.145049906155947,9.950309417215173,10.089410271816321,76158600
B3SA3,2025-02-26,9.866848945617676,10.080135662495579,9.839028246948075,10.061589414425129,40355500
B3SA3,2025-02-27,9.922491073608398,10.080138201609167,9.857577862446732,9.866851431005877,32846300
B3SA3,2025-02-28,9.64428997039795,9.894671009083124,9.588650329163123,9.848304051803336,57805500
B3SA3,2025-03-05,9.764842987060547,9.811209940928574,9.431002511087705,9.486642148228468,46942500
B3SA3,2025-03-06,9.866848945617676,9.913215007981776,9.681381158657473,9.737021671620724,39802700
B3SA3,2025-03-07,9.922491073608398,10.052318380307906,9.75557126142466,9.829758041145471,41638200
B3SA3,2025-03-10,9.709202766418457,9.820482918388382,9.6164688642555,9.783389534398408,33483600
B3SA3,2025-03-11,9.64428997039795,9.746297453288719,9.588650329163123,9.727750316626341,26354600
B3SA3,2025-03-12,9.737022399902344,9.75556953373598,9.597922433654146,9.644288499486201,39894000
B3SA3,2025-03-13,10.75709342956543,10.784913250239628,10.135778500126024,10.182144573124305,111595000
B3SA3,2025-03-14,11.934808731079102,11.96262855067338,10.849826038764991,10.877645858359267,126026800
B3SA3,2025-03-17,11.51750659942627,11.934807383734986,11.50823303248305,11.934807383734986,89758000
B3SA3,2025-03-18,11.165119171142578,11.508233193456949,11.044565452322496,11.480413376614171,112067000
B3SA3,2025-03-19,11.452594757080078,11.536054216333662,11.128026950603687,11.294947637863103,41690500
B3SA3,2025-03-20,11.498960494995117,11.58242083620393,11.350586948124382,11.406227470388957,42754900
B3SA3,2025-03-21,11.647334098815918,11.656606781554533,11.434046477059104,11.610240714733346,46789800
B3SA3,2025-03-24,11.498960494995117,11.647334926241951,11.42477372155975,11.647334926241951,40560200
B3SA3,2025-03-25,11.489686965942383,11.684427452971102,11.415500197967255,11.56387373391751,25375500
B3SA3,2025-03-26,11.538926124572754,11.753299929259136,11.483002020937821,11.557566899862083,22029800
B3SA3,2025-03-27,11.548247337341309,11.632132162233718,11.473682455959054,11.56688811324512,27455400
B3SA3,2025-03-28,11.408437728881836,11.604170768347709,11.249987130795962,11.464361835393593,20197500
B3SA3,2025-03-31,11.315232276916504,11.455041212428803,11.184743285257099,11.315232276916504,29378400
B3SA3,2025-04-01,11.427078247070312,11.501643122346184,11.175421126351672,11.194062789612353,22267700
B3SA3,2025-04-02,11.576208114624023,11.59484888918968,11.361833429376611,11.436399194289557,20422100
B3SA3,2025-04-03,11.865147590637207,11.99563657696851,11.520284793422514,11.520284793422514,57239000
B3SA3,2025-04-04,11.231345176696777,11.650772820456528,11.22202434510839,11.576207945516279,38448800
B3SA3,2025-04-07,11.138139724731445,11.417758477466512,10.830559363387927,11.054254010022575,50560500
B3SA3,2025-04-08,10.942405700683594,11.343192573118346,10.858519993533676,11.20338365379077,35507800
B3SA3,2025-04-09,11.343194007873535,11.417758892797448,10.811918980569775,10.830559757358982,71372100
B3SA3,2025-04-10,11.054253578186035,11.343193152130942,10.95172709137125,11.333872319997742,37053200
B3SA3,2025-04-11,11.12881851196289,11.184742616152384,10.914444705150707,11.13813934414172,46094000
B3SA3,2025-04-14,11.343194007873535,11.417758892797448,11.12881929705463,11.399117227124698,35402500
B3SA3,2025-04-15,11.427078247070312,11.510963953976526,11.240666058880631,11.259306833257885,30452400
B3SA3,2025-04-16,11.240666389465332,11.38979614440294,11.184742286922003,11.324551209955146,48582300
B3SA3,2025-04-17,11.352513313293457,11.417757356602777,11.147459462899763,11.194062731927888,16597800
B3SA3,2025-04-22,11.576208114624023,11.641452158928983,11.268627778781445,11.277948610505993,24950100
B3SA3,2025-04-23,11.790581703186035,11.967673947297548,11.678734391113016,11.678734391113016,34484400
B3SA3,2025-04-24,12.368462562561035,12.396424172307924,11.818545867198809,11.837186644068886,57242400
B3SA3,2025-04-25,12.480308532714844,12.526910914261993,12.154086528584102,12.21933057385687,37617800
B3SA3,2025-04-28,12.508271217346191,12.750607533362384,12.452347110233406,12.517592050012244,34401500
B3SA3,2025-04-29,12.331177711486816,12.666720542634826,12.331177711486816,12.41506341927382,46192900
B3SA3,2025-04-30,12.573515892028809,12.573515892028809,12.237973899356033,12.284577176114812,60556100
B3SA3,2025-05-02,12.405744552612305,12.564194261319983,12.359141278811922,12.498950211329555,35156600
B3SA3,2025-05-05,12.31253719329834,12.424384509715532,12.256613090648017,12.396422902832098,21723000
B3SA3,2025-05-06,12.2659330368042,12.321857135416048,12.182047333328121,12.303215472917634,38505300
B3SA3,2025-05-07,12.256611824035645,12.349818355859629,12.07019964927104,12.340497524900558,32650800
B3SA3,2025-05-08,13.281881332397461,13.542858400918607,12.545552508121641,12.56419328286,206214600
B3SA3,2025-05-09,13.542859077453613,13.626744790175364,13.23527872339619,13.328485268394466,87134400
B3SA3,2025-05-12,13.384407997131348,13.598782687271342,13.291202344408989,13.524217809540072,71564100
B3SA3,2025-05-13,13.934325218200684,13.99024932327321,13.65470647060504,13.710630575677566,58164100
B3SA3,2025-05-14,13.654706954956055,14.083455479442069,13.496256355327516,13.87840249429745,47283900
B3SA3,2025-05-15,13.766552925109863,13.859758569832955,13.552178253368329,13.645384786974802,43622900
B3SA3,2025-05-16,13.766552925109863,13.887720174361544,13.617422293562832,13.645384786974802,24313700
B3SA3,2025-05-19,13.813155174255371,13.850437609573715,13.664025432981994,13.76655279676997,20967500
B3SA3,2025-05-20,13.934325218200684,13.934325218200684,13.65470647060504,13.822477896939125,23985800
B3SA3,2025-05-21,13.514897346496582,13.887721745329301,13.468294074421621,13.859760137637718,39859700
B3SA3,2025-05-22,13.365768432617188,13.626745528312142,13.24460027310936,13.580142253288587,42796000
B3SA3,2025-05-23,13.412370681762695,13.412370681762695,12.89041564141226,13.104790334570223,32278300
B3SA3,2025-05-26,13.356446266174316,13.48693524543404,13.235278118765313,13.48693524543404,12763500
B3SA3,2025-05-27,13.40304946899414,13.617423267179563,13.40304946899414,13.617423267179563,30670400
B3SA3,2025-05-28,13.328484535217285,13.458972624376756,13.188674725410571,13.412370243324625,31459400
B3SA3,2025-05-29,13.142072677612305,13.272560770080664,12.955659593142997,13.142072677612305,48897400
B3SA3,2025-05-30,13.002263069152832,13.225957707380875,12.825171702776501,13.188675267676201,82246300
B3SA3,2025-06-02,12.778568267822266,13.207316763395314,12.620117678878957,13.197995931367245,45794000
B3SA3,2025-06-03,13.21663761138916,13.22595755454502,12.722644179906348,12.722644179906348,44178300
B3SA3,2025-06-04,13.002263069152832,13.207316931970277,12.937019021890523,12.95565979730112,32415100
B3SA3,2025-06-05,12.657400131225586,13.002262916670352,12.582835252690689,12.881094766830278,44559500
B3SA3,2025-06-06,12.648077964782715,12.73196366650518,12.61079552944866,12.61079552944866,24936300
B3SA3,2025-06-09,12.2659330368042,12.46166604862058,12.182047333328121,12.303215472917634,80451800
B3SA3,2025-06-10,12.247292518615723,12.48962791396544,12.163406813390147,12.396422266179675,32255300
B3SA3,2025-06-11,12.340499877929688,12.517592144385716,12.02359867596293,12.182049276946309,61925500
B3SA3,2025-06-12,12.098162651062012,12.200690025690871,11.930392118831683,11.995636165316618,66355600
B3SA3,2025-06-13,12.163408279418945,12.210011553370524,11.837186250641418,11.883789524592995,52654600
B3SA3,2025-06-16,12.5548734664917,12.694682389530794,12.377781215833162,12.396422879642884,31235100
B3SA3,2025-06-17,12.610795974731445,12.70400251079936,12.536231101430477,12.666720074148875,29313700
B3SA3,2025-06-18,12.853134155273438,12.862454988033209,12.53623295250952,12.573515394665067,55485100
B3SA3,2025-06-20,12.694682121276855,12.769246997173187,12.526910706068392,12.67604134674449,52205800
B3SA3,2025-06-23,12.489629745483398,12.704004455705709,12.377782418408794,12.694683622895274,32994200
B3SA3,2025-06-24,12.670331001281738,12.820275598783722,12.520385510039455,12.632843958165942,23573800
B3SA3,2025-06-25,12.754674911499023,12.810904585714267,12.5578723923562,12.567244153682134,20218100
B3SA3,2025-06-26,13.213881492614746,13.307596425413925,12.745304147397773,12.857762603001003,33383200
B3SA3,2025-06-27,13.232625007629395,13.35445523279143,13.073308628089842,13.101423020437876,20422900
B3SA3,2025-06-30,13.663715362548828,13.682458885418068,13.157651863704071,13.17639538657331,34139300
B3SA3,2025-07-01,13.588743209838867,13.804288362792658,13.466912991053537,13.7105734286242,29418200
B3SA3,2025-07-02,13.541884422302246,13.738686933222832,13.298224000450032,13.579370572299485,43698400
B3SA3,2025-07-03,13.701201438903809,13.898003959242484,13.551256831739174,13.560628593122052,28673500
B3SA3,2025-07-04,13.785545349121094,13.916747325787536,13.598114592269278,13.598114592269278,7653900
B3SA3,2025-07-07,13.729316711425781,13.860518697994793,13.635601772796843,13.813660781810116,60133400
B3SA3,2025-07-08,13.673087120056152,13.71994503347543,13.523142512106753,13.691829749179647,32968400
B3SA3,2025-07-09,13.569999694824219,13.63560113189553,13.429426846617817,13.579371456368746,43324400
B3SA3,2025-07-10,13.204509735107422,13.40131225590621,12.97022106242983,13.373197865432202,54593600
B3SA3,2025-07-11,12.867133140563965,13.167023241552767,12.67033151861241,13.110793568323512,24753200
B3SA3,2025-07-14,12.754674911499023,12.810904585714267,12.567244153682134,12.810904585714267,16998500
B3SA3,2025-07-15,12.867133140563965,12.979592487022476,12.642216235127615,12.876504901725562,28427600
B3SA3,2025-07-16,12.820277214050293,12.942107438305497,12.717189619974128,12.904621284207005,21195700
B3SA3,2025-07-17,12.876504898071289,12.885876659230227,12.689074143594189,12.820276118598327,19252700
B3SA3,2025-07-18,12.15489673614502,12.717189021145103,12.136153213108166,12.548501782515263,110000600
B3SA3,2025-07-21,12.276727676391602,12.370442615864107,12.154897450710964,12.229869759785137,27833400
B3SA3,2025-07-22,12.248612403869629,12.407928784265367,12.211126249290656,12.323584713027573,17304600
B3SA3,2025-07-23,12.548501014709473,12.651587703883491,12.239240053447102,12.248610920651783,20683700
B3SA3,2025-07-24,12.295470237731934,12.417300462728308,12.229869691095587,12.389186070418504,20520300
B3SA3,2025-07-25,12.248612403869629,12.389186153846092,12.239241535530203,12.239241535530203,20299900
B3SA3,2025-07-28,11.901865005493164,12.361070613064618,11.789406544072017,12.314213591111109,22762200
B3SA3,2025-07-29,11.911236763000488,11.99558083247044,11.79877830162069,11.901865001117072,17195600
B3SA3,2025-07-30,11.948722839355469,12.061181300006437,11.733177679876214,11.798778225154178,22210300
B3SA3,2025-07-31,11.789406776428223,11.948723156683233,11.705062705264933,11.761292383953933,24010500
B3SA3,2025-08-01,11.79877758026123,12.098666792272585,11.63946121294511,11.911236034765489,22196200
B3SA3,2025-08-04,11.883122444152832,12.098667606354269,11.817521004305968,11.99558090622407,29274800
B3SA3,2025-08-05,11.789406776428223,12.004952835372235,11.770664146025505,11.911237002137373,16600500
B3SA3,2025-08-06,11.920608520507812,12.033066981846327,11.780034773529366,11.939351150527362,21662300
B3SA3,2025-08-07,12.09866714477539,12.173639449962598,11.808149685610056,11.901864620223877,43471800
B3SA3,2025-08-08,12.070552825927734,12.239240960477623,11.967466129114126,12.089295455466399,30494500
B3SA3,2025-08-11,11.958093643188477,12.126780873780818,11.873749581022143,12.117410006449258,21690500
B3SA3,2025-08-12,11.855006217956543,12.11741016904854,11.836263589301595,11.958093803649948,34054800
B3SA3,2025-08-13,11.901865005493164,11.976837313107263,11.780034782185153,11.845636221652793,34558200
B3SA3,2025-08-14,12.042437553405762,12.323583232092332,11.789405370099468,11.789405370099468,25411600
B3SA3,2025-08-15,12.323582649230957,12.332954409741342,11.96746468723903,11.96746468723903,25879800
B3SA3,2025-08-18,12.332954406738281,12.539128669215199,12.314211779462347,12.323582646230177,17580500
B3SA3,2025-08-19,11.742548942565918,12.257984241509316,11.695691025618258,12.229869848836893,37944900
B3SA3,2025-08-20,11.555118560791016,11.78003549728679,11.452031854998902,11.74254934120416,45171200
B3SA3,2025-08-21,11.480145454406738,11.611347438489359,11.358315232131533,11.386429623813381,26879900
B3SA3,2025-08-22,11.770663261413574,11.883121716599456,11.498888437945938,11.573860741403193,34681400
B3SA3,2025-08-25,11.76129150390625,11.976836652981508,11.723805352165321,11.808149417017502,21521500
B3SA3,2025-08-26,11.658204078674316,11.780034296964125,11.601975297150016,11.761291667702816,18756700
B3SA3,2025-08-27,11.873750686645508,11.873750686645508,11.611347608381303,11.667576392567714,23148600
B3SA3,2025-08-28,12.211125373840332,12.464157569413116,11.87375000681698,11.97683670108347,44836800
B3SA3,2025-08-29,12.164267539978027,12.436043260141528,12.154896672249231,12.351699194399801,27571700
B3SA3,2025-09-01,12.164267539978027,12.34232743293064,12.079924367976668,12.136153149310907,13726300
B3SA3,2025-09-02,11.948722839355469,12.098667453556759,11.8362643787045,12.014323384633434,15369600
B3SA3,2025-09-03,12.136153221130371,12.31421311513671,11.855006631574302,11.93935069781516,28385800
B3SA3,2025-09-04,12.267355918884277,12.332956465913469,12.108039538607306,12.145525693158334,19819200
B3SA3,2025-09-05,12.539129257202148,12.782789679396974,12.482899585257067,12.492271346204634,24940400
B3SA3,2025-09-08,12.31421184539795,12.585986645406248,12.286096563723097,12.539128736355105,16580600
B3SA3,2025-09-09,12.192381858825684,12.379812604663758,12.154895709658069,12.295468545601551,17176500
B3SA3,2025-09-10,12.15489673614502,12.407928040959964,12.136153213108166,12.145524974626593,27909700
B3SA3,2025-09-11,12.295470237731934,12.492272771381396,12.17364001273556,12.25798408340539,28319200
B3SA3,2025-09-12,12.136153221130371,12.332955744445583,12.070552677938757,12.18301113501311,25530500
B3SA3,2025-09-15,12.529757499694824,12.698445621836067,12.211124777312616,12.267354449273135,29161000
B3SA3,2025-09-16,12.632844924926758,12.679702838667124,12.539129991186392,12.614102295674831,19723200
B3SA3,2025-09-17,12.857762336730957,13.15765154546253,12.585987517882884,12.604730146558436,39739900
B3SA3,2025-09-18,12.867133140563965,12.904620185210359,12.69844590835687,12.792160838751848,33594400
B3SA3,2025-09-19,12.801532745361328,13.082679327221252,12.801532745361328,12.867133286757182,41804900
B3SA3,2025-09-22,12.651588439941406,12.810904810313973,12.520386460299186,12.735932505872809,52882400
B3SA3,2025-09-23,12.501643180847168,12.76404623274363,12.473528791579056,12.689073932201783,41427400
B3SA3,2025-09-24,12.415192604064941,12.57544952719846,12.339777687180549,12.57544952719846,37274300
B3SA3,2025-09-25,12.20780086517334,12.434045610860636,12.151240128259868,12.386911963104978,33539200
B3SA3,2025-09-26,12.462326049804688,12.528313871488923,12.188946775520028,12.264361685735338,37061500
B3SA3,2025-09-29,12.632009506225586,12.78284022994684,12.54716840409176,12.632009506225586,27585100
B3SA3,2025-09-30,12.632009506225586,12.792266419728374,12.50003385911741,12.763986052350432,31215100
B3SA3,2025-10-01,12.339776039123535,12.782839290907926,12.339776039123535,12.773412202802245,32626800
B3SA3,2025-10-02,12.104104042053223,12.42461784052139,12.104104042053223,12.311495482064965,28021800
B3SA3,2025-10-03,12.01926326751709,12.188947271920316,11.962701633043789,12.113532358633702,14804900
B3SA3,2025-10-06,11.915567398071289,12.094677583527767,11.85900576639119,12.047543040297125,13687600
B3SA3,2025-10-07,11.538492202758789,11.859006024893754,11.463077291552521,11.802445290997381,33534000
B3SA3,2025-10-08,11.93442153930664,11.962701907684213,11.55734696421666,11.576200243462807,43464100
B3SA3,2025-10-09,12.05696964263916,12.292641450274028,11.943847282856416,11.943847282856416,28855700
B3SA3,2025-10-10,11.877860069274902,12.141812255542868,11.727029349533703,12.113531888911178,27120300
B3SA3,2025-10-13,11.981554985046387,12.07582406966551,11.91556716522297,12.038116615621185,19134300
B3SA3,2025-10-14,11.83072566986084,12.00040877073751,11.802445302884172,11.93442094811973,21740700
B3SA3,2025-10-15,11.915567398071289,12.14181212675841,11.623333949254613,11.670468492485258,44926600
B3SA3,2025-10-16,11.877860069274902,12.000408624351117,11.708176071451458,11.849578803626564,33516100
B3SA3,2025-10-17,11.840153694152832,11.981556439226699,11.783592056713248,11.830726604743447,38344100
B3SA3,2025-10-20,11.93442153930664,12.066398090096484,11.821299166779646,11.915568260060493,19391000
B3SA3,2025-10-21,11.623334884643555,11.906141267769643,11.623334884643555,11.877860899162046,17862400
B3SA3,2025-10-22,11.736455917358398,11.906139907653278,11.595053191457067,11.689321375719086,42120000
B3SA3,2025-10-23,11.868432998657227,11.962701187244177,11.74588354437921,11.830725543419117,25108500
B3SA3,2025-10-24,11.783591270446777,12.236080743703933,11.783591270446777,12.038117273416429,26019700
B3SA3,2025-10-27,11.811872482299805,12.047544324558872,11.764737934044645,11.906141578810125,15181600
B3SA3,2025-10-28,11.906140327453613,12.028689780430172,11.73645633117582,11.77416378601348,20963800
B3SA3,2025-10-29,11.915567398071289,12.05697012874658,11.83072540005946,11.97212813073475,20173700
B3SA3,2025-10-30,11.877860069274902,12.019262801450008,11.698748982902012,11.783590981813735,14072300
B3SA3,2025-10-31,11.93442153930664,12.028690632587486,11.915568260060493,12.000409365193212,17872900
B3SA3,2025-11-03,12.104104042053223,12.19837222459195,11.953274230777987,12.056969501275564,27192300
B3SA3,2025-11-04,12.104104042053223,12.17009185973199,11.830724784362712,12.066396589234413,38086200
B3SA3,2025-11-05,12.443471908569336,12.490606452343773,12.056970267848909,12.104104811623346,32733700
B3SA3,2025-11-06,12.349203109741211,12.490605835059775,12.283214392111493,12.490605835059775,33002800
B3SA3,2025-11-07,12.23608112335205,12.396338041523741,12.188947476021186,12.330350216047172,21686600
B3SA3,2025-11-10,12.368057250976562,12.368057250976562,12.141812515054125,12.283215250251482,37328100
B3SA3,2025-11-11,12.754558563232422,12.867680928210355,12.415191468298623,12.47175220127927,66621000
B3SA3,2025-11-12,13.310744285583496,13.405013373189202,12.801693190349306,12.83940064558826,73999300
B3SA3,2025-11-13,13.640685081481934,13.725527079828959,13.244756355206901,13.254183443693602,66538000
B3SA3,2025-11-14,13.612403869628906,13.763234588960186,13.508708592916756,13.621830958152731,34127600
B3SA3,2025-11-17,13.3484525680542,13.744381322108069,13.216476916047377,13.555844034229251,39319600
B3SA3,2025-11-18,13.244756698608398,13.471001434055303,13.18819506523834,13.263609977053974,56692100
B3SA3,2025-11-19,13.056220054626465,13.254184432533282,12.990231329313055,13.244757343343265,34599400
B3SA3,2025-11-21,13.093927383422852,13.093927383422852,12.811121003624331,13.018512468678805,28389800
B3SA3,2025-11-24,13.1787691116333,13.291892388117056,13.056220543639922,13.08450091325249,39046200
B3SA3,2025-11-25,13.357879638671875,13.40501418533037,13.10335362612603,13.1693423510546,21263100
B3SA3,2025-11-26,13.86693000793457,13.87635709655511,13.348451821021406,13.357878909641945,35623400
B3SA3,2025-11-27,13.885783195495605,13.932917739273897,13.706673007958077,13.772660829837696,30241300
B3SA3,2025-11-28,14.102602005004883,14.244004740007618,13.876357269393841,13.876357269393841,31855300
B3SA3,2025-12-01,14.036614418029785,14.187444244308097,13.932918238200935,14.083748064479249,25552400
B3SA3,2025-12-02,14.234579086303711,14.300566911920937,13.857503613736156,14.05546798960453,56471500
B3SA3,2025-12-03,13.94234561920166,14.347701460079689,13.876357793576567,14.328847281891548,33323800
B3SA3,2025-12-04,14.159163475036621,14.272285841536847,13.989479475777951,14.03661401990721,41656800
B3SA3,2025-12-05,13.207049369812012,14.21572449931664,13.046792455907227,14.159163764418874,63305600
B3SA3,2025-12-08,13.527563095092773,13.66896583028213,13.273037092931935,13.310744548916874,42127300
B3SA3,2025-12-09,13.310744285583496,13.423866651300356,13.093926642713678,13.320171374147396,29507300
B3SA3,2025-12-10,13.395586013793945,13.499281288850398,13.207048741411018,13.35787855931736,23459000
B3SA3,2025-12-11,13.480428695678711,13.71610052287933,13.25418395733012,13.329598870112983,23197900
B3SA3,2025-12-12,13.508709907531738,13.819796666958586,13.414440811152868,13.54641736627994,30560500
B3SA3,2025-12-15,13.584123611450195,13.772660888347668,13.584123611450195,13.706673066187715,38100400
B3SA3,2025-12-16,12.933670043945312,13.480428607555172,12.886535499009979,13.480428607555172,60275300
B3SA3,2025-12-17,12.490607261657715,12.933670563418552,12.320923252681926,12.914816385080485,132381000
B3SA3,2025-12-18,12.537741661071777,12.632009854603629,12.377484743149267,12.405765111307153,38525400
B3SA3,2025-12-19,12.62258243560791,12.679143166416843,12.452898445147904,12.46232553328826,39377400
B3SA3,2025-12-22,12.481180191040039,12.679144568800469,12.434045644141516,12.622583831735607,25118500
B3SA3,2025-12-23,12.754558563232422,12.848827650222354,12.48117928978159,12.518886744774235,26819000
B3SA3,2025-12-26,12.933670043945312,13.03736532358971,12.641436584559582,12.75455895299438,24322100
B3SA3,2025-12-29,12.999658584594727,13.03736604281986,12.811121293469057,12.811121293469057,24699600
B3SA3,2025-12-30,13.093927383422852,13.235330123813762,13.027938658759288,13.037365747856468,24758000
B3SA3,2026-01-02,13.016843795776367,13.297922285608356,12.939304965776905,13.17192145577529,25030000
B3SA3,2026-01-05,13.52084732055664,13.608078742678915,13.074998548637332,13.084691134281105,26006500
B3SA3,2026-01-06,14.053926467895508,14.121772713677212,13.588693483673932,13.617770314103836,31323200
B3SA3,2026-01-07,13.840693473815918,14.160541364278576,13.666231576322657,14.044233124504494,28359300
B3SA3,2026-01-08,13.937618255615234,13.986080256006364,13.685616593049984,13.918233085724472,74915400
B3SA3,2026-01-09,14.015156745910645,14.354389816068737,13.908541087109752,13.957002161987406,51883500
B3SA3,2026-01-12,14.044234275817871,14.18962028070567,13.850387193636605,13.995772274188605,30178100
B3SA3,2026-01-13,13.869771957397461,14.005464448778302,13.792232202462417,13.918233033270177,26056900
B3SA3,2026-01-14,14.276850700378418,14.325312701756301,13.869772292077258,13.976387955639968,43356400
B3SA3,2026-01-15,14.654852867126465,14.732391697825353,14.179927298011831,14.33500495940961,51505100
B3SA3,2026-01-16,14.771161079406738,14.839008249364992,14.538544587841855,14.538544587841855,46183300
B3SA3,2026-01-19,14.635468482971191,14.80023872772933,14.470698238213053,14.713007312935519,17187300
B3SA3,2026-01-20,14.218696594238281,14.75177674407887,13.995771764594792,14.596699083980319,126606100
B3SA3,2026-01-21,15.023161888122559,15.178239540364302,14.402850354819865,14.53854376269925,81358100
B3SA3,2026-01-22,15.139471054077148,15.498088377923121,14.819623145664911,15.120086808528171,56650300
B3SA3,2026-01-23,15.333317756652832,15.6434730725456,14.858392198108096,15.17824009870645,46608800
B3SA3,2026-01-26,15.197625160217285,15.420549060848554,14.877777261889792,15.381779646637215,41590300
B3SA3,2026-01-27,15.662858009338379,15.750089421721633,15.304240699579468,15.36239528261355,53356200
B3SA3,2026-01-28,16.002090454101562,16.089321863103905,15.565933409089848,15.740396227094534,48570900
B3SA3,2026-01-29,16.16686248779297,16.302554984160544,15.721012808958399,16.16686248779297,118557100
B3SA3,2026-01-30,15.653165817260742,16.380093039567015,15.54655108175246,16.166861719878924,55423600
B3SA3,2026-02-02,15.847014427185059,16.0990160958108,15.740397838893355,15.759783009250318,35903500
B3SA3,2026-02-03,15.943937301635742,16.263785195197404,15.75008930913169,16.079629787185702,42608900
B3SA3,2026-02-04,15.284856796264648,15.93424518703021,15.168547627598068,15.817936018363632,35678700
B3SA3,2026-02-05,15.759781837463379,15.779167006378998,15.343009949134876,15.410856191668081,53976900
B3SA3,2026-02-06,16.51578712463379,16.56424819924169,15.8760894780462,15.94393757063736,62490400
B3SA3,2026-02-09,17.077943801879883,17.15548262912923,16.399477676944493,16.525477577972882,24451100
B3SA3,2026-02-10,16.91317367553711,17.087634651506498,16.55455544170072,16.78717192499805,55278200
B3SA3,2026-02-11,16.75809669494629,17.136098264444716,16.612709769442386,17.058559433556024,46555200
B3SA3,2026-02-12,16.825942993164062,16.951942900497805,16.583633914800163,16.66117274592975,39912500
B3SA3,2026-02-13,16.922866821289062,17.06825376164099,16.55455779912115,16.65148180979852,38407300
B3SA3,2026-02-18,17.068252563476562,17.203945059696437,16.922865633330574,16.942250803839585,38351500
B3SA3,2026-02-19,17.20394515991211,17.39779316878822,16.951943487841817,17.058560077590837,33377000
B3SA3,2026-02-20,17.523792266845703,17.630408851644443,16.913174209979136,17.000405625056008,28265400
B3SA3,2026-02-23,17.310562133789062,17.426869462758336,17.116714120611395,17.300869548263012,33070600
B3SA3,2026-02-24,17.65948486328125,17.75640886379933,17.252405540042552,17.32025363447529,33547600
B3SA3,2026-02-25,17.581945419311523,17.969641407860315,17.51409917591693,17.659484247286986,29596100
B3SA3,2026-02-26,17.39779281616211,17.795179562499264,17.291176228574038,17.591638972437636,24570400
B3SA3,2026-02-27,17.34933090209961,17.795180600003505,17.281484651013987,17.49471598995047,50947300
B3SA3,2026-03-02,17.921178817749023,18.056871307057996,16.951942525721464,17.029481355136806,33357000
B3SA3,2026-03-03,17.00040626525879,17.320254183028336,16.603017665681737,17.213637594214617,70126200
B3SA3,2026-03-04,17.60133171081543,17.717640884530773,17.194252375819126,17.34933004165852,36341300
B3SA3,2026-03-05,17.019790649414062,17.707949454037703,16.893790730955164,17.591640272738033,71248600
B3SA3,2026-03-06,16.709632873535156,16.961634522568172,16.360707228924603,16.91317344911513,38256800
B3SA3,2026-03-09,16.787172317504883,17.000405485350054,16.06993768173367,16.709633487926144,37855700
B3SA3,2026-03-10,17.55286979675293,18.008410187356734,16.83563516426818,17.048866482464778,53328400
B3SA3,2026-03-11,17.436561584472656,17.85333350764837,17.252406161719563,17.349330165730223,23407700
B3SA3,2026-03-12,16.612709045410156,17.242714098678736,16.477016559436723,17.242714098678736,42337300
B3SA3,2026-03-13,16.360708236694336,17.058559568900957,16.331632330300103,16.806557904345407,19622000
B3SA3,2026-03-16,16.81624984741211,17.058558917695652,16.58363336178049,17.010095994436046,23771800
B3SA3,2026-03-17,17.05855941772461,17.54317757249706,16.690248584841477,16.738711509521654,30507800
B3SA3,2026-03-18,16.59332847595215,17.039176345877475,16.58363588982267,16.729020984421286,23216900
B3SA3,2026-03-19,16.399478912353516,16.62240282640481,15.876090402488805,16.079630994771172,59021100
B3SA3,2026-03-20,15.691935539245605,16.254092495103457,15.4593181347623,16.18624625281101,46586300
B3SA3,2026-03-23,16.729019165039062,16.893789413976872,16.147477001219052,16.254093588376335,38247900
B3SA3,2026-03-24,16.845325469970703,16.845325469970703,16.341324017230246,16.447938749269007,21699800
B3SA3,2026-03-25,17.44625473022461,17.746717488505965,17.23302339348811,17.30086964387374,44334400
B3SA3,2026-03-26,17.223329544067383,17.688562525720226,17.039174128911306,17.136098128923532,23557400
B3SA3,2026-03-27,16.68055534362793,17.271790060763756,16.68055534362793,17.068251331129673,42461100
B3SA3,2026-03-30,16.51578712463379,17.058558924662577,16.38009278812297,16.903481267511495,38391500
B3SA3,2026-03-31,17.833948135375977,17.921179553131655,16.78717297097941,16.98102097680794,54051300
B3SA3,2026-04-01,18.023075103759766,18.49019538376327,17.85763643923715,18.042538912802662,47320500
B3SA3,2026-04-02,18.091196060180664,18.217707102987738,17.28346656978521,17.497562894601387,27826400
B3SA3,2026-04-06,17.935489654541016,18.237171267251647,17.857636275255338,18.110660221976538,21583600
B3SA3,2026-04-07,17.565685272216797,17.818709227024808,17.31266317357982,17.750587749994004,42624300
B3SA3,2026-04-08,18.207975387573242,18.7918766549657,18.198245339401048,18.675097515189783,60763700
B3SA3,2026-04-09,18.64590072631836,18.762681715527137,18.169048578043313,18.353951037552694,40108400
B3SA3,2026-04-10,18.98651123046875,19.210339464217725,18.694559665596586,18.869730233285686,37802100
B3SA3,2026-04-13,18.74321937561035,18.889194231423424,18.305292952000134,18.879462326879754,67037700
B3SA3,2026-04-14,19.151948928833008,19.210338496397373,18.568047684676706,18.7821440031933,35228400
B3SA3,2026-04-15,19.307655334472656,19.336851045818126,19.025435693312367,19.151948586305206,39081700
B3SA3,2026-04-16,19.249265670776367,19.580142973004545,18.937850319842727,19.375776706959684,35870100
B3SA3,2026-04-17,18.908658981323242,19.78451001595121,18.889195171267463,19.65799896293084,45139000
B3SA3,2026-04-20,18.73348617553711,18.947582492178878,18.5972432336897,18.84053526194343,41040100
B3SA3,2026-04-22,18.558317184448242,18.66536627988904,18.392878517026567,18.636170565813085,24812000
B3SA3,2026-04-23,18.519390106201172,18.67509685786918,18.149585178861482,18.56804777003334,18613800
B3SA3,2026-04-24,18.470731735229492,18.558317020512632,18.14958630791498,18.558317020512632,41679200
B3SA3,2026-04-27,18.21770668029785,18.529122040310796,18.178780920403042,18.43180485631743,18924800
B3SA3,2026-04-28,18.032806396484375,18.04253830067565,17.585148084540418,17.90629349816874,24781800
B3SA3,2026-04-29,17.400245666503906,18.04253835174966,17.26400271978226,17.760318697916606,43626800
B3SA3,2026-04-30,17.546222686767578,17.77978282367493,17.400245977050886,17.633807970129205,23750100
B3SA3,2026-05-04,17.390514373779297,17.73112171620541,17.25426958063805,17.507293503705164,29385800
B3SA3,2026-05-05,17.526758193969727,17.57541585786236,17.25427045012665,17.43917291402627,20019200
B3SA3,2026-05-06,17.867366790771484,18.091195006797196,17.643536718574936,17.87709869444706,34599300
B3SA3,2026-05-07,17.302928924560547,17.99387736217004,17.234805600588352,17.81870681286882,26262200
B3SA3,2026-05-08,17.448904037475586,17.867366610447853,17.390514472182257,17.72138991295832,28496100
B3SA3,2026-05-11,17.118026733398438,17.565683160745497,16.962319988567216,17.234805863936447,28393600
B3SA3,2026-05-12,16.83580780029297,17.195880822836006,16.757954424631084,16.913661175954857,19014600
B3SA3,2026-05-13,16.19351577758789,16.88446605913138,16.018345231388956,16.74822126977068,70172800
B3SA3,2026-05-14,16.475738525390625,16.504932384508578,16.135129271702702,16.49520233558333,30947500
B3SA3,2026-05-15,16.251907348632812,16.38815028309308,16.008615333570468,16.086468704143588,23708600
B3SA3,2026-05-18,16.271371841430664,16.466006226359042,16.057275502946297,16.251909887874675,31340200
B3SA3,2026-05-19,15.463642120361328,15.852909934261078,15.38578874319847,15.852909934261078,63506400
B3SA3,2026-05-20,16.339492797851562,16.62171057314293,15.541494348787474,15.638810599005264,57502900
B3SA3,2026-05-21,16.563322067260742,16.68983310782118,16.067006096746574,16.154591377200305,26356400
B3SA3,2026-05-22,16.212980270385742,16.582785184941898,16.115663089914605,16.54385757028511,31892100
B3SA3,2026-05-25,16.79688262939453,16.962321290497176,16.329762359047407,16.466005307189246,16994700
B3SA3,2026-05-26,16.4854679107666,16.796881401567486,16.339493068975038,16.796881401567486,38370900
B3SA3,2026-05-27,16.037811279296875,16.81634694274598,16.037811279296875,16.68983403895641,22460000
B3SA3,2026-05-28,16.057273864746094,16.232444422076117,15.677738894644955,16.10593152792849,21661300
B3SA3,2026-05-29,16.057273864746094,16.193516806593504,15.784786124880405,16.086469576358056,48006500
B3SA3,2026-06-01,15.813982963562012,16.028079295462522,15.57069091796875,15.959957819683769,49561100
B3SA3,2026-06-02,15.843177795410156,16.212980867413123,15.843177795410156,15.979420739384265,38626900
B3SA3,2026-06-03,15.103569984436035,15.726397000315155,15.045179487654638,15.434446372579087,41255400
B3SA3,2026-06-05,14.99652099609375,15.259276841252815,14.850546145284582,15.01598480451389,30092100
B3SA3,2026-06-08,14.811619758605957,14.986789397532371,14.665643976734213,14.986789397532371,42510200
B3SA3,2026-06-09,14.977058410644531,15.113301359926137,14.733766369115392,14.928399816721607,48003700
B3SA3,2026-06-10,14.714302062988281,14.870008815810573,14.500204813814905,14.801887343472183,66313600
B3SA3,2026-06-11,15.025715827941895,15.103570133782078,14.548863657172902,14.67537562804568,76637700
B3SA3,2026-06-12,14.82135009765625,15.161959312626346,14.72403384201154,14.792155313771381,46559500
B3SA3,2026-06-15,14.733765602111816,15.356592602028858,14.704569890426626,15.142496284850093,38898400
B3SA3,2026-06-16,14.636448860168457,14.772692734546569,14.461278297123094,14.616985979877564,26364300
B3SA3,2026-06-17,14.217986106872559,14.840814046885399,14.110937946218904,14.840814046885399,48934200
B3SA3,2026-06-18,13.945499420166016,14.325035330188927,13.828719354332536,14.23745004879245,39787400
B3SA3,2026-06-19,14.02335262298584,14.16932839952635,13.877377774530784,13.935767342678625,70356900
B3SA3,2026-06-22,14.305571556091309,14.461278310908746,14.140132897076414,14.179059585780774,86034900
B3SA3,2026-06-23,14.325035095214844,14.58779000700883,14.052547351320884,14.052547351320884,65885100
B3SA3,2026-06-24,14.626717567443848,14.704570948032977,14.208255878798655,14.208255878798655,57903500
B3SA3,2026-06-25,14.430338859558105,14.884682225872744,14.430338859558105,14.756280737354817,47483000
B3SA3,2026-06-26,14.736527442932129,14.86492893383338,14.222921479327129,14.390831048817464,58177000
B3SA3,2026-06-29,14.529109954833984,14.805666508002767,14.489601875809871,14.736527605197297,27533600
B3SA3,2026-06-30,14.351323127746582,14.450093796276835,14.124151908852665,14.420462972496521,28205900
B3SA3,2026-07-01,14.222921371459961,14.410585449795034,14.02538098001269,14.232798626519047,38024600
B3SA3,2026-07-02,14.430338859558105,14.558740348076034,14.26242929318442,14.459970624410081,36634600
B3SA3,2026-07-03,14.578495025634766,14.805666240431188,14.47972435888604,14.568617770570516,14040900
B3SA3,2026-07-06,14.400708198547363,14.509355178385396,14.28218396364763,14.459970786970674,15650100
B3SA3,2026-07-07,14.351323127746582,14.697019525655564,14.282184224943547,14.410585717254115,23315900
B3SA3,2026-07-08,14.064888954162598,14.28218385411914,13.946364720171815,14.28218385411914,30287600
B3SA3,2026-07-09,14.608125686645508,14.618002941600063,14.183413143068414,14.222921220939757,22115500
B3SA3,2026-07-10,15.230379104614258,15.339026086733762,15.00320694315923,15.022961453697452,41457700
B3SA3,2026-07-13,14.934067726135254,15.240256039410824,14.746404589702857,15.101977294391713,24758100
B3SA3,2026-07-14,15.141485214233398,15.299517525774622,14.963698392776083,15.013083725619435,35943900
B3SA3,2026-07-15,15.497057914733887,15.655091168217224,15.230378624502832,15.269886702386946,36697700
B3SA3,2026-07-16,15.200748443603516,15.52669033540084,15.05259243882033,15.408166096742441,31046100
B3SA3,2026-07-17,15.013084411621094,15.180993985792755,14.983453587339895,15.121732337230357,48880800
B3SA3,2026-07-20,15.072346687316895,15.240256257981457,14.953822450720775,15.092100255776131,16308000
B3SA3,2026-07-21,14.983452796936035,15.131607852473506,14.766157899127125,14.983452796936035,29244400
B3SA3,2026-07-22,15.704475402832031,15.724229912550944,15.0229608306263,15.062468908117257,46053200
B3SA3,2026-07-23,15.457550048828125,15.625459617624973,15.289640480031276,15.595828794292261,41089800
B3SA3,2026-07-24,15.25013256072998,15.477304720509526,15.240256247480618,15.260009815926242,35227200
B3SA3,2026-07-27,15.526689529418945,15.655091016787022,15.368657219411118,15.44767337441503,23929400
B3SA3,2026-07-28,15.80324649810791,16.02054045925513,15.664967752148584,15.89213991037127,19864600
B3SA3,2026-07-29,15.131608009338379,15.773615454532285,15.131608009338379,15.714352866534815,51816200
B3SA3,2026-07-30,15.437796592712402,15.437796592712402,15.12173196300955,15.210624433653305,42168300
B3SA3,2026-07-31,15.536566734313965,15.704476308823962,15.329150021980709,15.704476308823962,24490400
B3SA3,2026-08-03,15.427919387817383,15.536566369145026,15.250132562056782,15.536566369145026,30632200
B3SA3,2026-08-04,15.506935119628906,15.941523974951139,15.388410886359207,15.803246173776593,38027600
B3SA3,2026-08-05,15.358779907226562,15.951401067544124,15.289640065396032,15.566197548824425,37288600
B3SA3,2026-08-06,15.17111587524414,15.329149127045604,15.052591642853194,15.260009285024069,24253700
B3SA3,2026-08-07,14.766158103942871,15.309394885026746,14.65751112450485,15.240255983743177,26676900
B3SA3,2026-08-10,14.489602088928223,14.815543981157944,14.47972483354019,14.72665056655949,21473400
B3SA3,2026-08-11,14.114274024963379,14.568617384461756,14.05501143809539,14.469846720330729,41817200
B3SA3,2026-08-12,14.064888954162598,14.292061109105092,13.936487465185863,14.292061109105092,52257500
B3SA3,2026-08-13,14.618002891540527,14.667388224197305,13.9858727058169,14.005627215658361,61419200
B3SA3,2026-08-14,14.489602088928223,14.776035901552733,14.173537452086535,14.54886373736258,47158200
B3SA3,2026-08-17,14.23279857635498,14.756280847331938,14.23279857635498,14.420462654028624,35182900
B3SA3,2026-08-18,14.124152183532715,14.519232981443269,14.124152183532715,14.13402943896721,18478700
B3SA3,2026-08-19,14.24267578125,14.746404482352347,14.173536880217204,14.48960150430642,32229200
B3SA3,2026-08-20,14.163660049438477,14.390831269319804,14.064889380478911,14.07476663576425,23844200
B3SA3,2026-08-21,14.904437065124512,14.904437065124512,14.193290706059475,14.242676039957182,43621500
B3SA3,2026-08-24,15.260009765625,15.319272354660331,14.657511329842468,14.69701940855039,33764600
B3SA3,2026-08-25,15.556321144104004,15.655091813861208,15.190871173117413,15.279764587509515,33217000
B3SA3,2026-08-26,15.556321144104004,15.921772057037511,15.497058553860299,15.546443888738901,26836300
B3SA3,2026-08-27,15.536566734313965,15.684722739912333,15.40816618152107,15.427919750432698,16678400
B3SA3,2026-08-28,15.842755317687988,15.911894218817313,15.398288262008379,15.704475631535574,25181700
B3SA3,2026-08-31,16.020540237426758,16.23783607945898,15.882262435328988,16.020540237426758,32513500
B3SA3,2026-09-01,16.41562271118164,16.672423802415906,15.961278406295555,16.18844961679173,55222400
B3SA3,2026-09-02,17.047752380371094,17.35393975368235,16.50451465183858,16.534146417214686,41077700
B3SA3,2026-09-03,17.136646270751953,17.679882130548034,17.136646270751953,17.383572004094507,42865600
B3SA3,2026-09-04,17.156400680541992,17.39344915708791,16.909474948653266,17.03787550032212,29092100
B3SA3,2026-09-08,17.423078536987305,17.660127006700097,17.334185125358285,17.462587557219656,35875800
B3SA3,2026-09-09,17.07738494873047,17.294678920024424,16.869966349132437,17.255169897665226,57684700
B3SA3,2026-09-10,17.442832946777344,17.590988004008974,16.771194677840615,16.939104245074798,83504800
B3SA3,2026-09-11,17.067506790161133,17.610742631602328,16.98849063351707,17.58111086640064,32548400
B3SA3,2026-09-14,17.156400680541992,17.225539584047823,16.60328568470769,16.64279470607892,38229400
B3SA3,2026-09-15,17.20578384399414,17.393447914311086,16.98848989365968,17.344061641125734,28718200
B3SA3,2026-09-16,17.36381721496582,17.541604041545707,17.10701423033863,17.156400506551826,30862100
B3SA3,2026-09-17,17.38357162475586,17.57123570549133,17.027997973655765,17.511972174378784,31853100
B3SA3,2026-09-18,17.373693466186523,17.482341383683003,17.17615214053723,17.225538413896402,67879900
B3SA3,2026-09-21,18.005823135375977,18.153978191297533,17.5317262028695,17.561357967611308,49189900
B3SA3,2026-09-22,18.203365325927734,18.302135995840004,17.808284530172486,17.897177944704147,83679000
B3SA3,2026-09-23,18.040000915527344,18.489999771118164,17.969999313354492,18.040000915527344,46402400
B3SA3,2026-09-24,17.81999969482422,18.09000015258789,17.700000762939453,18.0,43921400
B3SA3,2026-09-25,17.959999084472656,18.030000686645508,17.610000610351562,17.760000228881836,17058300
B3SA3,2026-09-28,17.65999984741211,17.979999542236328,17.6200008392334,17.729999542236328,46623800
B3SA3,2026-09-29,17.899999618530273,18.049999237060547,17.530000686645508,17.690000534057617,56307100
B3SA3,2026-09-30,18.34000015258789,18.600000381469727,18.09000015258789,18.420000076293945,39435800
B3SA3,2026-10-01,18.43000030517578,18.579999923706055,18.110000610351562,18.31999969482422,36039100
B3SA3,2026-10-02,19.0,19.040000915527344,18.31999969482422,18.950000762939453,40016700
B3SA3,2026-10-05,23.299999237060547,24.280000686645508,22.030000686645508,22.100000381469727,200158200
B3SA3,2026-10-06,22.68000030517578,23.93000030517578,22.440000534057617,23.65999984741211,80683500
B3SA3,2026-10-07,22.329999923706055,23.049999237060547,22.200000762939453,22.899999618530273,70151300
B3SA3,2026-10-08,22.770000457763672,23.190000534057617,22.209999084472656,22.280000686645508,51587100
B3SA3,2026-10-09,23.350000381469727,23.520000457763672,22.979999542236328,23.0,63907800
WEGE3,2024-10-09,50.78679656982422,51.07835169355935,50.11904510560432,50.71155514910222,5806100
WEGE3,2024-10-10,50.95608901977539,50.95608901977539,50.33536161504415,50.5046512333989,3762500
WEGE3,2024-10-11,50.94668197631836,51.144188922594175,50.43881670967533,50.96549233252123,3283900
WEGE3,2024-10-14,51.76491165161133,51.76491165161133,50.50464660150139,50.94667737536928,5422800
WEGE3,2024-10-15,53.166255950927734,53.166255950927734,51.61443917177621,52.10349768989152,8123800
WEGE3,2024-10-16,53.78697967529297,53.81519700265998,52.67719380441714,52.67719380441714,10016400
WEGE3,2024-10-17,52.874698638916016,53.69292934579558,52.667788322439755,53.51423635556231,5134400
WEGE3,2024-10-18,51.934207916259766,53.30733168182252,51.67086650713043,53.17566277111222,5431900
WEGE3,2024-10-21,51.76491165161133,52.24456313448746,51.49216689286398,52.22575277998334,5297800
WEGE3,2024-10-22,52.62076187133789,52.62076187133789,51.35108987854095,51.53918983166363,4733100
WEGE3,2024-10-23,52.85589599609375,53.185068286054566,51.84015820814231,52.15052372814154,4913300
WEGE3,2024-10-24,52.92172622680664,53.23208813430592,52.1975436590302,52.902915870638715,3520800
WEGE3,2024-10-25,52.16933059692383,52.93113029923223,52.13170988409884,52.808868364114,3796300
WEGE3,2024-10-28,52.912322998046875,53.091019600429405,52.53612661120088,52.85589551325984,2063700
WEGE3,2024-10-29,53.55186080932617,53.61769526672575,52.70541624802786,52.78065409032358,4877100
WEGE3,2024-10-30,50.78679656982422,52.084682375611415,50.26952435933991,51.98122721597287,20716600
WEGE3,2024-10-31,50.890254974365234,51.39812383349661,50.081427588572744,50.69275161393925,9694500
WEGE3,2024-11-01,51.44514846801758,52.244568890117,51.379314013854504,51.680272543659605,6364400
WEGE3,2024-11-04,52.846492767333984,52.846492767333984,50.99371725189431,51.93421367579374,6547400
WEGE3,2024-11-05,52.67719268798828,52.96874781321159,51.652051645523116,52.55493076025359,5779800
WEGE3,2024-11-06,52.75243377685547,53.24149224783939,51.88717537812748,52.31039939991245,5170500
WEGE3,2024-11-07,52.45148468017578,52.84649144623849,51.59563309933087,52.53612949971908,4521400
WEGE3,2024-11-08,51.81194305419922,52.3950497752648,51.633250042760565,51.736701625566866,7160900
WEGE3,2024-11-11,52.18814468383789,52.18814468383789,51.304075807799144,51.40753098160869,3348100
WEGE3,2024-11-12,52.1223030090332,52.16933069400627,51.72729628676172,51.82134448129056,3988000
WEGE3,2024-11-13,51.44514846801758,52.244568890117,51.26645187439608,51.87777590614883,9208500
WEGE3,2024-11-14,51.11597442626953,51.52979511024117,50.692753945238614,51.39812619723521,6074900
WEGE3,2024-11-18,50.78679656982422,51.07835169355935,50.401193257895,50.71155514910222,3437300
WEGE3,2024-11-19,50.9090690612793,51.26645509556015,50.35417606439083,50.77740014468015,4176900
WEGE3,2024-11-21,50.532867431640625,50.73977777251734,49.99678481001347,50.542274404067086,6608700
WEGE3,2024-11-22,50.796207427978516,51.021928135649816,50.43882139008661,50.739779941842386,5034900
WEGE3,2024-11-25,49.0468864440918,50.984306643040696,48.98105198612997,50.80561362681702,12443900
WEGE3,2024-11-26,49.63939666748047,49.930951830272406,48.9340243984077,49.05628992960547,8886200
WEGE3,2024-11-27,49.00925827026367,50.090826763400806,48.81175492643537,49.78046487848609,6111900
WEGE3,2024-11-28,49.76165771484375,50.40119546819344,48.463771852138954,48.821161440824625,7146300
WEGE3,2024-11-29,50.73036193847656,51.05953774943512,49.169138445316634,49.611172791717024,8458300
WEGE3,2024-12-02,50.645729064941406,51.10657387371001,50.04381195058086,50.35417748075933,6197600
WEGE3,2024-12-03,51.351104736328125,51.67087367284528,50.316560076383375,50.64573239880873,6016400
WEGE3,2024-12-04,51.727298736572266,52.667795077237216,51.22883682408666,51.30407466573127,5505900
WEGE3,2024-12-05,51.661468505859375,52.38565117793752,51.36991332482767,51.8871856369666,5198100
WEGE3,2024-12-06,52.29159164428711,52.51731232969631,51.49217124272549,51.52038498301092,6487900
WEGE3,2024-12-09,52.43266677856445,52.63957710495018,52.12230128898586,52.29159090371809,4459000
WEGE3,2024-12-10,53.495426177978516,53.89983984095459,52.592547077085214,52.65838511339822,5662200
WEGE3,2024-12-11,55.06605529785156,56.26989295012705,53.35435239190469,53.608286812594635,10358000
WEGE3,2024-12-12,54.36069107055664,55.03784962498047,53.73056020618594,54.99082552263638,10479800
WEGE3,2024-12-13,54.22901916503906,55.03784659660544,54.210208807594626,54.360688079441246,6356600
WEGE3,2024-12-16,53.71174621582031,54.70867003385748,53.71174621582031,54.4077114939547,5966200
WEGE3,2024-12-17,54.454734802246094,55.009627738269565,53.918652221917654,54.27603821699761,9401900
WEGE3,2024-12-18,53.655311584472656,55.066055992062864,53.19447042044331,54.35128040414226,10121900
WEGE3,2024-12-19,53.10041809082031,55.169510584736706,53.08160773505552,54.08793844836653,9028800
WEGE3,2024-12-20,52.235164642333984,53.01577469495499,51.172402833439044,52.79946097946463,14233300
WEGE3,2024-12-23,51.08588790893555,52.26319907984431,51.067050499056776,52.26319907984431,4062300
WEGE3,2024-12-26,51.481468200683594,51.7075135503468,50.95403144671541,51.08589332985916,3560800
WEGE3,2024-12-27,50.558448791503906,51.80168904105987,50.558448791503906,51.707505589041666,3720300
WEGE3,2024-12-30,49.70136642456055,50.869257037754856,49.6636916066205,50.56786567997127,4283000
WEGE3,2025-01-02,49.65427780151367,49.97450658827869,49.211607645226216,49.55067384213843,4029300
WEGE3,2025-01-03,49.409400939941406,50.02160426750933,49.221030408930574,49.54125923378827,5796000
WEGE3,2025-01-06,49.41881561279297,49.67311526072833,48.6559166689869,49.512999070753345,5551100
WEGE3,2025-01-07,50.407752990722656,50.530194352345106,49.39055446561622,49.729620640651696,7466200
WEGE3,2025-01-08,50.11578369140625,51.208328371639745,49.60718437659012,49.7013714309276,6627600
WEGE3,2025-01-09,51.13298034667969,51.2836760349322,50.10636484768798,50.10636484768798,4555800
WEGE3,2025-01-10,50.247642517089844,51.30251597984564,49.79555542999541,50.92577494416589,5768000
WEGE3,2025-01-13,50.15345764160156,50.71856558633129,49.626020925083445,50.28531592251392,4563200
WEGE3,2025-01-14,49.85206604003906,50.47368621366273,49.51299983754094,50.200549151331614,5413100
WEGE3,2025-01-15,51.01054000854492,51.104723468281236,49.6542787868511,50.473686383736826,4634000
WEGE3,2025-01-16,50.54903030395508,51.255417000832274,50.0969432490979,50.98228354195318,4442000
WEGE3,2025-01-17,51.01995849609375,51.01995849609375,50.26648001628212,50.586708819310665,4222700
WEGE3,2025-01-20,51.92413330078125,52.08424589672151,50.72798471047925,50.96344694653393,2471800
WEGE3,2025-01-21,52.39506149291992,52.7058697982877,51.462629391078885,51.71692905521735,3951600
WEGE3,2025-01-22,53.157955169677734,53.195629991188845,52.34796806440123,52.76238032241726,4930100
WEGE3,2025-01-23,53.92085647583008,53.93969388740258,53.073190919411836,53.15795747505366,4528400
WEGE3,2025-01-24,54.504798889160156,54.533056801411526,53.52527869091766,53.657136971861725,4763100
WEGE3,2025-01-27,50.20996856689453,53.431090235212736,49.729623592789714,53.299231957730974,22361900
WEGE3,2025-01-28,50.94460678100586,52.21610134978091,50.614961105506666,51.32134777546356,10279700
WEGE3,2025-01-29,51.26483917236328,52.489242101601675,50.62438159223206,50.671473321651106,7108300
WEGE3,2025-01-30,52.94132614135742,53.10144232366111,51.24599882921483,51.59448191841445,6202600
WEGE3,2025-01-31,51.83936309814453,53.12969505477081,51.519134335967024,52.941324560630804,7220600
WEGE3,2025-02-03,50.76566696166992,51.801699514818644,50.520784188320434,51.43437894766354,7771800
WEGE3,2025-02-04,50.916358947753906,51.434375186447554,50.7656632493545,50.85984671352831,5745400
WEGE3,2025-02-05,51.30250930786133,51.782850652658404,51.151813631761435,51.19890535687984,4234700
WEGE3,2025-02-06,51.3590202331543,51.500299007683516,50.567867000101344,51.29309109647226,5926400
WEGE3,2025-02-07,50.80333709716797,51.61332786512892,50.46427445294926,51.35902818731311,4872800
WEGE3,2025-02-10,51.0576286315918,51.2742534500988,50.671470721580455,51.04821172333865,3066100
WEGE3,2025-02-11,50.02159881591797,51.33076829481669,49.74846175536349,51.057631234262224,6808600
WEGE3,2025-02-12,49.635440826416016,50.002761345334235,48.59940481645144,49.44707031616167,8590300
WEGE3,2025-02-13,49.41881561279297,49.946248725960864,48.93847063573664,49.42823252144156,5410300
WEGE3,2025-02-14,50.671470642089844,51.07646596084061,49.62601777707594,49.729621732040336,7097900
WEGE3,2025-02-17,49.39997863769531,50.313569685136585,49.36230381703191,50.02159880716684,5452400
WEGE3,2025-02-18,49.814395904541016,50.671478400195774,49.59777105320728,49.63544587766594,8727000
WEGE3,2025-02-19,49.17393112182617,50.002759175253615,48.86312284733369,49.67311349126636,6153300
WEGE3,2025-02-20,49.070335388183594,49.305797657019156,48.816039299565986,49.164522451439275,6433300
WEGE3,2025-02-21,49.870906829833984,49.870906829833984,48.514641927938676,49.35289058219071,8664000
WEGE3,2025-02-24,48.55231475830078,50.15345876127195,48.429873383490666,49.80497564067106,9130900
WEGE3,2025-02-25,49.35289001464844,49.663698322512644,48.88196550532114,49.14568208082639,8806700
WEGE3,2025-02-26,45.067474365234375,47.25256381367793,44.945036578969166,46.96059291564823,25725700
WEGE3,2025-02-27,46.056419372558594,46.565015122246535,45.114570335024624,45.387703825329076,11326100
WEGE3,2025-02-28,45.60432434082031,45.96222794708893,45.11456604954992,45.90571930964082,7843900
WEGE3,2025-03-05,45.1613883972168,45.85326230699664,44.877053582800755,45.49310752674571,9387200
WEGE3,2025-03-06,44.81071090698242,45.3983328307543,43.86293780918352,45.17086569647689,7728600
WEGE3,2025-03-07,45.388851165771484,45.805873625159556,44.478989897871266,44.5169016879006,7584000
WEGE3,2025-03-10,45.189815521240234,45.2277273077711,44.583241398614234,44.81070488686551,5747800
WEGE3,2025-03-11,44.166221618652344,45.23720615165414,44.043013728260185,44.94339521167179,8850600
WEGE3,2025-03-12,44.73488998413086,45.00974504433669,44.10935989755708,44.289435480726056,6859100
WEGE3,2025-03-13,44.298912048339844,44.801230586351714,43.87241347103396,44.73488676493381,6531300
WEGE3,2025-03-14,44.298912048339844,44.34629997571447,43.635470218693705,44.2610002602533,8528600
WEGE3,2025-03-17,45.1613883972168,45.56893110804795,44.47899062736606,45.44571959616549,8931300
WEGE3,2025-03-18,45.1613883972168,45.44571959616549,44.393690906134715,45.13295274649478,5953500
WEGE3,2025-03-19,45.62579345703125,45.68266114086223,45.21825076157726,45.21825076157726,5319200
WEGE3,2025-03-20,45.39833068847656,45.73952595059103,45.29407507416355,45.73004981086588,4807700
WEGE3,2025-03-21,45.3509407043457,45.63527552242829,44.734890367924024,45.464676077765695,9662300
WEGE3,2025-03-24,44.96236801147461,45.342115563461874,44.63008482921321,45.28515542253036,4934900
WEGE3,2025-03-25,44.62059020996094,45.22818915677217,44.49717054214759,45.03831358049981,5214000
WEGE3,2025-03-26,44.38325119018555,44.725026538161025,43.81362802461026,44.62059477943787,6298500
WEGE3,2025-03-27,44.04147720336914,44.67755992544374,43.8041336067814,44.573128163492996,8070000
WEGE3,2025-03-28,43.528812408447266,44.09843919020942,43.2914688214403,44.041475425560485,3862500
WEGE3,2025-03-31,42.987667083740234,43.41488624244558,42.86425103245078,43.27248227059416,6231100
WEGE3,2025-04-01,43.05412673950195,43.32944617923271,42.512983631935064,43.300966106700514,5457000
WEGE3,2025-04-02,42.62690734863281,43.17754255721758,42.29462417201264,43.05412288466863,5444800
WEGE3,2025-04-03,42.02880096435547,42.9307072794381,41.82943322925868,42.19019285803128,8146000
WEGE3,2025-04-04,41.50664138793945,41.905376815553055,40.557267183249714,41.7629728577947,10632400
WEGE3,2025-04-07,41.77246856689453,41.83892447716128,40.490814729949555,40.965501872755176,9948200
WEGE3,2025-04-08,41.77246856689453,42.50348720140425,41.53512499549172,42.26614363000144,8394700
WEGE3,2025-04-09,43.111087799072266,43.74717047776476,41.44968273626921,41.5541144910975,11604000
WEGE3,2025-04-10,42.63640594482422,43.15856116237781,42.057286957117554,43.10160101380081,5364200
WEGE3,2025-04-11,42.83576583862305,43.05412148506486,42.47500622532373,42.81677791872696,3282900
WEGE3,2025-04-14,43.500328063964844,43.52880813270391,42.76930945320072,43.19652859216357,5625800
WEGE3,2025-04-15,43.500328063964844,43.984510961981194,43.19652859216357,43.52880813270391,4444900
WEGE3,2025-04-16,43.51931381225586,43.737669445369725,42.921207047550375,43.500325893518756,7962000
WEGE3,2025-04-17,43.62375259399414,43.842108262343594,43.17754548560678,43.414889075757365,3543500
WEGE3,2025-04-22,43.899070739746094,44.12691855152316,43.30096389607387,43.87058704709221,3871500
WEGE3,2025-04-23,43.927547454833984,44.73451412738836,43.899067385931595,44.15539524920386,8449700
WEGE3,2025-04-24,46.130096435546875,46.50035182549934,44.04147229407795,44.09843605467659,13221900
WEGE3,2025-04-25,47.364280700683594,47.7440318488939,46.12060275236679,46.405414302736844,10397400
WEGE3,2025-04-28,47.77251434326172,48.228213571308466,47.39276317576833,47.478207007375566,8104100
WEGE3,2025-04-29,47.91492462158203,48.28518003877038,47.582641426010525,47.753529098801415,5513900
WEGE3,2025-04-30,42.38007354736328,44.886421437776555,42.38007354736328,44.620597758967875,34414500
WEGE3,2025-05-02,42.17119598388672,42.93069816475291,42.17119598388672,42.67436672194679,18290500
WEGE3,2025-05-05,40.37689208984375,41.91488122601636,40.111068416637785,41.76298146681639,15804300
WEGE3,2025-05-06,40.7756233215332,41.18385452433964,40.55726768633503,40.65220365935155,6818100
WEGE3,2025-05-07,39.826255798339844,41.107909757336046,39.67435604303973,41.01297376836442,9070700
WEGE3,2025-05-08,40.07308578491211,40.766128545241,39.95916189019956,40.27245350605289,12632900
WEGE3,2025-05-09,39.67435073852539,40.3768856547676,39.67435073852539,40.3484055861991,5972700
WEGE3,2025-05-12,40.509796142578125,40.89904304865953,39.92118514147555,40.016124736218046,10286700
WEGE3,2025-05-13,41.77246856689453,41.96234414833188,40.79461421161911,40.823094281283296,11479300
WEGE3,2025-05-14,41.83892059326172,42.15221581678652,41.59208489540973,41.80094475618444,7012500
WEGE3,2025-05-15,41.933868408203125,42.20918787241202,41.63006886892992,41.69652479179742,6936800
WEGE3,2025-05-16,42.72184371948242,43.19653087192112,41.75348149391842,41.772469414605034,8772000
WEGE3,2025-05-19,42.294620513916016,42.82627137758005,42.114240717003774,42.674371648186785,3814500
WEGE3,2025-05-20,42.275638580322266,42.44652625278043,41.49715190426872,42.29462650188159,4196400
WEGE3,2025-05-21,41.25031280517578,42.36107896404873,40.93701755734468,42.11424324704655,7585500
WEGE3,2025-05-22,41.45917510986328,42.13323363423778,41.11740339436468,41.48765880233657,8321200
WEGE3,2025-05-23,41.4781608581543,41.4781608581543,40.76613015040788,41.1363891605594,5707900
WEGE3,2025-05-26,41.516136169433594,41.90537947317907,41.478160329659545,41.66803590695438,1926500
WEGE3,2025-05-27,42.33259963989258,42.51297945081604,41.73449282450879,42.00032008777686,5502100
WEGE3,2025-05-28,42.39905548095703,42.39905548095703,41.82943235781177,42.342091720012306,5306500
WEGE3,2025-05-29,41.79145431518555,42.34208948900287,41.677530420874255,42.15221753900916,6974600
WEGE3,2025-05-30,40.205997467041016,41.905378219549696,40.205997467041016,41.85791023203988,13668500
WEGE3,2025-06-02,39.73130798339844,40.20599507338683,39.49396443840424,40.20599507338683,7716100
WEGE3,2025-06-03,39.58891296386719,40.23448784167228,39.569925041393404,39.58891296386719,6516500
WEGE3,2025-06-04,40.974998474121094,41.079430236337096,39.83574848329106,39.959168167871425,12869400
WEGE3,2025-06-05,40.386383056640625,41.67753266700359,40.386383056640625,40.94651403108998,12056700
WEGE3,2025-06-06,40.41486358642578,40.82309482439578,40.33891552578572,40.3863835163827,4539700
WEGE3,2025-06-09,40.671199798583984,40.785123713544735,39.70283746747771,40.28195643602346,4151900
WEGE3,2025-06-10,40.15853500366211,41.193353208655054,40.01613102154384,41.193353208655054,5988000
WEGE3,2025-06-11,40.14904022216797,40.42435963975866,39.51295755468518,40.158532371723425,5025600
WEGE3,2025-06-12,40.12055587768555,40.48131912170889,39.49396899152684,39.873720155927785,5467300
WEGE3,2025-06-13,40.24397659301758,40.75663959178132,39.49397001574198,39.63637761147933,4923100
WEGE3,2025-06-16,40.386383056640625,41.23132559300523,40.27245553461413,40.54777494714825,5928600
WEGE3,2025-06-17,39.31359100341797,40.72816035375595,39.02877942769726,40.3673970930027,8397400
WEGE3,2025-06-18,39.74081039428711,39.911698064965634,39.342071288845325,39.446503045546166,4336700
WEGE3,2025-06-20,39.53194808959961,40.25347463709799,39.21865643149369,39.33258034157077,9459600
WEGE3,2025-06-23,39.58338928222656,39.764181130270394,38.86974642043323,39.34550832829545,6081400
WEGE3,2025-06-24,39.43113708496094,40.059142522262924,39.22180435904328,39.96399161318895,4735500
WEGE3,2025-06-25,39.79271697998047,39.87835424985659,39.11713608972134,39.497743354901715,4072000
WEGE3,2025-06-26,40.98212814331055,41.50546548651111,39.859329813649296,39.859329813649296,11156400
WEGE3,2025-06-27,40.29702377319336,41.34370193093089,40.29702377319336,40.639572856461115,6984100
WEGE3,2025-06-30,40.7061767578125,41.03921218186151,40.182839525477576,40.2589631526114,10282300
WEGE3,2025-07-01,40.439754486083984,40.906002664318486,40.30654175795259,40.61102903075996,7110200
WEGE3,2025-07-02,40.373146057128906,41.02969602495773,40.06865879989458,40.23041606727401,7025100
WEGE3,2025-07-03,40.63957214355469,40.867939404985314,40.182841250467916,40.43975305841194,6963500
WEGE3,2025-07-04,40.91551971435547,41.277099742121635,40.715700605501105,40.79182061516114,3488100
WEGE3,2025-07-07,40.27799606323242,41.02018331583956,40.19235879333356,40.91551513821045,4161300
WEGE3,2025-07-08,38.64137649536133,40.62054382487829,38.479615585335225,40.62054382487829,11029800
WEGE3,2025-07-09,38.165611267089844,38.58428033439209,38.022881278582005,38.536704881480944,11678900
WEGE3,2025-07-10,37.965789794921875,38.28930793601821,37.29020533896172,37.5280862183039,12622900
WEGE3,2025-07-11,37.82306671142578,38.13707127169934,37.461486692564506,37.92773489818364,11076600
WEGE3,2025-07-14,37.61372375488281,38.15609187336386,37.61372375488281,37.66130283491821,5026100
WEGE3,2025-07-15,37.7469367980957,38.0323967617113,37.31875411222074,37.680330441191856,7131200
WEGE3,2025-07-16,39.126651763916016,39.29792631257731,37.77548991311548,37.91821628381676,11531300
WEGE3,2025-07-17,40.04962921142578,40.44926738854048,39.3740483140512,39.39307922197683,17894300
WEGE3,2025-07-18,40.31605911254883,40.80133824377677,39.983027261529614,40.19236364204166,13711800
WEGE3,2025-07-21,39.935447692871094,40.96309132013339,39.75465588111022,40.95357768098656,7733200
WEGE3,2025-07-22,39.31695556640625,40.20187282065107,39.31695556640625,39.96399191638686,8965700
WEGE3,2025-07-23,36.16741180419922,38.003852711905814,36.16741180419922,37.40439543471425,31116000
WEGE3,2025-07-24,34.47370147705078,36.72881151599729,34.330975107112835,36.348204233054766,30042500
WEGE3,2025-07-25,34.4166145324707,34.82577006194999,34.197764491317294,34.721105491657276,19069200
WEGE3,2025-07-28,35.11591720581055,35.11591720581055,34.4179971457797,34.513601234581984,11133300
WEGE3,2025-07-29,34.972511291503906,36.2727436838394,34.972511291503906,35.517462624624685,14293400
WEGE3,2025-07-30,35.23064041137695,35.832956341054356,34.17898091885243,35.03943224696301,18990800
WEGE3,2025-07-31,35.479217529296875,35.68955089059194,34.3223913362981,35.00118981512594,15042800
WEGE3,2025-08-01,35.546142578125,35.67998976006279,34.7430558394361,35.63218771609389,16118400
WEGE3,2025-08-04,35.440975189208984,36.12933627928751,35.393173146189554,35.76603418762805,6629900
WEGE3,2025-08-05,35.49834442138672,35.76603881457605,35.30713257751038,35.440979774105045,5735100
WEGE3,2025-08-06,36.483070373535156,36.540435004904076,35.67998376967809,35.75646994483665,9789400
WEGE3,2025-08-07,37.286163330078125,37.8884792973568,36.48307658939395,36.50219813644146,14205400
WEGE3,2025-08-08,36.42570877075195,37.61121905484697,36.291861600157425,37.219236492222194,7471100
WEGE3,2025-08-11,35.58438491821289,36.49263467556577,35.402732049092634,36.45439522943812,9567300
WEGE3,2025-08-12,35.001190185546875,35.995488716840065,34.915145050203,35.995488716840065,6654500
WEGE3,2025-08-13,35.01074981689453,35.25932627808873,34.66656926881773,35.01074981689453,7988800
WEGE3,2025-08-14,34.88646697998047,35.25932804337723,34.465800223686834,34.82910233674161,5821900
WEGE3,2025-08-15,34.389312744140625,35.18283680288053,34.150298902209286,35.18283680288053,7183300
WEGE3,2025-08-18,34.80998229980469,34.95339209059488,34.49448586595373,34.56140946243916,5425600
WEGE3,2025-08-19,34.03557205200195,34.542283912923764,33.815679739439005,34.41799568510573,5848800
WEGE3,2025-08-20,34.484920501708984,34.484920501708984,33.70095530828825,33.978212269807386,7037900
WEGE3,2025-08-21,34.331947326660156,34.69524937929292,34.245902199643496,34.245902199643496,4723200
WEGE3,2025-08-22,35.852081298828125,35.89988334448077,34.35107445354884,34.561407830895234,10637800
WEGE3,2025-08-25,36.07197570800781,36.32055219504531,35.813840270113104,35.98593056204291,8394800
WEGE3,2025-08-26,35.9381217956543,36.27273971904345,35.727788445488635,36.13889254968779,13465700
WEGE3,2025-08-27,36.08153533935547,36.39703175057877,35.7277921866604,36.024170697741134,7509800
WEGE3,2025-08-28,36.158016204833984,36.63604392160552,35.98592593503127,36.3301064746367,11601700
WEGE3,2025-08-29,36.00504684448242,36.42570991485823,35.928564307624086,36.196258657221236,12724500
WEGE3,2025-09-01,36.148460388183594,36.320550672901334,35.85208186515585,36.26318602897463,4831500
WEGE3,2025-09-02,36.024166107177734,36.330103529344115,35.823395357705124,35.89031894086266,7248500
WEGE3,2025-09-03,36.18669128417969,36.196253879438494,35.76602826932997,36.110208757416785,8758100
WEGE3,2025-09-04,35.61306381225586,36.28230332471735,35.61306381225586,36.07196996869924,8614300
WEGE3,2025-09-05,36.18669128417969,36.55955591098141,35.89987542646118,35.89987542646118,6112300
WEGE3,2025-09-08,35.794715881347656,36.33010826343542,35.54614306109469,36.19626107967904,6063500
WEGE3,2025-09-09,35.35493087768555,35.97636839262093,35.3358093306193,35.62262524248863,5401000
WEGE3,2025-09-10,35.64174270629883,35.899878091526894,35.33580528241262,35.37404837216384,6369400
WEGE3,2025-09-11,35.211524963378906,35.80427833785528,35.096795680270795,35.74691369630123,6560300
WEGE3,2025-09-12,35.32625198364258,35.37405402994625,34.867345774415085,35.02031451082425,4908900
WEGE3,2025-09-15,34.90558624267578,35.402735562290935,34.70481545409922,35.05855498355256,6287600
WEGE3,2025-09-16,35.15415954589844,35.28800672617473,34.838659494908214,35.11591645237318,6047700
WEGE3,2025-09-17,35.096797943115234,35.35493337615828,34.85778405848972,35.17328413678537,9531700
WEGE3,2025-09-18,35.11591720581055,35.326250577650214,34.80997974516859,35.192403394502136,7699800
WEGE3,2025-09-19,34.75261306762695,35.36449160012544,34.75261306762695,35.11591514850312,9696300
WEGE3,2025-09-22,35.479217529296875,35.60350575615869,34.48491900852644,34.72393286561191,17499300
WEGE3,2025-09-23,35.08723449707031,35.76603296714429,35.0203109097144,35.47921707175295,6867600
WEGE3,2025-09-24,35.26888656616211,35.460098394244625,34.99162959779558,35.125480430396934,4562300
WEGE3,2025-09-25,34.75261306762695,35.36449160012544,34.523161809119266,35.36449160012544,8075800
WEGE3,2025-09-26,34.723934173583984,34.9916285365433,34.61876748897506,34.88646549899654,4491900
WEGE3,2025-09-29,34.87759780883789,35.452979693038145,34.55154917190742,35.452979693038145,4873200
WEGE3,2025-09-30,35.088565826416016,35.28035975662834,34.76251724250455,35.098153876752406,7668000
WEGE3,2025-10-01,34.3213996887207,34.868010106381334,34.06247838696057,34.800882767943406,11275700
WEGE3,2025-10-02,34.64744567871094,34.858415729879084,34.27344949083096,34.39811244801408,8501800
WEGE3,2025-10-03,34.90636444091797,35.62558895282014,34.70497879737994,34.71457050611105,7971200
WEGE3,2025-10-06,34.21590805053711,35.06938722712859,34.08165339239891,34.915952809518494,10721600
WEGE3,2025-10-07,34.263858795166016,34.82006089689578,34.1391921761291,34.2063195114185,5190500
WEGE3,2025-10-08,34.043296813964844,34.532367919164244,33.95698971796902,34.417293010558275,6387700
WEGE3,2025-10-09,35.67353820800781,35.81738092228762,34.148782024384545,34.148782024384545,14768200
WEGE3,2025-10-10,35.1844596862793,36.13383759440511,35.1844596862793,35.72148193976272,10273600
WEGE3,2025-10-13,36.28727722167969,36.402352128922,35.27077184290416,35.28036355243747,11420200
WEGE3,2025-10-14,35.79820251464844,36.53660311502451,35.77902275568004,36.13383915118302,10186200
WEGE3,2025-10-15,35.88450622558594,36.29686190124414,35.750251569913964,35.84615036551181,7314800
WEGE3,2025-10-16,36.85306930541992,36.996915690671955,35.76943653550707,36.04753759597271,10795000
WEGE3,2025-10-17,38.50248718261719,38.991558243432266,36.66127052118944,36.73798955874124,28853800
WEGE3,2025-10-20,37.917518615722656,38.55043606441182,37.917518615722656,38.444949213269425,12463500
WEGE3,2025-10-21,38.042179107666016,38.339459881820204,37.764081750476876,38.013411298548334,10407600
WEGE3,2025-10-22,38.3778190612793,39.10663159843705,37.09280449831399,37.5914672482282,16229100
WEGE3,2025-10-23,39.73954772949219,39.96010945944772,38.540840289626374,38.81894129363479,15783500
WEGE3,2025-10-24,39.672420501708984,40.07518810472621,39.3176041229345,39.749139533965526,10015800
WEGE3,2025-10-27,39.960113525390625,40.61221073168173,39.797091052900434,40.27657407763417,11591400
WEGE3,2025-10-28,40.58344268798828,41.10128522968956,39.960113296144314,40.03683233558087,9574200
WEGE3,2025-10-29,40.324520111083984,41.45610029896682,40.25739278283373,40.68892822027465,12072900
WEGE3,2025-10-30,39.7491455078125,40.353295174052796,39.6148908393514,40.1998570864797,11980500
WEGE3,2025-10-31,40.37247085571289,40.430010137952614,39.73955338373722,39.99847466656799,12528200
WEGE3,2025-11-03,41.04374694824219,41.139645749870006,40.257395065720225,40.65057100698121,8375200
WEGE3,2025-11-04,40.99579620361328,41.41773992362337,40.97661644477215,41.04374377163364,7341200
WEGE3,2025-11-05,41.724613189697266,41.81092028458596,40.688931709198286,40.99580056698801,6623200
WEGE3,2025-11-06,42.10820007324219,42.31917377968529,41.55200165375389,41.715024130067015,11139300
WEGE3,2025-11-07,43.153472900390625,43.268547803838736,41.90681774823461,42.098611692758276,12825500
WEGE3,2025-11-10,43.5082893371582,43.527469097434675,43.11511339690354,43.34526686205601,10066300
WEGE3,2025-11-11,44.14120864868164,44.72617855811953,43.63295778357381,43.882287361315754,10291400
WEGE3,2025-11-12,43.04798126220703,44.30422798391898,42.88495880529305,44.064486494458556,10226300
WEGE3,2025-11-13,42.980857849121094,43.27813864004426,42.597269967811535,42.9616780892391,10736800
WEGE3,2025-11-14,42.616451263427734,43.11511406383401,42.39588950408433,42.80824521099404,6639800
WEGE3,2025-11-17,42.165740966796875,42.68357988524797,41.88763991733631,42.48219788039669,9531800
WEGE3,2025-11-18,41.65748596191406,42.127380959320774,41.65748596191406,42.03148581282896,7190100
WEGE3,2025-11-19,41.85886764526367,42.089017438241775,41.42733221072348,41.619126143648565,7656600
WEGE3,2025-11-21,41.446510314941406,42.060247949264145,40.93825586425894,41.676660098730004,9992100
WEGE3,2025-11-24,41.41773986816406,41.62871355696909,41.245125696989945,41.62871355696909,12391300
WEGE3,2025-11-25,41.197181701660156,41.70543620893317,41.014979464360174,41.647896927497,4409100
WEGE3,2025-11-26,42.578094482421875,42.817835997169375,41.35061543936234,41.35061543936234,8639200
WEGE3,2025-11-27,42.24245071411133,42.79865273878262,42.204091196927465,42.75070517138524,3006400
WEGE3,2025-11-28,42.43424606323242,42.568500719708,41.686253743917064,42.24245212905373,7531800
WEGE3,2025-12-01,43.326087951660156,43.565829472571,42.19450768030777,42.846604909838476,17188500
WEGE3,2025-12-02,43.738441467285156,44.05489835677473,43.03839670030477,43.34526553903138,5818500
WEGE3,2025-12-03,43.201419830322266,43.930236077054275,43.201419830322266,43.920644367979676,10377300
WEGE3,2025-12-04,44.07615661621094,44.07615661621094,43.252757366344966,43.47555947283431,7415000
WEGE3,2025-12-05,45.238609313964844,45.42266227977761,44.076160388821386,44.076160388821386,15748300
WEGE3,2025-12-08,46.27511978149414,46.362303532832804,44.94799262918148,44.94799262918148,10859600
WEGE3,2025-12-09,46.16856384277344,46.31387133430147,45.34516457830931,46.01357090962761,8650500
WEGE3,2025-12-10,46.953216552734375,47.050085747950014,46.013569838786346,46.20731192454056,4290600
WEGE3,2025-12-11,47.03071212768555,47.25351423747753,46.604482486603885,47.069461284690156,5154200
WEGE3,2025-12-12,47.97035598754883,47.97035598754883,46.47854679013159,47.176016793146985,9931700
WEGE3,2025-12-15,48.12535095214844,48.43533681212017,47.52475381036857,48.0187926199101,12049800
WEGE3,2025-12-16,48.37721633911133,48.532209279546464,47.51506787698317,47.74755913529747,10274800
WEGE3,2025-12-17,48.24159622192383,48.63876584828772,47.76693197582513,48.43533831424542,10202400
WEGE3,2025-12-18,48.435340881347656,49.07468723316851,48.01879665414221,48.086605835750234,5144100
WEGE3,2025-12-19,48.16409683227539,49.13280350262479,47.757238109160845,48.435333517469964,12839100
WEGE3,2025-12-22,47.34797286987305,48.5301806515137,46.871115854008174,48.38116496577494,6391700
WEGE3,2025-12-23,47.96391296386719,47.96391296386719,47.407581670588726,47.49699259839743,4886100
WEGE3,2025-12-26,48.43083190917969,48.43083190917969,47.665872673488536,47.705611701511465,1829300
WEGE3,2025-12-29,48.39109420776367,48.738805027913145,47.95397625669501,48.66926362182773,3845900
WEGE3,2025-12-30,48.192405700683594,48.7288712562448,47.963911954364406,48.4606384784642,4334800
WEGE3,2026-01-02,47.93410873413086,48.778542294387144,47.83476494694396,48.19240485465032,4801300
WEGE3,2026-01-05,47.76522445678711,48.54011662297399,47.73541828827963,47.944042519218776,4531300
WEGE3,2026-01-06,47.85462951660156,48.36129267229416,47.2883616059257,48.21227320539105,5168600
WEGE3,2026-01-07,47.38771057128906,47.725484755090484,47.21882158452706,47.685745724120295,4904900
WEGE3,2026-01-08,45.410736083984375,47.496989674518524,45.361064191531234,47.238689770206236,9557100
WEGE3,2026-01-09,45.798187255859375,46.076356706104995,45.36106924793469,45.45048018020597,4871300
WEGE3,2026-01-12,46.44392776489258,46.6823581524469,45.51008330889321,45.62929660780915,4361500
WEGE3,2026-01-13,46.09622573852539,46.45386567412692,45.51008825307105,46.40419377665916,5294900
WEGE3,2026-01-14,46.70222854614258,46.791639476698215,45.768383996790305,46.14589723577221,6175000
WEGE3,2026-01-15,46.13595962524414,47.0400017755606,45.927335388184055,47.0400017755606,4604100
WEGE3,2026-01-16,46.01674270629883,46.781701971888,45.20211154860074,46.34458401571809,9477300
WEGE3,2026-01-19,45.91740036010742,46.43399639160814,45.50014811593575,46.026680800002914,5052000
WEGE3,2026-01-20,46.12602615356445,46.970459743702264,45.69884103204362,46.23530659717062,5987900
WEGE3,2026-01-21,47.27842712402344,47.67580982900617,46.34458269395306,46.692289718521195,7600400
WEGE3,2026-01-22,48.90769577026367,49.22560045981405,47.258563772075,47.586405114892926,14397700
WEGE3,2026-01-23,49.54349899291992,50.85485662179218,48.848081149797395,49.02690298916383,9064000
WEGE3,2026-01-26,51.27210998535156,51.41119279912888,49.67265004746751,49.67265004746751,14664900
WEGE3,2026-01-27,52.35497283935547,52.73248603313307,51.25223942445405,51.65955499494064,11316600
WEGE3,2026-01-28,51.23237228393555,52.65301041529974,50.38793872712636,52.354975265233115,13110700
WEGE3,2026-01-29,51.729095458984375,53.04045306642794,51.25223849170692,51.729095458984375,9387700
WEGE3,2026-01-30,51.38139343261719,51.95759423627589,51.192634925953726,51.75890286649877,7212600
WEGE3,2026-02-02,51.60988998413086,52.04700798960006,50.98401346174768,51.43106812059281,6846500
WEGE3,2026-02-03,53.646461486816406,53.646461486816406,51.89798589102025,52.454317140276004,6917500
WEGE3,2026-02-04,51.0634880065918,53.10006599000799,50.85485998704371,53.09012933731766,8893000
WEGE3,2026-02-05,51.86818313598633,52.921244739479185,51.09329096514069,51.113160481024245,7437700
WEGE3,2026-02-06,51.51054000854492,52.454321180148334,51.162832950980736,52.0271360581565,5766400
WEGE3,2026-02-09,53.398101806640625,53.53718462824648,51.371456661097014,51.659558957122094,7661100
WEGE3,2026-02-10,52.05693817138672,53.62659192431287,51.67942497421313,53.34842629993359,8866200
WEGE3,2026-02-11,53.2391471862793,53.626593255488714,52.28543320211419,52.702681649040485,6680100
WEGE3,2026-02-12,53.676265716552734,53.71600474707764,52.24569472515897,52.91130643269972,6660500
WEGE3,2026-02-13,53.44776916503906,54.16305651798345,52.80202700671746,52.89143792583551,7178500
WEGE3,2026-02-18,53.04045867919922,54.17299457004405,52.891442992874886,54.17299457004405,7766100
WEGE3,2026-02-19,51.0336799621582,53.6464624344393,50.51708394320802,53.08019452303135,11680200
WEGE3,2026-02-20,51.649627685546875,52.25563088554235,49.573310581125426,50.86479883690446,14808500
WEGE3,2026-02-23,51.629756927490234,52.086744427208245,50.884667129797634,51.20257180696866,5164300
WEGE3,2026-02-24,51.073421478271484,51.86818316545219,50.89459962494049,51.6297565541593,11974100
WEGE3,2026-02-25,49.9508171081543,51.0833529553744,49.632912441907344,50.79525445702235,10719400
WEGE3,2026-02-26,49.05670928955078,49.66271621464555,47.79502354822873,49.57330529471809,9902400
WEGE3,2026-02-27,49.37461853027344,49.473962321773335,48.39109831964442,48.99710530107291,7316400
WEGE3,2026-03-02,48.37123107910156,48.97723808904061,48.112934935216224,48.97723808904061,5402000
WEGE3,2026-03-03,47.08967590332031,47.86456806660478,45.748512017186485,46.910854051835805,13648400
WEGE3,2026-03-04,47.030067443847656,47.90430718720885,46.51347140412161,47.6857463039379,6449100
WEGE3,2026-03-05,46.40419387817383,47.159220364337656,46.175700117544025,46.79163998488188,7897500
WEGE3,2026-03-06,46.314781188964844,47.040001477281855,45.87766320126935,46.29491167274377,5517900
WEGE3,2026-03-09,46.27504348754883,46.930722329115746,45.56968896320724,46.2353044572181,5742300
WEGE3,2026-03-10,46.881046295166016,47.636072706904024,45.89752993504419,46.712161102109285,5655000
WEGE3,2026-03-11,46.57307815551758,47.268496020246985,46.294908735792326,46.69229145555841,3420400
WEGE3,2026-03-12,45.52001953125,46.493603088655675,44.7848663789972,46.42406167667832,7215300
WEGE3,2026-03-13,45.90746307373047,46.58301142946441,45.609427926135496,46.1955653586187,4406200
WEGE3,2026-03-16,45.669036865234375,46.910853149020625,45.26172127574139,46.910853149020625,5913000
WEGE3,2026-03-17,45.89753341674805,46.96052791757282,45.440545905869186,45.539889698765364,5780200
WEGE3,2026-03-18,45.857791900634766,46.44392934231925,45.629298157567604,45.847859037772096,5688200
WEGE3,2026-03-19,46.284976959228516,46.51347070205264,44.65571459145816,44.70538648516382,5299300
WEGE3,2026-03-20,45.65909957885742,46.225367493224944,45.14250355720728,46.19556511553902,10234300
WEGE3,2026-03-23,47.04313659667969,47.60068624954863,46.07738210092343,46.31633303729477,5584500
WEGE3,2026-03-24,47.24225997924805,47.401559331546196,46.31633130714126,47.04313483937632,5779900
WEGE3,2026-03-25,47.96906661987305,48.75560888443631,47.461297290396956,48.06862729726236,8453500
WEGE3,2026-03-26,47.311954498291016,48.13831872399166,47.092916458661236,47.58077287474677,4612800
WEGE3,2026-03-27,47.20243835449219,47.47125674732688,46.71458190868186,47.33187027652293,3314900
WEGE3,2026-03-30,48.83525848388672,49.54214919444451,48.1681935649651,48.54652719151921,8682700
WEGE3,2026-03-31,50.78667449951172,51.12518611777178,49.203635431471454,49.352980244643625,11795500
WEGE3,2026-04-01,50.78667449951172,51.423875744116124,50.52781446107584,51.14509901272783,12831600
WEGE3,2026-04-02,50.08974075317383,51.26457493646804,49.18372494720927,49.28328562118487,7547300
WEGE3,2026-04-06,50.398380279541016,50.687111546442644,49.850788985828544,50.0897399165738,2617700
WEGE3,2026-04-07,50.428253173828125,50.51785930104742,49.32311220412228,50.010089980805986,3983500
WEGE3,2026-04-08,52.53896713256836,52.668399040577754,51.69268625465593,52.011288750831994,10118800
WEGE3,2026-04-09,52.2701530456543,52.63853210844182,51.67278138718823,52.31993338419374,6218000
WEGE3,2026-04-10,52.64849090576172,53.10647610104039,52.08098668596066,52.270153493228875,6331700
WEGE3,2026-04-13,51.81216812133789,52.64849072629863,51.81216812133789,52.53897170214957,5536700
WEGE3,2026-04-14,51.67278289794922,52.12080975589958,50.36851672130317,52.061074867104324,11897600
WEGE3,2026-04-15,49.74127197265625,51.87190234920693,49.094119980543056,51.672780996554465,14915400
WEGE3,2026-04-16,48.18810272216797,50.03000176547967,47.94915178888614,49.980221428794856,10979400
WEGE3,2026-04-17,48.43701171875,49.731319556466566,48.38722758045603,48.885038579423664,9369900
WEGE3,2026-04-20,48.26774978637695,48.80538652980102,48.028802654630375,48.53656815808899,4448400
WEGE3,2026-04-22,46.9833984375,48.71578230103871,46.4158942300296,48.06862651455672,10210700
WEGE3,2026-04-23,48.068626403808594,48.835255759045346,47.09291735114263,47.25221671080246,10526700
WEGE3,2026-04-24,47.590728759765625,48.417096806675694,47.16261101464293,48.417096806675694,5113600
WEGE3,2026-04-27,47.97901916503906,48.297617876977355,47.4115149720242,47.670378799221716,5188300
WEGE3,2026-04-28,47.08296203613281,47.78985269573817,46.804185312770215,47.49116687598906,6446500
WEGE3,2026-04-29,43.906925201416016,46.585150599898974,43.707803855592516,45.8185212648906,18546300
WEGE3,2026-04-30,44.66360092163086,45.26097256757659,43.906926118903556,44.12596416148193,11343400
WEGE3,2026-05-04,44.16579055786133,44.922461572994926,43.83723348947682,44.72333642227671,7037600
WEGE3,2026-05-05,43.34938049316406,44.54412758941868,43.27968726069887,44.07618405886984,7527400
WEGE3,2026-05-06,44.743247985839844,45.151452823567936,43.80736474270613,43.87705797368437,6614900
WEGE3,2026-05-07,44.11600875854492,44.8527668544054,44.11600875854492,44.573993931430756,4182700
WEGE3,2026-05-08,45.32071304321289,46.36611536394809,44.514257871104704,44.61382234802967,10953200
WEGE3,2026-05-11,43.96666717529297,45.08176274696442,43.827280703583604,44.92246337958278,6362800
WEGE3,2026-05-12,43.200035095214844,43.926838651050424,42.85156893762117,43.817319630664905,7511100
WEGE3,2026-05-13,43.12038803100586,43.30955483426766,42.00528871220989,43.190081263681066,9255500
WEGE3,2026-05-14,43.528594970703125,44.27531146925089,43.38920849865365,43.6679814427526,7130800
WEGE3,2026-05-15,42.94117736816406,43.309556439961504,42.642491531625694,42.94117736816406,5283900
WEGE3,2026-05-18,42.154632568359375,43.08056126490783,41.826075509198716,43.08056126490783,6993100
WEGE3,2026-05-19,41.63690948486328,42.23428113336494,41.32826531427285,42.0052885415061,6814600
WEGE3,2026-05-20,42.39358139038086,42.71218008751698,41.62695208852331,42.06502434758646,6975500
WEGE3,2026-05-21,42.28406524658203,42.642489754690935,41.746428484418686,41.93559528681113,3527300
WEGE3,2026-05-22,42.54292678833008,43.08056356953817,41.865903537474665,41.95550966767601,4827600
WEGE3,2026-05-25,43.12038803100586,43.32946772903148,42.81174385916113,43.08056224147822,2514500
WEGE3,2026-05-26,43.24981689453125,43.24981689453125,42.47323297535483,42.81174459617468,3932200
WEGE3,2026-05-27,43.25977325439453,44.16578905115739,43.20999291791231,43.98657680142441,3920700
WEGE3,2026-05-28,43.528594970703125,43.80736791480207,43.090518860837335,43.697848887335624,4259200
WEGE3,2026-05-29,43.906925201416016,44.10605034523574,42.911303280313646,43.40911424086483,25788200
WEGE3,2026-06-01,42.81174087524414,44.66359818124803,42.65244152623284,44.35495403091536,10985100
WEGE3,2026-06-02,41.81612014770508,43.170166550643486,41.44774110508089,42.69226849042926,9991100
WEGE3,2026-06-03,41.597084045410156,42.264152729911466,41.10923141456248,41.41787178975287,6573100
WEGE3,2026-06-05,42.27410888671875,42.473234044802446,41.33822558112081,41.73647209929172,10064100
WEGE3,2026-06-08,43.80736541748047,44.16578992403017,42.134720252246055,42.36371284298696,9657900
WEGE3,2026-06-09,43.14030075073242,43.97661953944163,42.592705641939986,43.89697175870584,9564900
WEGE3,2026-06-10,42.20441436767578,43.03078241929495,41.885815643628874,42.94117629078199,7939100
WEGE3,2026-06-11,42.16458511352539,42.60266117159585,41.49752027673056,41.92563798911975,9103200
WEGE3,2026-06-12,42.4234504699707,43.04073499476506,41.67673403259172,41.67673403259172,5024100
WEGE3,2026-06-15,42.59270477294922,43.767538949304196,42.26415151237333,43.080561187739164,6230000
WEGE3,2026-06-16,42.64249038696289,42.88143753058088,41.99533459350445,42.5927062505458,5226700
WEGE3,2026-06-17,43.608238220214844,44.19565528989931,42.41349118719606,42.43340408084592,9704200
WEGE3,2026-06-18,45.609439849853516,46.027599217880265,43.618196082877965,43.618196082877965,16176500
WEGE3,2026-06-19,44.96228790283203,45.99773566060763,44.653643725611495,45.848390846275926,10422100
WEGE3,2026-06-22,45.156307220458984,45.7051676518341,44.517632987091666,44.92678390576752,5109100
WEGE3,2026-06-23,45.615352630615234,46.044462583464224,44.33800419802212,44.86690556961797,8107300
WEGE3,2026-06-24,46.513492584228516,46.513492584228516,45.28603980934681,45.43572694376725,9621200
WEGE3,2026-06-25,46.40372085571289,47.271918438077385,46.13427943908966,46.7929127441246,7163600
WEGE3,2026-06-26,46.802894592285156,47.22202315071929,46.084384141485046,46.50351269991918,6014600
WEGE3,2026-06-29,46.693119049072266,46.80289189570864,45.91473150328645,46.80289189570864,3248800
WEGE3,2026-06-30,46.812870025634766,47.042393340742144,46.08438198895516,46.15423674543137,6927400
WEGE3,2026-07-01,46.164215087890625,47.03241645791906,46.004546526758745,46.81287075881319,4539000
WEGE3,2026-07-02,46.164215087890625,46.353824121408884,45.81494130003926,46.30392840982994,7406500
WEGE3,2026-07-03,46.38376235961914,46.80289472605007,46.17419807980313,46.204134746405735,2348100
WEGE3,2026-07-06,46.164215087890625,46.45361554456677,45.67523178489871,46.10434175671541,3598900
WEGE3,2026-07-07,45.7750244140625,46.333866296146915,45.665251561617445,46.15423868429117,4428600
WEGE3,2026-07-08,45.256099700927734,45.884796329585484,45.026576380865116,45.605377297648175,3293300
WEGE3,2026-07-09,45.645294189453125,45.84487703170311,45.06649328789181,45.415767068627986,4324900
WEGE3,2026-07-10,46.4136962890625,46.703096738483815,46.01452679963877,46.703096738483815,7150700
WEGE3,2026-07-13,44.29808807373047,46.39374222160605,44.09850142058059,46.39374222160605,10194000
WEGE3,2026-07-14,44.108482360839844,44.68727946111669,44.05858664980199,44.52761090171631,6736400
WEGE3,2026-07-15,44.168357849121094,44.27813070284634,43.12053263894183,44.118462135645686,7916900
WEGE3,2026-07-16,43.39995193481445,44.25816803403275,43.03071531035692,43.97874901599882,5658700
WEGE3,2026-07-17,43.5396614074707,43.92885326992111,43.0606557454703,43.21034287352121,8201000
WEGE3,2026-07-20,43.04069900512695,43.69933230149602,42.93092615459897,43.53966373894591,3975400
WEGE3,2026-07-21,42.38206481933594,43.25026237205743,42.37208339306169,43.00078001038354,8949800
WEGE3,2026-07-22,46.64322280883789,46.96255991898871,44.70723729590007,44.70723729590007,34084500
WEGE3,2026-07-23,45.575435638427734,46.76297410683873,44.587487625916324,46.33386414365137,13598900
WEGE3,2026-07-24,45.894775390625,46.094358227837276,44.84694646126754,45.325952122814485,7721100
WEGE3,2026-07-27,46.30392837524414,48.38960109479576,45.37585367473369,47.95050969691198,12593500
WEGE3,2026-07-28,46.60330581665039,47.47150336740848,46.114318713883954,46.95257959948447,10923600
WEGE3,2026-07-29,45.54549789428711,46.58334539958201,45.23614221196937,46.51349064507164,6456400
WEGE3,2026-07-30,46.72305679321289,46.86276630786892,45.715149718338175,45.82491876071165,7612900
WEGE3,2026-07-31,47.102272033691406,47.67109153052947,46.812871571988154,46.9026853771099,5153000
WEGE3,2026-08-03,48.10020065307617,48.529310624703854,47.17212595228131,47.800822576935616,6927700
WEGE3,2026-08-04,49.06818771362305,49.06818771362305,48.26984493964193,48.7987501204283,6265600
WEGE3,2026-08-05,48.69895553588867,49.856553525108694,48.69895553588867,49.078169786074156,5897400
WEGE3,2026-08-06,48.29978561401367,49.02827363626074,48.15009467778814,48.69895509928402,5958300
WEGE3,2026-08-07,48.020362854003906,48.29978568156244,47.561316232241616,48.020362854003906,6880500
WEGE3,2026-08-10,47.53137969970703,48.0303444134778,47.371711143572334,47.53137969970703,3125400
WEGE3,2026-08-11,47.261940002441406,47.84073711176045,46.8328300285744,47.47150427615353,5572800
WEGE3,2026-08-12,47.541358947753906,47.98045034726656,47.26193991664498,47.26193991664498,8033500
WEGE3,2026-08-13,47.401649475097656,48.04032372209538,47.14218948980438,47.301858051553815,4982500
WEGE3,2026-08-14,47.401649475097656,47.511422325075166,46.563388574213455,47.401649475097656,7327700
WEGE3,2026-08-17,47.8906364440918,48.29978737028059,47.39167171426162,47.40164933386676,7151700
WEGE3,2026-08-18,48.3696403503418,48.4195360601314,47.501439011448326,47.74094374795654,5889600
WEGE3,2026-08-19,48.4095573425293,48.868607795953274,48.100201640446606,48.549270667275024,5763600
WEGE3,2026-08-20,48.29978561401367,48.97837792645178,47.65112996610121,47.90061232194468,5478400
WEGE3,2026-08-21,49.16798400878906,49.53721683600964,48.110177431012694,48.389600263081164,7851700
WEGE3,2026-08-24,48.96839904785156,49.56715521030499,48.5392890689337,48.808730484077394,7208200
WEGE3,2026-08-25,49.47734451293945,49.746782117477146,48.07026031813825,48.908521217807696,10726700
WEGE3,2026-08-26,50.31560134887695,50.41539657856538,49.527239971731625,49.67692710606611,6706500
WEGE3,2026-08-27,50.14595413208008,50.99419262950524,49.88649415385079,49.88649415385079,8768100
WEGE3,2026-08-28,49.87651443481445,50.345542503711684,49.76674158406839,50.21581060675736,3841400
WEGE3,2026-08-31,50.046165466308594,50.44533497838949,49.42744644136503,50.12599784600521,11278700
WEGE3,2026-09-01,49.59709548950195,50.43535639774251,49.44740454607375,50.20583307613839,7960100
WEGE3,2026-09-02,50.73473358154297,50.89440214187297,49.52723985612239,49.89647268811076,9517600
WEGE3,2026-09-03,51.95220947265625,52.281524217549006,50.864466200303475,51.11394856729449,10693400
WEGE3,2026-09-04,51.632869720458984,52.43121249285214,50.974236457384805,51.83245255845831,6753800
WEGE3,2026-09-08,52.54098892211914,52.88028509938247,51.942228946878565,52.54098892211914,7319400
WEGE3,2026-09-09,51.58297348022461,52.3414020172653,51.213740638317326,51.82247823055295,8047200
WEGE3,2026-09-10,52.06197738647461,52.11187690422885,50.754692248166094,51.493157906624596,9970000
WEGE3,2026-09-11,51.38338851928711,52.33141844145508,50.96425617512556,52.24160463962037,6431100
WEGE3,2026-09-14,50.63494110107422,51.18380152781747,49.77672117967994,49.96632640148618,8262100
WEGE3,2026-09-15,50.77465057373047,51.183801488640306,50.36549965882064,51.03411055109823,7058800
WEGE3,2026-09-16,51.17382049560547,51.672785215903644,50.10603629871127,50.844505759744,6862600
WEGE3,2026-09-17,50.974239349365234,51.732664074467664,50.585043656869175,51.60293217696898,6504800
WEGE3,2026-09-18,51.672786712646484,51.672786712646484,50.844507232495076,50.89440294461042,11143400
WEGE3,2026-09-21,51.08000183105469,52.060001373291016,50.810001373291016,52.0,8468900
WEGE3,2026-09-22,51.79999923706055,52.0,50.619998931884766,50.709999084472656,6752500
WEGE3,2026-09-23,51.15999984741211,51.91999816894531,51.130001068115234,51.400001525878906,4820900
WEGE3,2026-09-24,50.7400016784668,51.31999969482422,50.08000183105469,51.0,6455000
WEGE3,2026-09-25,51.06999969482422,51.2599983215332,50.25,50.63999938964844,6029900
WEGE3,2026-09-28,50.119998931884766,51.36000061035156,50.04999923706055,50.66999816894531,8194700
WEGE3,2026-09-29,50.290000915527344,50.4900016784668,49.58000183105469,50.34000015258789,13012200
WEGE3,2026-09-30,49.459999084472656,51.11000061035156,49.25,50.790000915527344,8926600
WEGE3,2026-10-01,49.63999938964844,50.060001373291016,49.18000030517578,49.91999816894531,10072700
WEGE3,2026-10-02,51.45000076293945,51.529998779296875,49.83000183105469,50.38999938964844,11748300
WEGE3,2026-10-05,51.25,52.5,49.95000076293945,52.5,22279300
WEGE3,2026-10-06,50.75,51.7400016784668,50.66999816894531,51.68000030517578,13060600
WEGE3,2026-10-07,51.27000045776367,51.560001373291016,50.31999969482422,50.97999954223633,11063400
WEGE3,2026-10-08,51.77000045776367,52.709999084472656,50.65999984741211,51.25,15603900
WEGE3,2026-10-09,51.470001220703125,52.290000915527344,51.2400016784668,52.220001220703125,8425000
MGLU3,2024-10-09,8.463419914245605,8.719886017030827,8.463419914245605,8.674088465919237,18004035
MGLU3,2024-10-10,8.435940742492676,8.536695906364065,8.307707231092154,8.5183767022785,18369540
MGLU3,2024-10-11,8.655771255493164,8.67408954445677,8.179473729674807,8.445101760426446,29925105
MGLU3,2024-10-14,8.976354598999023,9.214502432204885,8.51837722058904,8.619131473392516,25906650
MGLU3,2024-10-15,8.884759902954102,9.132067808848449,8.802323017124131,9.067950129069747,17224620
MGLU3,2024-10-16,8.976354598999023,9.132067384601626,8.774844258995119,8.838961935795115,22507065
MGLU3,2024-10-17,8.765685081481934,8.9122378053249,8.765685081481934,8.884759456228867,15796515
MGLU3,2024-10-18,8.609972953796387,8.90307842385923,8.573334540738895,8.829802514942791,25355925
MGLU3,2024-10-21,8.857280731201172,8.967195051500621,8.655771296851935,8.655771296851935,24262455
MGLU3,2024-10-22,8.518377304077148,8.985514748264865,8.380983722328175,8.765685200906207,32968950
MGLU3,2024-10-23,8.38098430633545,8.536697104314628,8.298548334981426,8.390144368262868,21991935
MGLU3,2024-10-24,8.683248519897461,8.710726867103963,8.316867194083255,8.408462296237204,26403195
MGLU3,2024-10-25,8.362666130065918,8.719887454503592,8.362666130065918,8.66493075098944,21516075
MGLU3,2024-10-28,8.674088478088379,8.793162844904296,8.490898273385016,8.50005741674082,22672335
MGLU3,2024-10-29,8.454259872436523,8.719886036351664,8.380983056736888,8.655770198412103,18714255
MGLU3,2024-10-30,8.793163299560547,8.866439201790987,8.399302688126353,8.472578590356793,26669475
MGLU3,2024-10-31,8.66493034362793,8.857280631281686,8.609972725498919,8.71988704455842,14264145
MGLU3,2024-11-01,8.115357398986816,8.784004256557465,8.042080578716813,8.784004256557465,30144345
MGLU3,2024-11-04,8.958035469055176,9.049630578627271,8.371823649318916,8.371823649318916,47535915
MGLU3,2024-11-05,9.141225814819336,9.177865143233564,8.619131665189922,8.838962132484305,39009705
MGLU3,2024-11-06,8.912238121032715,9.086270117335111,8.738207041928826,8.921397265323023,30775185
MGLU3,2024-11-07,8.591654777526855,9.251141635247405,8.573334653558485,8.985515430081483,41591550
MGLU3,2024-11-08,8.793163299560547,9.086269660077694,8.307707581038686,8.912237672533282,63494445
MGLU3,2024-11-11,8.609972953796387,8.765685750691453,8.445101929434763,8.701568986440115,34669740
MGLU3,2024-11-12,8.454259872436523,8.78400370868805,8.454259872436523,8.646610137850443,31031070
MGLU3,2024-11-13,8.481739044189453,8.738207006869647,8.271070471571067,8.518377455600696,36576540
MGLU3,2024-11-14,8.24359130859375,8.74736626167015,8.2252711854581,8.48173915137947,37458330
MGLU3,2024-11-18,8.454259872436523,8.664929341775352,8.243590403097695,8.335185505523825,30709980
MGLU3,2024-11-19,8.591654777526855,8.619132211883743,8.335186799948005,8.500058743677782,22281735
MGLU3,2024-11-21,8.371824264526367,8.52753706287974,8.344346830273729,8.445102008526167,30852465
MGLU3,2024-11-22,8.628292083740234,8.637452145522575,8.353505822645145,8.472579288227278,25803120
MGLU3,2024-11-25,9.168704986572266,9.168704986572266,8.609972431532064,8.637451698257616,23452485
MGLU3,2024-11-26,9.745757102966309,9.837352216200763,9.095428497087,9.113747703173594,38195010
MGLU3,2024-11-27,8.829802513122559,9.846512513467818,8.829802513122559,9.764075625506184,41498730
MGLU3,2024-11-28,8.234431266784668,8.967194920035766,8.115357803705345,8.820642189385547,32984280
MGLU3,2024-11-29,8.27107048034668,8.445101558936974,7.96880496168098,8.24359121315984,40005840
MGLU3,2024-12-02,8.42678165435791,8.609972799156612,8.115357900558205,8.252750571258334,25693500
MGLU3,2024-12-03,8.527536392211914,8.61913150131121,8.39014372856297,8.500058042921822,24875130
MGLU3,2024-12-04,8.463419914245605,8.70156773034492,8.463419914245605,8.555015016468785,23444820
MGLU3,2024-12-05,8.417622566223145,8.857280766364935,8.417622566223145,8.609972856810453,27113625
MGLU3,2024-12-06,7.82225227355957,8.555015920361456,7.767294656099988,8.417622335311755,35404530
MGLU3,2024-12-09,7.74897575378418,8.16115560787862,7.712337340709442,7.886369344215175,32123490
MGLU3,2024-12-10,7.987123012542725,8.04208062808258,7.6299012631290966,7.950485519381298,29508150
MGLU3,2024-12-11,8.435940742492676,8.729046173464846,7.968804248505287,8.060399351734683,39928770
MGLU3,2024-12-12,7.675698757171631,8.188633287985475,7.611581998144805,8.15199487791344,40498290
MGLU3,2024-12-13,7.51082706451416,7.877209800923087,7.501668378907492,7.684859059213081,25468380
MGLU3,2024-12-16,7.107807636260986,7.574944161570415,7.0711683084347285,7.556624497657286,25782015
MGLU3,2024-12-17,6.842180252075195,7.20856253336252,6.805542299106015,7.190243327578303,41089230
MGLU3,2024-12-18,6.155215263366699,6.732266593988737,6.0636187731140705,6.640670103736109,40113045
MGLU3,2024-12-19,6.530755996704102,6.530755996704102,6.155215032600399,6.182693382466945,39780615
MGLU3,2024-12-20,6.68646764755249,6.9520947447983215,6.3933626599489015,6.512436575494085,39482100
MGLU3,2024-12-23,6.393362998962402,6.658989651694077,6.35672412834539,6.594872430663009,22584240
MGLU3,2024-12-26,5.981183052062988,6.484958456893342,5.972023449218882,6.43916090127206,30030000
MGLU3,2024-12-27,5.962864398956299,6.164373830305681,5.752194447419925,6.100257526584884,33883500
MGLU3,2024-12-30,5.953704357147217,6.219330989837776,5.871267936326971,5.990342307801434,25178895
MGLU3,2025-01-02,5.88958740234375,6.017820923223574,5.724715470584407,5.953704621382908,29886990
MGLU3,2025-01-03,5.733875274658203,6.008662448705679,5.633120099800598,5.889587609165746,21285600
MGLU3,2025-01-06,6.091097831726074,6.1277357845281095,5.83463032771482,5.871268280516856,32892720
MGLU3,2025-01-07,6.045300483703613,6.237650774369015,5.990342864714127,6.155215263083319,22956255
MGLU3,2025-01-08,5.651439666748047,5.935385521728031,5.559844096516011,5.91706585736252,27441855
MGLU3,2025-01-09,5.504886627197266,5.651439818667656,5.404131909972908,5.6148018647495075,25137630
MGLU3,2025-01-10,5.5232062339782715,5.623961408742446,5.4041318531480185,5.514046630945232,19073040
MGLU3,2025-01-13,5.321695327758789,5.5690032079827265,5.285057378058509,5.5598436059078535,17932110
MGLU3,2025-01-14,5.4132914543151855,5.422451057345068,5.23010076951532,5.367493897765034,26096805
MGLU3,2025-01-15,5.834630012512207,5.88958716804595,5.495726559755797,5.504886162111292,34238610
MGLU3,2025-01-16,5.440769672393799,5.807151950275421,5.422450925379117,5.752194333433628,30684045
MGLU3,2025-01-17,5.550684452056885,5.614801671758533,5.404131724223045,5.504886437984278,24618720
MGLU3,2025-01-20,5.596481800079346,5.6972369687050275,5.3583335115272455,5.504886233928656,18469395
MGLU3,2025-01-21,5.642279624938965,5.724715592575307,5.54152445147249,5.596482068962888,17863125
MGLU3,2025-01-22,5.834630012512207,5.962863986889911,5.596481727067016,5.715556099089225,23871855
MGLU3,2025-01-23,5.761354446411133,5.9353855255035235,5.651439670342922,5.834630352324268,19196625
MGLU3,2025-01-24,5.834630012512207,6.036139888535418,5.788832000734732,5.797992061689453,15180375
MGLU3,2025-01-27,6.420841217041016,6.448319566888735,5.7705140031219235,5.816311558600955,28981995
MGLU3,2025-01-28,6.191853046417236,6.448319634967013,6.191853046417236,6.3933629346913685,19353285
MGLU3,2025-01-29,6.036140441894531,6.283448352367003,5.917066058956258,6.255969542781417,21692580
MGLU3,2025-01-30,6.658989429473877,6.796382552756924,6.146055347136763,6.146055347136763,33369210
MGLU3,2025-01-31,6.8330206871032715,6.924616716532673,6.594872386384596,6.695627560157681,27166020
MGLU3,2025-02-03,6.613192081451416,6.704787194105872,6.48495855685577,6.704787194105872,24056340
MGLU3,2025-02-04,6.631511211395264,6.6864679114784815,6.237650580539173,6.549074785472677,30244725
MGLU3,2025-02-05,6.301766395568848,6.604031432817509,6.283447649825912,6.604031432817509,21965685
MGLU3,2025-02-06,6.768904685974121,6.796383037430761,6.329246476675108,6.329246476675108,28730310
MGLU3,2025-02-07,6.475798606872559,6.823861667266281,6.3750434380323915,6.723106498426114,32135880
MGLU3,2025-02-10,6.649829864501953,6.842180146469643,6.539916007290876,6.558234295593853,21918015
MGLU3,2025-02-11,6.658989429473877,6.842180107651525,6.4849583539949975,6.640669765477095,27440070
MGLU3,2025-02-12,6.494117259979248,6.594872434487236,6.375043796650279,6.512436924598007,25194330
MGLU3,2025-02-13,6.420841217041016,6.558234342077359,6.3933628671932965,6.457479169704391,25699590
MGLU3,2025-02-14,6.759744644165039,6.906297371092199,6.411681573763601,6.55823430069076,37153830
MGLU3,2025-02-17,7.290998458862305,7.345955617299648,6.796382657128463,6.796382657128463,40265610
MGLU3,2025-02-18,7.034530162811279,7.391752822204108,6.979573006981317,7.2452001009247216,41769420
MGLU3,2025-02-19,6.823861598968506,7.089487775654011,6.823861598968506,6.878817837587712,19883955
MGLU3,2025-02-20,6.750584602355957,6.988732898952021,6.704787047033319,6.942935343629383,22409205
MGLU3,2025-02-21,6.668148994445801,6.842180068940053,6.558234221281689,6.750584501069833,28604835
MGLU3,2025-02-24,6.29260778427124,6.833020191299058,6.201012220087272,6.823861506219185,32060490
MGLU3,2025-02-25,6.759744644165039,6.842180151787225,6.292608113709248,6.320086004784314,38796345
MGLU3,2025-02-26,6.741425037384033,6.915457032664093,6.558234356466722,6.915457032664093,24038070
MGLU3,2025-02-27,6.695627212524414,6.87881788607429,6.62235130998385,6.741424766262075,22567020
MGLU3,2025-02-28,6.549074649810791,6.878818053674346,6.411681526651039,6.613191868644636,31235505
MGLU3,2025-03-05,6.668148994445801,6.704786946434344,6.439160762669113,6.521596269293146,11439960
MGLU3,2025-03-06,6.512436866760254,6.604031978845765,6.301766916605514,6.484958516574303,36697080
MGLU3,2025-03-07,7.199402809143066,7.208562411880814,6.365884004599792,6.47579877885351,42929040
MGLU3,2025-03-10,7.556624412536621,7.776454415227777,7.0162119892575365,7.0162119892575365,41209455
MGLU3,2025-03-11,7.60242223739624,7.96880497679452,7.446710822834936,7.5291463315555385,37232685
MGLU3,2025-03-12,7.858889579772949,8.042080716385447,7.611582141525093,7.611582141525093,23080260
MGLU3,2025-03-13,7.74897575378418,8.060400430522362,7.547466316270211,7.923007757289913,25050270
MGLU3,2025-03-14,8.793163299560547,9.205343115851967,7.721496694401317,7.8222518625168265,68990040
MGLU3,2025-03-17,9.287778854370117,9.562566030517031,8.683249635002788,8.793163955142436,40030620
MGLU3,2025-03-18,9.187023162841797,9.480129528752236,9.187023162841797,9.251140839621112,27941865
MGLU3,2025-03-19,9.553406715393066,9.73659693995476,9.132067731383554,9.187023514674143,36316980
MGLU3,2025-03-20,9.498448371887207,9.69079864329776,9.406853266605545,9.571724272672848,18864195
MGLU3,2025-03-21,9.251140594482422,9.535085974473947,9.232822306971995,9.480129277545757,31040415
MGLU3,2025-03-24,9.351896286010742,9.388533780283797,9.113747528644105,9.296938668803401,24540075
MGLU3,2025-03-25,9.580883979797363,10.29532841116822,9.516768136088142,9.690799213237877,60765390
MGLU3,2025-03-26,9.608363151550293,9.837351843151305,9.443491220221686,9.690799117214597,28995015
MGLU3,2025-03-27,9.956424713134766,10.496838030016992,9.434330600560225,9.5992034393294,40345935
MGLU3,2025-03-28,9.672479629516602,9.928946663120836,9.342735776483465,9.883149109577003,32397960
MGLU3,2025-03-31,9.2969388961792,9.745757154686327,9.232823050333641,9.562566010046714,30495675
MGLU3,2025-04-01,9.571724891662598,9.718277619909676,9.296938640849138,9.33357613501203,26700450
MGLU3,2025-04-02,10.249530792236328,10.267850914894568,9.498448871577537,9.553406487956787,39647580
MGLU3,2025-04-03,10.80826473236084,10.854062289388072,10.203733677686655,10.222052883937254,34625745
MGLU3,2025-04-04,9.919787406921387,10.524317491567944,9.837351444596926,10.38692483249281,42220815
MGLU3,2025-04-07,9.287778854370117,9.965585815828094,9.205343802164279,9.535086762583223,56328930
MGLU3,2025-04-08,8.042080879211426,9.5442465788906,7.996283323430672,9.516768228861848,56292285
MGLU3,2025-04-09,8.948875427246094,9.04047145421593,7.767294475522339,7.932166406869559,56130060
MGLU3,2025-04-10,9.351896286010742,9.608363331914656,8.774844515528432,8.884759749943115,43742055
MGLU3,2025-04-11,9.590044021606445,9.654161699581772,9.187023334210936,9.47097056142004,28795725
MGLU3,2025-04-14,9.608363151550293,10.084659740144215,9.306098555580173,9.901468603423709,28517895
MGLU3,2025-04-15,9.571724891662598,9.873990409596354,9.379374607813027,9.617523364463592,24270750
MGLU3,2025-04-16,9.48012924194336,9.709117924146733,9.36105487038204,9.489288385664176,21185430
MGLU3,2025-04-17,9.34273624420166,9.599204207843712,9.306098749851516,9.53508652903432,28199640
MGLU3,2025-04-22,9.287778854370117,9.562566030517031,8.976355100174203,9.333576411328426,27106800
MGLU3,2025-04-23,8.73820686340332,9.645001569153292,8.710727596696799,9.49844884311297,36383025
MGLU3,2025-04-24,9.681638717651367,9.681638717651367,8.774844044225134,8.80232239275367,39585210
MGLU3,2025-04-25,9.571724891662598,9.800714504072067,9.470970636216514,9.782394381192868,20091540
MGLU3,2025-04-28,9.43508243560791,9.850225805791895,9.321860743457178,9.680394212355363,24289965
MGLU3,2025-04-29,9.416211128234863,10.020057313503996,9.36903589597044,9.519997206090332,35508375
MGLU3,2025-04-30,8.793496131896973,9.510563029408818,8.746320901879235,9.472821522689308,27377700
MGLU3,2025-05-02,8.80293083190918,8.94445746726516,8.642534860309285,8.87841101125339,15879465
MGLU3,2025-05-05,8.359482765197754,8.906717151118714,8.331176870471303,8.802931074963995,20914215
MGLU3,2025-05-06,8.246260643005371,8.557618855125602,8.151910184975328,8.491573345546675,18405240
MGLU3,2025-05-07,8.057559967041016,8.340612294354912,7.991513510704569,8.331176681397052,15524355
MGLU3,2025-05-08,8.510443687438965,8.831235624968615,8.236826034474792,8.331176493184747,24839115
MGLU3,2025-05-09,7.916033744812012,8.387787462713,7.463149363108081,8.350046900739857,51607500
MGLU3,2025-05-12,8.284001350402832,8.510443776378494,8.038689588319583,8.10473509906467,25225725
MGLU3,2025-05-13,8.642535209655762,8.878411370134396,8.057560253131728,8.321742308699442,40216260
MGLU3,2025-05-14,8.82180118560791,8.935021927951585,8.40665783382142,8.585924087931366,31186785
MGLU3,2025-05-15,9.152029991149902,9.284120074250508,8.784060913012167,8.784060913012167,33717180
MGLU3,2025-05-16,9.227509498596191,9.236944166416944,8.878410727807077,8.963327462141283,20626935
MGLU3,2025-05-19,9.340730667114258,9.595478047495376,9.085983286733141,9.161464411937708,34666380
MGLU3,2025-05-20,9.05767822265625,9.302990931679973,8.887846637882756,9.218074194503707,21422415
MGLU3,2025-05-21,8.689709663391113,8.982196643059517,8.604793875309117,8.982196643059517,21280455
MGLU3,2025-05-22,8.93502140045166,9.510562580759856,8.680274036625857,8.680274036625857,41244735
MGLU3,2025-05-23,8.491573333740234,8.708580142739208,8.30287147315302,8.614229684840348,45123015
MGLU3,2025-05-26,8.529313087463379,8.746320844748606,8.46326852170156,8.68027438940777,17258220
MGLU3,2025-05-27,8.812366485595703,9.22750983588353,8.670839849584876,8.878411052334028,31090710
MGLU3,2025-05-28,9.010502815246582,9.218074013274785,8.708580213760557,8.736885162403153,42432390
MGLU3,2025-05-29,8.567054748535156,9.104854455466386,8.567054748535156,9.019937717751429,32360160
MGLU3,2025-05-30,8.699145317077637,8.802930440968103,8.510443459913148,8.680274092092764,29169210
MGLU3,2025-06-02,9.001068115234375,9.331295664186749,8.840671202322154,8.916152324819551,29642025
MGLU3,2025-06-03,9.670958518981934,9.708700027509673,8.89728263108661,8.982197482313174,41178690
MGLU3,2025-06-04,9.472821235656738,9.850224953942083,8.87841071003364,9.75587449676549,58939545
MGLU3,2025-06-05,9.491691589355469,9.840790362141865,9.397341131450196,9.538866818308106,49583520
MGLU3,2025-06-06,8.963327407836914,9.859659581746916,8.963327407836914,9.60491315944563,45597720
MGLU3,2025-06-09,8.944457054138184,9.123723298491553,8.802930425319042,8.897281826128294,27079815
MGLU3,2025-06-10,8.963327407836914,9.397341020751785,8.878410674017177,9.18033421429435,37953405
MGLU3,2025-06-11,9.001068115234375,9.1992046446058,8.840671202322154,9.001068115234375,28747215
MGLU3,2025-06-12,9.07654857635498,9.13315847520616,8.736885404089795,8.878411096007271,25304580
MGLU3,2025-06-13,8.434962272644043,8.812365983998184,8.434962272644043,8.79349570395153,50894655
MGLU3,2025-06-16,9.001068115234375,9.067112680235352,8.623663447536883,8.633099060243806,35399280
MGLU3,2025-06-17,8.80293083190918,8.963327748298592,8.661405141342717,8.89728223707634,23528925
MGLU3,2025-06-18,8.82180118560791,8.982197158528988,8.736885392652773,8.82180118560791,24045105
MGLU3,2025-06-20,8.35004711151123,8.670840006801352,8.302871880248764,8.670840006801352,28290150
MGLU3,2025-06-23,8.406658172607422,8.44439873650609,8.076429655678426,8.397222559237973,37725345
MGLU3,2025-06-24,8.58592414855957,8.982197221955415,8.510443968060637,8.557619198971162,30730560
MGLU3,2025-06-25,8.614230155944824,8.699145950613564,8.491573798136745,8.633099492724948,24805620
MGLU3,2025-06-26,8.887846946716309,8.991633023771955,8.661405455676308,8.802931151378921,28136850
MGLU3,2025-06-27,8.774625778198242,8.906716799068795,8.633099144528646,8.802930727016358,22057560
MGLU3,2025-06-30,9.29355525970459,9.397341332494458,8.680274435831462,8.727449665793353,37561860
MGLU3,2025-07-01,9.16146469116211,9.369035902221992,9.02937366281776,9.218074592001368,18460050
MGLU3,2025-07-02,8.557619094848633,9.236944490231648,8.519879477453118,9.180334591743618,26958645
MGLU3,2025-07-03,8.6708402633667,8.859542138789685,8.60479474868709,8.765191673472975,26035695
MGLU3,2025-07-04,8.727449417114258,8.736885029711486,8.585923731261202,8.585923731261202,16310595
MGLU3,2025-07-07,8.595359802246094,8.793496339880617,8.491573726878618,8.708580545924459,17286990
MGLU3,2025-07-08,8.397222518920898,8.736885702798975,8.312307667740939,8.651969906829455,22664355
MGLU3,2025-07-09,8.066994667053223,8.491573632094822,8.000949155245587,8.491573632094822,20102670
MGLU3,2025-07-10,7.8688578605651855,7.934903370097695,7.670721331967656,7.774507402601455,27701730
MGLU3,2025-07-11,7.585805416107178,7.774507757841235,7.472585144814188,7.774507757841235,25093320
MGLU3,2025-07-14,7.500889301300049,7.557500143117218,7.368798754244233,7.557500143117218,19896135
MGLU3,2025-07-15,7.595240592956543,7.774507794837225,7.482019376335239,7.736766759437096,24724665
MGLU3,2025-07-16,7.651850700378418,7.708461542928184,7.425409219758372,7.604675470648368,21844725
MGLU3,2025-07-17,7.736766815185547,7.765072710038298,7.566935697622002,7.680155970269591,22185345
MGLU3,2025-07-18,7.434844017028809,7.680155782763043,7.387668314083946,7.595240462251815,24625335
MGLU3,2025-07-21,7.170661926269531,7.529195376879078,7.161226785738253,7.491454342359204,21647010
MGLU3,2025-07-22,7.0763115882873535,7.283882321596203,7.000830462730012,7.227272894612501,22623300
MGLU3,2025-07-23,7.359364032745361,7.453714496353741,6.9725256202877235,7.010265711252121,20511330
MGLU3,2025-07-24,7.114051342010498,7.293317589541401,7.048005360273342,7.2650126411916505,16325925
MGLU3,2025-07-25,7.0763115882873535,7.161226909749827,6.925350281962206,7.114051678671256,16280145
MGLU3,2025-07-28,6.774388790130615,7.123486624299962,6.76495317729956,7.057440641245858,16992360
MGLU3,2025-07-29,6.585687160491943,6.840433599361353,6.557381738176025,6.840433599361353,22201725
MGLU3,2025-07-30,6.925350189208984,7.057440739980902,6.529076647314187,6.547945983661265,29697360
MGLU3,2025-07-31,6.661167144775391,6.746082936815731,6.576251825129807,6.680037898155725,21455490
MGLU3,2025-08-01,6.812129020690918,6.981960607275288,6.774388930558149,6.85930425145557,26666745
MGLU3,2025-08-04,6.774388790130615,6.963090181672362,6.727213087949113,6.897044198618258,15100470
MGLU3,2025-08-05,6.793258190155029,6.887609123011355,6.698907257298704,6.774388853894331,15683955
MGLU3,2025-08-06,6.925350189208984,7.019700650102463,6.802693361821083,6.849869064662584,14000910
MGLU3,2025-08-07,7.000830173492432,7.057440542926827,6.8687391540139275,6.953654471968146,18451335
MGLU3,2025-08-08,6.64229679107666,6.944219393961724,6.557381472360644,6.944219393961724,34780410
MGLU3,2025-08-11,6.623426914215088,6.953654462459799,6.547945791879442,6.547945791879442,28940520
MGLU3,2025-08-12,6.632862567901611,6.887608995385344,6.613991814806306,6.793258064277323,21292005
MGLU3,2025-08-13,6.349809646606445,6.651732264613072,6.321504696415059,6.613992173559632,21171150
MGLU3,2025-08-14,6.302634239196777,6.359244610398034,6.161108074996253,6.293198626202678,19710600
MGLU3,2025-08-15,6.246023178100586,6.302634019725293,6.151672720182234,6.28376421157847,13254045
MGLU3,2025-08-18,6.519641399383545,6.5951215778974515,6.246023272198178,6.246023272198178,17826795
MGLU3,2025-08-19,6.472465991973877,6.547946173923972,6.340375437363824,6.359244774259185,17640105
MGLU3,2025-08-20,6.302634239196777,6.538511809390667,6.255458536200094,6.538511809390667,20240430
MGLU3,2025-08-21,6.302634239196777,6.48190143818941,6.246023395600758,6.264894149194194,15171030
MGLU3,2025-08-22,6.5102057456970215,6.651731906212745,6.3309399685560726,6.378115197929731,24534090
MGLU3,2025-08-25,6.717778205871582,6.830999423066804,6.538511947871742,6.566816897874467,16645755
MGLU3,2025-08-26,6.604557037353516,6.830999473412895,6.585687228010881,6.670603023434454,16930935
MGLU3,2025-08-27,6.774388790130615,6.774388790130615,6.491335521831109,6.5762517857578136,18623850
MGLU3,2025-08-28,7.397103786468506,7.519760139399016,6.793258107015099,6.793258107015099,45803730
MGLU3,2025-08-29,7.727332592010498,7.925469131335989,7.2461423014943405,7.331059040964744,30910530
MGLU3,2025-09-01,7.8122477531433105,8.368918213676217,7.736766628410907,7.774507663171871,30854040
MGLU3,2025-09-02,7.689590930938721,7.963209535894117,7.62354636393504,7.727332438121372,15819615
MGLU3,2025-09-03,7.755636692047119,7.934903413468593,7.632980340192256,7.736766411393332,16418640
MGLU3,2025-09-04,8.161346435546875,8.199086054834943,7.699026887569755,7.84998819909073,26548620
MGLU3,2025-09-05,8.746320724487305,8.746320724487305,8.246260651030823,8.378351670317235,32295480
MGLU3,2025-09-08,8.406658172607422,8.868976773602627,8.331177044810087,8.821801541124074,29259930
MGLU3,2025-09-09,8.416093826293945,8.604794757112122,8.33117708472037,8.491574009663303,19192110
MGLU3,2025-09-10,8.727449417114258,8.972762117589397,8.444398045408148,8.491573274025832,32090415
MGLU3,2025-09-11,9.43508243560791,9.43508243560791,8.774626343886904,8.821801576554925,38184930
MGLU3,2025-09-12,9.29355525970459,9.538867022380133,9.18976918691472,9.302990872570676,20654025
MGLU3,2025-09-15,9.982316017150879,10.227627773795612,9.416210437156936,9.45395194290392,28773570
MGLU3,2025-09-16,10.133277893066406,10.482375739823214,9.76530976475659,10.227628356041908,36285480
MGLU3,2025-09-17,10.671077728271484,11.444753611741652,10.13327800484191,10.171018568364227,52012695
MGLU3,2025-09-18,10.595597267150879,10.803168471481447,10.510680529065812,10.661641834392375,20073480
MGLU3,2025-09-19,10.482375144958496,10.699382898108347,10.293674229716089,10.661641392354579,17667300
MGLU3,2025-09-22,10.227627754211426,10.510680071271654,10.142712909403896,10.30310887598188,15566775
MGLU3,2025-09-23,10.378589630126953,10.765428038739296,10.142713473450685,10.388025243267728,26995920
MGLU3,2025-09-24,10.265368461608887,10.680512747692548,10.265368461608887,10.42576537526562,21153720
MGLU3,2025-09-25,10.3974609375,10.973000275942084,10.180453171044181,10.265368966025726,37707600
MGLU3,2025-09-26,10.557855606079102,10.784298033166046,10.397460579640398,10.529550656989302,24341625
MGLU3,2025-09-29,10.02005672454834,11.322097593505395,10.02005672454834,10.925824532028772,42088620
MGLU3,2025-09-30,9.05767822265625,10.33141416366794,9.019937660531136,10.255933039417712,53095350
MGLU3,2025-10-01,9.05767822265625,9.123723733980441,8.633099260722513,9.114289065843922,46123455
MGLU3,2025-10-02,8.642535209655762,9.189769602587392,8.585924364267155,9.104854751688817,22836450
MGLU3,2025-10-03,8.633099555969238,8.80293114655087,8.368918446427164,8.585924324094242,34357575
MGLU3,2025-10-06,8.453832626342773,8.699145324297035,8.3500465575767,8.633098871163599,21915600
MGLU3,2025-10-07,8.472702026367188,8.472702026367188,8.180215042839338,8.312307005323913,21778680
MGLU3,2025-10-08,8.576488494873047,8.661405232815047,8.293436165961314,8.58592410788417,28115955
MGLU3,2025-10-09,8.463268280029297,8.661404806025406,8.35948221075815,8.60479396511674,19640250
MGLU3,2025-10-10,8.312307357788086,8.633099303056044,8.208521283829853,8.538748842070119,20879565
MGLU3,2025-10-13,8.114171028137207,8.548183726526958,8.114171028137207,8.491573826418946,19664505
MGLU3,2025-10-14,8.284001350402832,8.30287163129993,7.9820787456282885,8.048124256373375,14808465
MGLU3,2025-10-15,8.406658172607422,8.604794715891082,8.227390966483533,8.246261248432866,23188515
MGLU3,2025-10-16,7.736766815185547,8.35948280249764,7.651851020206387,8.35948280249764,40883535
MGLU3,2025-10-17,7.925468921661377,7.972644151949453,7.519760240562789,7.632980509817315,28614600
MGLU3,2025-10-20,7.8688578605651855,8.07642905704329,7.8688578605651855,8.029253828061425,12841500
MGLU3,2025-10-21,7.887727737426758,8.038689510752114,7.802812418998699,7.840552508033975,13804140
MGLU3,2025-10-22,7.8688578605651855,7.963209263318409,7.812247491307998,7.963209263318409,13535340
MGLU3,2025-10-23,7.425409317016602,8.048124341667577,7.095180815001887,8.000949111319624,50576925
MGLU3,2025-10-24,7.623546123504639,7.755636670530435,7.5008892995953165,7.585805089907022,23449125
MGLU3,2025-10-27,8.038689613342285,8.08586484333712,7.7839417652280005,7.7839417652280005,22558830
MGLU3,2025-10-28,8.170781135559082,8.227391037103432,7.87829318001818,8.029254492119065,11424210
MGLU3,2025-10-29,8.048124313354492,8.32174197111537,8.029254032323792,8.180215335779877,13356210
MGLU3,2025-10-30,8.019819259643555,8.151910280346781,7.783941694624609,7.859422817763313,15100050
MGLU3,2025-10-31,7.991513252258301,8.114170548006587,7.812247476935955,8.095299322701166,14380065
MGLU3,2025-11-03,7.8688578605651855,8.114170562934072,7.821682631583321,8.010384492300274,11489310
MGLU3,2025-11-04,7.906598091125488,7.925468844409443,7.736766507912199,7.783941737740443,7011585
MGLU3,2025-11-05,8.246260643005371,8.246260643005371,7.793376743840075,7.906597954828773,15467235
MGLU3,2025-11-06,7.538629531860352,8.161345969189222,7.519760195689337,8.151910356314202,21751275
MGLU3,2025-11-07,7.6801557540893555,7.972644166465978,7.519760254254706,7.576370625182425,27718425
MGLU3,2025-11-10,7.944338321685791,8.01038477836644,7.623546375237217,7.8311171067333225,16046625
MGLU3,2025-11-11,8.576488494873047,8.699145795280485,8.0292541182823,8.0292541182823,29114505
MGLU3,2025-11-12,8.633099555969238,8.661405450925878,8.340612551470524,8.538749092219245,15031275
MGLU3,2025-11-13,8.54818344116211,8.80293081751254,8.434962699936202,8.63309923327892,15416205
MGLU3,2025-11-14,9.048243522644043,9.180334544827085,8.463268590923635,8.491573540022996,25073685
MGLU3,2025-11-17,8.614230155944824,9.180334823876729,8.585924261195547,9.133158647557783,17720430
MGLU3,2025-11-18,8.93502140045166,9.001067853108248,8.368917722154546,8.397221725082565,18369015
MGLU3,2025-11-19,8.80293083190918,9.029373259520845,8.80293083190918,8.906716905198296,16938915
MGLU3,2025-11-21,9.085983276367188,9.09541888940176,8.68027459082933,8.755755715947782,25141725
MGLU3,2025-11-24,9.340730667114258,9.604913660540712,8.991632825016962,9.010503106318104,27962445
MGLU3,2025-11-25,9.680394172668457,9.680394172668457,9.199205289764066,9.397341833031193,19989270
MGLU3,2025-11-26,9.538866996765137,9.765309422679461,9.406776920100254,9.62378278838432,18614715
MGLU3,2025-11-27,9.54830265045166,9.680393672471112,9.491691807533531,9.595477880488676,9577260
MGLU3,2025-11-28,9.699263572692871,9.840790202037715,9.463385542188306,9.623782451765093,15099000
MGLU3,2025-12-01,9.755874633789062,9.803049863039947,9.576607439930406,9.737004353130809,10236765
MGLU3,2025-12-02,9.991751670837402,9.991751670837402,9.718133075166117,9.8219191458309,17682945
MGLU3,2025-12-03,10.60503101348877,10.60503101348877,10.010621403926566,10.010621403926566,23710785
MGLU3,2025-12-04,10.991869926452637,11.274922245209039,10.54842164015709,10.680512659257444,57664110
MGLU3,2025-12-05,9.916271209716797,11.142831969332084,9.699264386036285,10.963564764490684,41284425
MGLU3,2025-12-08,9.944576263427734,10.35971864905989,9.869094197767339,10.161582123957938,26651520
MGLU3,2025-12-09,9.453951835632324,9.812484326291873,9.34073015404454,9.765309098025035,28289415
MGLU3,2025-12-10,9.425646781921387,9.586043706054708,9.331296316988537,9.548303142165743,18250260
MGLU3,2025-12-11,9.03880786895752,9.670958027920365,9.019937588046604,9.350166086803346,25851525
MGLU3,2025-12-12,9.31242561340332,9.435081968094138,9.057678235871402,9.133158415442237,19101705
MGLU3,2025-12-15,9.284119606018066,9.586043154983601,9.274684937982975,9.48225708265006,18610200
MGLU3,2025-12-16,8.963327407836914,9.265249058535124,8.859541338489992,9.161463933977684,15605520
MGLU3,2025-12-17,8.680274963378906,8.868976839484423,8.567055160420995,8.868976839484423,15643110
MGLU3,2025-12-18,8.82180118560791,8.850107079785973,8.623663705519574,8.642534931497964,15603315
MGLU3,2025-12-19,8.727449417114258,8.91615222116397,8.708580081498772,8.7934958709264,14208075
MGLU3,2025-12-22,8.482137680053711,8.774625609788782,8.453832731778846,8.746320661513916,15214500
MGLU3,2025-12-23,8.765191078186035,8.850106869119854,8.585923883553804,8.595359496318396,14595210
MGLU3,2025-12-26,8.727449417114258,8.746320642308715,8.623663347281658,8.69914541369103,7410690
MGLU3,2025-12-29,8.82180118560791,8.916152591552244,8.651969599697637,8.765191286830836,9609180
MGLU3,2025-12-30,8.856711387634277,9.153916670664056,8.787363834683498,9.124196425797942,12866200
MGLU3,2026-01-02,8.747735977172852,9.03503417893951,8.648667240788697,8.955779567747983,11298000
MGLU3,2026-01-05,8.866618156433105,8.955779832860344,8.609040190040977,8.777456480005867,12352300
MGLU3,2026-01-06,9.064754486083984,9.302519266130554,8.916152325245688,8.916152325245688,14943300
MGLU3,2026-01-07,9.203451156616211,9.203451156616211,8.688296145098166,9.054848985644934,23440400
MGLU3,2026-01-08,9.134102821350098,9.361959589984128,9.134102821350098,9.134102821350098,12980200
MGLU3,2026-01-09,8.797270774841309,9.223265039384616,8.747736404231,9.163823605694338,22469000
MGLU3,2026-01-12,8.500065803527832,8.866618647643884,8.500065803527832,8.84680546555658,13347200
MGLU3,2026-01-13,8.123605728149414,8.470345383014937,7.975003558801077,8.470345383014937,28401800
MGLU3,2026-01-14,8.321742057800293,8.361369364940693,8.103792340922855,8.222674262344055,20752400
MGLU3,2026-01-15,8.658574104309082,9.015220791260507,8.321741542094722,8.321741542094722,28392200
MGLU3,2026-01-16,8.381183624267578,8.698202086435199,8.252394637814596,8.698202086435199,17107700
MGLU3,2026-01-19,8.28211498260498,8.420811033875403,8.22267449262448,8.351463480634969,9710200
MGLU3,2026-01-20,8.321742057800293,8.747736318151743,8.103792340922855,8.192954018186137,22970000
MGLU3,2026-01-21,8.727923393249512,8.747736575006712,8.430718108575071,8.579320278517514,16727100
MGLU3,2026-01-22,8.876524925231934,9.193543368879311,8.747735946302814,8.76755007142552,24288200
MGLU3,2026-01-23,9.282705307006836,9.332239676436359,8.718015951963013,8.935966610579204,23389800
MGLU3,2026-01-26,9.381773948669434,9.490748804453778,9.15391622957007,9.322332517011924,18407500
MGLU3,2026-01-27,9.550189971923828,9.80776698254232,9.520468784522501,9.609630457147528,16735000
MGLU3,2026-01-28,9.986090660095215,9.986090660095215,9.589817596119019,9.649258083320694,20719000
MGLU3,2026-01-29,9.62944507598877,10.342736603995696,9.391680288530267,10.233761745636464,28116600
MGLU3,2026-01-30,9.698792457580566,9.906836052474103,9.49074886268703,9.49074886268703,19854300
MGLU3,2026-02-02,9.738419532775879,9.787953900820037,9.54028300538873,9.688885164731719,14726400
MGLU3,2026-02-03,10.025717735290527,10.174320839446809,9.877115575923735,9.976183367238434,22715700
MGLU3,2026-02-04,9.639350891113281,10.075252200424524,9.570003342045831,9.906835914298293,21355600
MGLU3,2026-02-05,9.560096740722656,9.847394958309847,9.560096740722656,9.688885727198231,13183300
MGLU3,2026-02-06,10.104972839355469,10.104972839355469,9.153916516546158,9.56009665377282,35563900
MGLU3,2026-02-09,10.867799758911133,10.867799758911133,9.95637073758317,10.164414339077368,23799100
MGLU3,2026-02-10,10.501246452331543,10.927239754402871,10.461619146446083,10.75882346819229,15416300
MGLU3,2026-02-11,10.996588706970215,11.056029195882962,10.620128812961175,10.719196609412268,16601200
MGLU3,2026-02-12,10.055438041687012,11.016401386722132,10.045531923845644,10.907426532151145,26023100
MGLU3,2026-02-13,10.134693145751953,10.263482131844452,9.678979580056321,9.797861503036426,19363800
MGLU3,2026-02-18,10.184226989746094,10.322923031776945,10.045531892504734,10.134692621535827,10535300
MGLU3,2026-02-19,10.481432914733887,10.729103826603382,10.154507386649316,10.194134694756853,15969100
MGLU3,2026-02-20,10.699382781982422,10.768730329789761,10.28329560555942,10.372457278334275,15490100
MGLU3,2026-02-23,10.273388862609863,10.768730664730626,10.223854493439886,10.600314376426406,17659300
MGLU3,2026-02-24,10.035625457763672,10.441805601878633,10.00590521289392,10.352643922479826,19247800
MGLU3,2026-02-25,9.40158748626709,10.174321403201853,9.32233287090807,10.154507276967328,25004500
MGLU3,2026-02-26,9.49074935913086,9.599724221284127,9.381774496977592,9.42140180546874,12048700
MGLU3,2026-02-27,9.26289176940918,9.560096084962412,9.26289176940918,9.391679802261192,11244700
MGLU3,2026-03-02,9.104381561279297,9.262891725557282,8.807177247133072,8.965686466621586,17947600
MGLU3,2026-03-03,8.916152954101562,9.084569252151091,8.470345495354398,8.757643719417198,23872900
MGLU3,2026-03-04,9.441214561462402,9.461028687209016,9.035034431551976,9.163823414536418,17524500
MGLU3,2026-03-05,9.074662208557129,9.500656486291655,9.04494196318645,9.371867496632623,20521200
MGLU3,2026-03-06,9.243078231811523,9.39168039903067,9.015221449436892,9.064754875316916,18677300
MGLU3,2026-03-09,9.43130874633789,9.43130874633789,9.064754966566955,9.134103464118251,16425800
MGLU3,2026-03-10,10.0455322265625,10.253575824132389,9.510563110638433,9.55019041756653,21417000
MGLU3,2026-03-11,9.946463584899902,10.21394861789357,9.867208970262416,9.90683627758116,13112300
MGLU3,2026-03-12,9.31242561340332,9.896929098067334,9.243078062609122,9.817674484362673,14948600
MGLU3,2026-03-13,9.252985000610352,10.233761540557827,9.06475458701063,9.411494225879903,37702000
MGLU3,2026-03-16,9.748327255249023,9.92665061436368,9.480842216577038,9.58981802260913,22733300
MGLU3,2026-03-17,8.955780029296875,9.837488805229597,8.955780029296875,9.787954434484694,22442400
MGLU3,2026-03-18,8.767550468444824,9.124196233698045,8.767550468444824,8.995407248937,23534100
MGLU3,2026-03-19,8.688295364379883,8.817083397094507,8.361368916999025,8.628853934458961,23104500
MGLU3,2026-03-20,8.262301445007324,8.698201816984595,8.192953894753773,8.688295698940884,28291600
MGLU3,2026-03-23,8.678388595581055,8.797270514656061,8.50006524457379,8.509972307360751,20111900
MGLU3,2026-03-24,8.609040260314941,8.727923126381356,8.430717850794371,8.599134142134012,19212700
MGLU3,2026-03-25,8.807177543640137,9.084568687083829,8.737829049187084,8.817083661599568,17871200
MGLU3,2026-03-26,8.361369132995605,8.817083624863415,8.361369132995605,8.648667337991213,15274300
MGLU3,2026-03-27,8.014630317687988,8.371276066556085,8.00472325513317,8.331648761126296,22237700
MGLU3,2026-03-30,7.925468921661377,8.242487376195186,7.846214308027925,8.232581258083144,17213200
MGLU3,2026-03-31,8.688295364379883,8.757642911963062,8.17313945436348,8.17313945436348,27630300
MGLU3,2026-04-01,8.757643699645996,8.935967060658106,8.63876177390111,8.727923454407165,19365500
MGLU3,2026-04-02,8.668481826782227,8.797270813012021,8.371276546620356,8.509972595973107,14359700
MGLU3,2026-04-06,8.737829208374023,8.916152561945582,8.579319980661314,8.718016027304696,13342900
MGLU3,2026-04-07,8.698202133178711,8.856711365114338,8.500065593259176,8.658574825194803,12038500
MGLU3,2026-04-08,8.866618156433105,9.431308458875774,8.866618156433105,9.252985106021297,18316300
MGLU3,2026-04-09,9.144009590148926,9.163823716548555,8.866618434080962,8.94587305010038,14711600
MGLU3,2026-04-10,9.064754486083984,9.38177387788291,8.945872568455448,9.262891960254375,13301800
MGLU3,2026-04-13,9.12419605255127,9.282705278405746,8.836897844492654,8.86661808814299,14389900
MGLU3,2026-04-14,9.163823127746582,9.3817737801908,9.074661454256242,9.21335749577338,13395600
MGLU3,2026-04-15,9.302519798278809,9.332240043188708,9.094476194330415,9.144009620917062,12868500
MGLU3,2026-04-16,9.163823127746582,9.352052592501028,9.094475579382756,9.352052592501028,12966700
MGLU3,2026-04-17,9.203451156616211,9.669072741003538,9.124196539459588,9.2926128371148,18950900
MGLU3,2026-04-20,9.26289176940918,9.322332254604035,9.035034056723626,9.18363715928972,14635000
MGLU3,2026-04-22,8.866618156433105,9.233170980242125,8.866618156433105,9.193543673473298,12795800
MGLU3,2026-04-23,8.569413185119629,8.935966966629591,8.54960000343208,8.896338713675389,12084000
MGLU3,2026-04-24,8.648667335510254,8.678388523624706,8.450530805361414,8.62885415489012,9917800
MGLU3,2026-04-27,8.529999732971191,8.770000457763672,8.470000267028809,8.6899995803833,8331300
MGLU3,2026-04-28,8.539999961853027,8.609999656677246,8.399999618530273,8.5,10183500
MGLU3,2026-04-29,8.079999923706055,8.579999923706055,8.079999923706055,8.529999732971191,14208700
MGLU3,2026-04-30,8.229999542236328,8.350000381469727,8.079999923706055,8.289999961853027,17525600
MGLU3,2026-05-04,8.0,8.34000015258789,7.989999771118164,8.25,14398300
MGLU3,2026-05-05,8.0,8.170000076293945,8.0,8.050000190734863,15252400
MGLU3,2026-05-06,8.029999732971191,8.319999694824219,8.020000457763672,8.220000267028809,11485200
MGLU3,2026-05-07,7.940000057220459,8.170000076293945,7.900000095367432,8.050000190734863,15526800
MGLU3,2026-05-08,7.150000095367432,7.849999904632568,7.150000095367432,7.599999904632568,35215100
MGLU3,2026-05-11,6.929999828338623,7.210000038146973,6.900000095367432,7.119999885559082,18515700
MGLU3,2026-05-12,7.159999847412109,7.199999809265137,6.800000190734863,6.929999828338623,17784300
MGLU3,2026-05-13,6.960000038146973,7.400000095367432,6.960000038146973,7.119999885559082,22615000
MGLU3,2026-05-14,6.909999847412109,7.130000114440918,6.829999923706055,7.090000152587891,20866400
MGLU3,2026-05-15,6.789999961853027,6.840000152587891,6.599999904632568,6.820000171661377,17594900
MGLU3,2026-05-18,6.610000133514404,6.989999771118164,6.610000133514404,6.829999923706055,18028200
MGLU3,2026-05-19,6.489999771118164,6.670000076293945,6.340000152587891,6.510000228881836,18272100
MGLU3,2026-05-20,6.730000019073486,6.800000190734863,6.489999771118164,6.53000020980835,21093700
MGLU3,2026-05-21,6.769999980926514,6.789999961853027,6.46999979019165,6.659999847412109,17378400
MGLU3,2026-05-22,6.630000114440918,6.880000114440918,6.610000133514404,6.699999809265137,13376800
MGLU3,2026-05-25,6.769999980926514,6.829999923706055,6.670000076293945,6.739999771118164,10045800
MGLU3,2026-05-26,6.650000095367432,6.78000020980835,6.550000190734863,6.769999980926514,10894700
MGLU3,2026-05-27,6.599999904632568,6.829999923706055,6.590000152587891,6.739999771118164,13503200
MGLU3,2026-05-28,6.349999904632568,6.710000038146973,6.349999904632568,6.650000095367432,17829300
MGLU3,2026-05-29,5.980000019073486,6.429999828338623,5.980000019073486,6.380000114440918,19948000
MGLU3,2026-06-01,5.820000171661377,6.070000171661377,5.760000228881836,5.980000019073486,19869200
MGLU3,2026-06-02,5.679999828338623,5.929999828338623,5.679999828338623,5.849999904632568,18461700
MGLU3,2026-06-03,5.340000152587891,5.550000190734863,5.320000171661377,5.550000190734863,23074300
MGLU3,2026-06-05,5.440000057220459,5.670000076293945,5.289999961853027,5.440000057220459,27759100
MGLU3,2026-06-08,5.340000152587891,5.539999961853027,5.340000152587891,5.449999809265137,17634500
MGLU3,2026-06-09,5.489999771118164,5.659999847412109,5.460000038146973,5.46999979019165,24632800
MGLU3,2026-06-10,5.119999885559082,5.46999979019165,5.119999885559082,5.460000038146973,23198500
MGLU3,2026-06-11,5.329999923706055,5.380000114440918,5.099999904632568,5.159999847412109,28878200
MGLU3,2026-06-12,5.21999979019165,5.440000057220459,5.190000057220459,5.230000019073486,16254200
MGLU3,2026-06-15,5.349999904632568,5.46999979019165,5.260000228881836,5.400000095367432,18145200
MGLU3,2026-06-16,5.0,5.300000190734863,4.989999771118164,5.289999961853027,25995600
MGLU3,2026-06-17,4.739999771118164,5.119999885559082,4.739999771118164,5.03000020980835,28655600
MGLU3,2026-06-18,4.5,4.800000190734863,4.46999979019165,4.78000020980835,30716200
MGLU3,2026-06-19,4.619999885559082,4.650000095367432,4.46999979019165,4.480000019073486,21086800
MGLU3,2026-06-22,4.659999847412109,4.840000152587891,4.559999942779541,4.630000114440918,21375500
MGLU3,2026-06-23,4.420000076293945,4.639999866485596,4.420000076293945,4.610000133514404,24418400
MGLU3,2026-06-24,4.360000133514404,4.480000019073486,4.300000190734863,4.380000114440918,21608000
MGLU3,2026-06-25,4.420000076293945,4.510000228881836,4.03000020980835,4.409999847412109,52346600
MGLU3,2026-06-26,4.440000057220459,4.570000171661377,4.329999923706055,4.389999866485596,25874600
MGLU3,2026-06-29,4.639999866485596,4.710000038146973,4.409999847412109,4.409999847412109,18574500
MGLU3,2026-06-30,4.679999828338623,4.739999771118164,4.460000038146973,4.590000152587891,18658400
MGLU3,2026-07-01,4.429999828338623,4.690000057220459,4.429999828338623,4.590000152587891,22221800
MGLU3,2026-07-02,4.269999980926514,4.590000152587891,4.269999980926514,4.489999771118164,27151900
MGLU3,2026-07-03,4.449999809265137,4.449999809265137,4.239999771118164,4.329999923706055,17028600
MGLU3,2026-07-06,4.349999904632568,4.460000038146973,4.329999923706055,4.369999885559082,12493700
MGLU3,2026-07-07,4.420000076293945,4.46999979019165,4.329999923706055,4.369999885559082,18384300
MGLU3,2026-07-08,4.510000228881836,4.510000228881836,4.289999961853027,4.380000114440918,17353000
MGLU3,2026-07-09,4.860000133514404,4.869999885559082,4.510000228881836,4.510000228881836,27558600
MGLU3,2026-07-10,5.21999979019165,5.300000190734863,5.079999923706055,5.119999885559082,33644300
MGLU3,2026-07-13,5.059999942779541,5.269999980926514,5.039999961853027,5.199999809265137,23814700
MGLU3,2026-07-14,5.050000190734863,5.190000057220459,4.889999866485596,5.110000133514404,19650300
MGLU3,2026-07-15,5.03000020980835,5.130000114440918,4.78000020980835,5.050000190734863,22240600
MGLU3,2026-07-16,4.920000076293945,5.059999942779541,4.889999866485596,4.989999771118164,14067000
MGLU3,2026-07-17,4.920000076293945,5.03000020980835,4.900000095367432,4.920000076293945,17597900
MGLU3,2026-07-20,4.860000133514404,4.980000019073486,4.820000171661377,4.920000076293945,12211600
MGLU3,2026-07-21,4.820000171661377,4.960000038146973,4.78000020980835,4.869999885559082,14370100
MGLU3,2026-07-22,4.909999847412109,4.980000019073486,4.739999771118164,4.820000171661377,19305400
MGLU3,2026-07-23,4.710000038146973,4.889999866485596,4.679999828338623,4.880000114440918,16771800
MGLU3,2026-07-24,4.650000095367432,4.739999771118164,4.559999942779541,4.679999828338623,15888900
MGLU3,2026-07-27,4.829999923706055,4.860000133514404,4.71999979019165,4.730000019073486,14777800
MGLU3,2026-07-28,4.829999923706055,5.039999961853027,4.829999923706055,4.989999771118164,15982700
MGLU3,2026-07-29,4.760000228881836,4.869999885559082,4.710000038146973,4.800000190734863,14347200
MGLU3,2026-07-30,5.019999980926514,5.019999980926514,4.789999961853027,4.809999942779541,16683500
MGLU3,2026-07-31,5.03000020980835,5.110000133514404,4.880000114440918,4.949999809265137,11796200
MGLU3,2026-08-03,5.159999847412109,5.199999809265137,5.019999980926514,5.090000152587891,17342500
MGLU3,2026-08-04,4.920000076293945,5.269999980926514,4.920000076293945,5.269999980926514,21388800
MGLU3,2026-08-05,4.789999961853027,5.019999980926514,4.78000020980835,4.940000057220459,19168400
MGLU3,2026-08-06,4.570000171661377,4.840000152587891,4.570000171661377,4.789999961853027,17887800
MGLU3,2026-08-07,4.400000095367432,4.510000228881836,4.159999847412109,4.489999771118164,32564400
MGLU3,2026-08-10,4.320000171661377,4.650000095367432,4.320000171661377,4.400000095367432,24329500
MGLU3,2026-08-11,4.260000228881836,4.460000038146973,4.230000019073486,4.320000171661377,20936000
MGLU3,2026-08-12,4.239999771118164,4.320000171661377,4.199999809265137,4.289999961853027,16877300
MGLU3,2026-08-13,3.9800000190734863,4.260000228881836,3.9800000190734863,4.25,23618300
MGLU3,2026-08-14,3.9100000858306885,4.010000228881836,3.759999990463257,3.9700000286102295,26559900
MGLU3,2026-08-17,4.230000019073486,4.25,3.9000000953674316,3.9100000858306885,29857700
MGLU3,2026-08-18,4.28000020980835,4.300000190734863,4.050000190734863,4.170000076293945,30713600
MGLU3,2026-08-19,4.050000190734863,4.429999828338623,4.050000190734863,4.349999904632568,26075900
MGLU3,2026-08-20,3.880000114440918,4.050000190734863,3.759999990463257,4.03000020980835,37102900
MGLU3,2026-08-21,4.159999847412109,4.210000038146973,3.950000047683716,3.950000047683716,34903700
MGLU3,2026-08-24,4.159999847412109,4.309999942779541,4.039999961853027,4.119999885559082,19693300
MGLU3,2026-08-25,4.539999961853027,4.590000152587891,4.079999923706055,4.159999847412109,30162500
MGLU3,2026-08-26,4.710000038146973,4.75,4.5,4.510000228881836,19080700
MGLU3,2026-08-27,4.840000152587891,4.860000133514404,4.650000095367432,4.650000095367432,17263100
MGLU3,2026-08-28,4.619999885559082,4.900000095367432,4.5,4.849999904632568,23096000
MGLU3,2026-08-31,4.809999942779541,4.900000095367432,4.650000095367432,4.679999828338623,25643500
MGLU3,2026-09-01,4.619999885559082,4.989999771118164,4.599999904632568,4.849999904632568,28276800
MGLU3,2026-09-02,5.400000095367432,5.75,4.670000076293945,4.75,65931300
MGLU3,2026-09-03,5.559999942779541,5.880000114440918,5.5,5.710000038146973,41714000
MGLU3,2026-09-04,5.789999961853027,5.869999885559082,5.480000019073486,5.519999980926514,31939100
MGLU3,2026-09-08,5.829999923706055,6.150000095367432,5.800000190734863,5.96999979019165,30332900
MGLU3,2026-09-09,5.570000171661377,5.829999923706055,5.570000171661377,5.829999923706055,29970400
MGLU3,2026-09-10,5.940000057220459,5.940000057220459,5.409999847412109,5.5,33953500
MGLU3,2026-09-11,5.760000228881836,6.019999980926514,5.699999809265137,5.869999885559082,23852200
MGLU3,2026-09-14,5.570000171661377,5.710000038146973,5.53000020980835,5.599999904632568,18596800
MGLU3,2026-09-15,5.570000171661377,5.690000057220459,5.449999809265137,5.630000114440918,19232000
MGLU3,2026-09-16,5.940000057220459,5.96999979019165,5.53000020980835,5.570000171661377,29986100
MGLU3,2026-09-17,5.789999961853027,6.050000190734863,5.679999828338623,5.980000019073486,29045700
MGLU3,2026-09-18,5.849999904632568,5.929999828338623,5.590000152587891,5.869999885559082,24875900
MGLU3,2026-09-21,5.980000019073486,6.079999923706055,5.869999885559082,5.96999979019165,22162400
MGLU3,2026-09-22,5.900000095367432,6.019999980926514,5.78000020980835,5.929999828338623,20617100
MGLU3,2026-09-23,6.119999885559082,6.289999961853027,5.78000020980835,5.809999942779541,37917600
MGLU3,2026-09-24,6.300000190734863,6.300000190734863,5.949999809265137,6.130000114440918,32722700
MGLU3,2026-09-25,6.760000228881836,6.760000228881836,6.21999979019165,6.269999980926514,40065400
MGLU3,2026-09-28,6.599999904632568,7.150000095367432,6.53000020980835,6.650000095367432,46568300
MGLU3,2026-09-29,6.630000114440918,6.760000228881836,6.519999980926514,6.639999866485596,35346000
MGLU3,2026-09-30,7.460000038146973,7.460000038146973,6.730000019073486,6.909999847412109,48754200
MGLU3,2026-10-01,7.630000114440918,7.639999866485596,7.25,7.400000095367432,32439900
MGLU3,2026-10-02,7.610000133514404,7.809999942779541,7.329999923706055,7.769999980926514,41637200
MGLU3,2026-10-05,9.449999809265137,9.789999961853027,8.430000305175781,8.430000305175781,65568900
MGLU3,2026-10-06,9.239999771118164,9.920000076293945,9.199999809265137,9.510000228881836,47644200
MGLU3,2026-10-07,9.710000038146973,10.079999923706055,9.199999809265137,9.229999542236328,51155600
MGLU3,2026-10-08,10.25,10.829999923706055,9.600000381469727,9.75,56420800
MGLU3,2026-10-09,12.220000267028809,12.449999809265137,10.359999656677246,10.550000190734863,77512100
